ACIS data in IGES format                                                S      1
1H,,1H;,22Hsent system id unknown,7HUnknown,4HACIS,17H*IGES writer V5.2,G      1
32,308,15,308,15,26Hreceived system id unknown,1.,2,2HMM,2,1.,15H2022032G      2
5.133743,0.002,2886.7513459481,14Hunknown author,20Hunknown organizationG      3
,10,0,15H20220325.133743;                                               G      4
     128       1       0       1       0       0       0       000010001D      1
     128       0       4      15       3                               0D      2
     126      16       0       1       0       0       0       000010001D      3
     126       0       4       3       0                               0D      4
     126      19       0       1       0       0       0       000010001D      5
     126       0       4       6       0                               0D      6
     126      25       0       1       0       0       0       000010001D      7
     126       0       4       4       0                               0D      8
     126      29       0       1       0       0       0       000010001D      9
     126       0       4       6       0                               0D     10
     141      35       0       1       0       0       0       000010501D     11
     141       0       4       1       0                               0D     12
     143      36       0       1       0       0       0       000000001D     13
     143       0       4       1       0                               0D     14
     128      37       0       1       0       0       0       000010001D     15
     128       0       4      16       2                               0D     16
     126      53       0       1       0       0       0       000010001D     17
     126       0       4       2       0                               0D     18
     126      55       0       1       0       0       0       000010001D     19
     126       0       4       6       0                               0D     20
     126      61       0       1       0       0       0       000010001D     21
     126       0       4       3       0                               0D     22
     126      64       0       1       0       0       0       000010001D     23
     126       0       4       5       0                               0D     24
     141      69       0       1       0       0       0       000010501D     25
     141       0       4       1       0                               0D     26
     143      70       0       1       0       0       0       000000001D     27
     143       0       4       1       0                               0D     28
     128      71       0       1       0       0       0       000010001D     29
     128       0       4      44       4                               0D     30
     126     115       0       1       0       0       0       000010001D     31
     126       0       4       7       0                               0D     32
     126     122       0       1       0       0       0       000010001D     33
     126       0       4       7       0                               0D     34
     126     129       0       1       0       0       0       000010001D     35
     126       0       4       7       0                               0D     36
     126     136       0       1       0       0       0       000010001D     37
     126       0       4       7       0                               0D     38
     126     143       0       1       0       0       0       000010001D     39
     126       0       4       7       0                               0D     40
     126     150       0       1       0       0       0       000010001D     41
     126       0       4       7       0                               0D     42
     141     157       0       1       0       0       0       000010501D     43
     141       0       4       1       0                               0D     44
     143     158       0       1       0       0       0       000000001D     45
     143       0       4       1       0                               0D     46
     128     159       0       1       0       0       0       000010001D     47
     128       0       4      44       4                               0D     48
     126     203       0       1       0       0       0       000010001D     49
     126       0       4       7       0                               0D     50
     126     210       0       1       0       0       0       000010001D     51
     126       0       4       7       0                               0D     52
     126     217       0       1       0       0       0       000010001D     53
     126       0       4       7       0                               0D     54
     126     224       0       1       0       0       0       000010001D     55
     126       0       4       7       0                               0D     56
     126     231       0       1       0       0       0       000010001D     57
     126       0       4       7       0                               0D     58
     126     238       0       1       0       0       0       000010001D     59
     126       0       4       7       0                               0D     60
     141     245       0       1       0       0       0       000010501D     61
     141       0       4       1       0                               0D     62
     143     246       0       1       0       0       0       000000001D     63
     143       0       4       1       0                               0D     64
     128     247       0       1       0       0       0       000010001D     65
     128       0       4      44       4                               0D     66
     126     291       0       1       0       0       0       000010001D     67
     126       0       4       7       0                               0D     68
     126     298       0       1       0       0       0       000010001D     69
     126       0       4       7       0                               0D     70
     126     305       0       1       0       0       0       000010001D     71
     126       0       4       7       0                               0D     72
     126     312       0       1       0       0       0       000010001D     73
     126       0       4       7       0                               0D     74
     126     319       0       1       0       0       0       000010001D     75
     126       0       4       7       0                               0D     76
     126     326       0       1       0       0       0       000010001D     77
     126       0       4       7       0                               0D     78
     141     333       0       1       0       0       0       000010501D     79
     141       0       4       1       0                               0D     80
     143     334       0       1       0       0       0       000000001D     81
     143       0       4       1       0                               0D     82
     128     335       0       1       0       0       0       000010001D     83
     128       0       4      44       4                               0D     84
     126     379       0       1       0       0       0       000010001D     85
     126       0       4       7       0                               0D     86
     126     386       0       1       0       0       0       000010001D     87
     126       0       4       7       0                               0D     88
     126     393       0       1       0       0       0       000010001D     89
     126       0       4       7       0                               0D     90
     126     400       0       1       0       0       0       000010001D     91
     126       0       4       7       0                               0D     92
     126     407       0       1       0       0       0       000010001D     93
     126       0       4       7       0                               0D     94
     126     414       0       1       0       0       0       000010001D     95
     126       0       4       7       0                               0D     96
     141     421       0       1       0       0       0       000010501D     97
     141       0       4       1       0                               0D     98
     143     422       0       1       0       0       0       000000001D     99
     143       0       4       1       0                               0D    100
     128     423       0       1       0       0       0       000010001D    101
     128       0       4      44       4                               0D    102
     126     467       0       1       0       0       0       000010001D    103
     126       0       4       8       0                               0D    104
     126     475       0       1       0       0       0       000010001D    105
     126       0       4       7       0                               0D    106
     126     482       0       1       0       0       0       000010001D    107
     126       0       4       7       0                               0D    108
     126     489       0       1       0       0       0       000010001D    109
     126       0       4       7       0                               0D    110
     126     496       0       1       0       0       0       000010001D    111
     126       0       4       7       0                               0D    112
     126     503       0       1       0       0       0       000010001D    113
     126       0       4       7       0                               0D    114
     141     510       0       1       0       0       0       000010501D    115
     141       0       4       1       0                               0D    116
     143     511       0       1       0       0       0       000000001D    117
     143       0       4       1       0                               0D    118
     128     512       0       1       0       0       0       000010001D    119
     128       0       4      24       4                               0D    120
     126     536       0       1       0       0       0       000010001D    121
     126       0       4       6       0                               0D    122
     126     542       0       1       0       0       0       000010001D    123
     126       0       4       6       0                               0D    124
     126     548       0       1       0       0       0       000010001D    125
     126       0       4       5       0                               0D    126
     126     553       0       1       0       0       0       000010001D    127
     126       0       4       5       0                               0D    128
     126     558       0       1       0       0       0       000010001D    129
     126       0       4       5       0                               0D    130
     126     563       0       1       0       0       0       000010001D    131
     126       0       4       5       0                               0D    132
     141     568       0       1       0       0       0       000010501D    133
     141       0       4       1       0                               0D    134
     143     569       0       1       0       0       0       000000001D    135
     143       0       4       1       0                               0D    136
     128     570       0       1       0       0       0       000010001D    137
     128       0       4      44       4                               0D    138
     126     614       0       1       0       0       0       000010001D    139
     126       0       4       7       0                               0D    140
     126     621       0       1       0       0       0       000010001D    141
     126       0       4       7       0                               0D    142
     126     628       0       1       0       0       0       000010001D    143
     126       0       4       7       0                               0D    144
     126     635       0       1       0       0       0       000010001D    145
     126       0       4       7       0                               0D    146
     126     642       0       1       0       0       0       000010001D    147
     126       0       4       7       0                               0D    148
     126     649       0       1       0       0       0       000010001D    149
     126       0       4       7       0                               0D    150
     141     656       0       1       0       0       0       000010501D    151
     141       0       4       1       0                               0D    152
     143     657       0       1       0       0       0       000000001D    153
     143       0       4       1       0                               0D    154
     128     658       0       1       0       0       0       000010001D    155
     128       0       4      44       4                               0D    156
     126     702       0       1       0       0       0       000010001D    157
     126       0       4       7       0                               0D    158
     126     709       0       1       0       0       0       000010001D    159
     126       0       4       7       0                               0D    160
     126     716       0       1       0       0       0       000010001D    161
     126       0       4       7       0                               0D    162
     126     723       0       1       0       0       0       000010001D    163
     126       0       4       7       0                               0D    164
     126     730       0       1       0       0       0       000010001D    165
     126       0       4       7       0                               0D    166
     126     737       0       1       0       0       0       000010001D    167
     126       0       4       7       0                               0D    168
     141     744       0       1       0       0       0       000010501D    169
     141       0       4       1       0                               0D    170
     143     745       0       1       0       0       0       000000001D    171
     143       0       4       1       0                               0D    172
     128     746       0       1       0       0       0       000010001D    173
     128       0       4      44       4                               0D    174
     126     790       0       1       0       0       0       000010001D    175
     126       0       4       7       0                               0D    176
     126     797       0       1       0       0       0       000010001D    177
     126       0       4       7       0                               0D    178
     126     804       0       1       0       0       0       000010001D    179
     126       0       4       7       0                               0D    180
     126     811       0       1       0       0       0       000010001D    181
     126       0       4       7       0                               0D    182
     126     818       0       1       0       0       0       000010001D    183
     126       0       4       7       0                               0D    184
     126     825       0       1       0       0       0       000010001D    185
     126       0       4       7       0                               0D    186
     141     832       0       1       0       0       0       000010501D    187
     141       0       4       1       0                               0D    188
     143     833       0       1       0       0       0       000000001D    189
     143       0       4       1       0                               0D    190
     128     834       0       1       0       0       0       000010001D    191
     128       0       4      44       4                               0D    192
     126     878       0       1       0       0       0       000010001D    193
     126       0       4       7       0                               0D    194
     126     885       0       1       0       0       0       000010001D    195
     126       0       4       7       0                               0D    196
     126     892       0       1       0       0       0       000010001D    197
     126       0       4       7       0                               0D    198
     126     899       0       1       0       0       0       000010001D    199
     126       0       4       7       0                               0D    200
     126     906       0       1       0       0       0       000010001D    201
     126       0       4       7       0                               0D    202
     126     913       0       1       0       0       0       000010001D    203
     126       0       4       7       0                               0D    204
     141     920       0       1       0       0       0       000010501D    205
     141       0       4       1       0                               0D    206
     143     921       0       1       0       0       0       000000001D    207
     143       0       4       1       0                               0D    208
     128     922       0       1       0       0       0       000010001D    209
     128       0       4      44       4                               0D    210
     126     966       0       1       0       0       0       000010001D    211
     126       0       4       7       0                               0D    212
     126     973       0       1       0       0       0       000010001D    213
     126       0       4       7       0                               0D    214
     126     980       0       1       0       0       0       000010001D    215
     126       0       4       7       0                               0D    216
     126     987       0       1       0       0       0       000010001D    217
     126       0       4       7       0                               0D    218
     126     994       0       1       0       0       0       000010001D    219
     126       0       4       7       0                               0D    220
     126    1001       0       1       0       0       0       000010001D    221
     126       0       4       7       0                               0D    222
     141    1008       0       1       0       0       0       000010501D    223
     141       0       4       1       0                               0D    224
     143    1009       0       1       0       0       0       000000001D    225
     143       0       4       1       0                               0D    226
     128    1010       0       1       0       0       0       000010001D    227
     128       0       4      42       5                               0D    228
     126    1052       0       1       0       0       0       000010001D    229
     126       0       4       6       0                               0D    230
     126    1058       0       1       0       0       0       000010001D    231
     126       0       4       5       0                               0D    232
     126    1063       0       1       0       0       0       000010001D    233
     126       0       4       6       0                               0D    234
     126    1069       0       1       0       0       0       000010001D    235
     126       0       4       6       0                               0D    236
     141    1075       0       1       0       0       0       000010501D    237
     141       0       4       1       0                               0D    238
     143    1076       0       1       0       0       0       000000001D    239
     143       0       4       1       0                               0D    240
     128    1077       0       1       0       0       0       000010001D    241
     128       0       4      16       2                               0D    242
     126    1093       0       1       0       0       0       000010001D    243
     126       0       4       2       0                               0D    244
     126    1095       0       1       0       0       0       000010001D    245
     126       0       4       5       0                               0D    246
     126    1100       0       1       0       0       0       000010001D    247
     126       0       4       2       0                               0D    248
     126    1102       0       1       0       0       0       000010001D    249
     126       0       4       5       0                               0D    250
     141    1107       0       1       0       0       0       000010501D    251
     141       0       4       1       0                               0D    252
     143    1108       0       1       0       0       0       000000001D    253
     143       0       4       1       0                               0D    254
     128    1109       0       1       0       0       0       000010001D    255
     128       0       4      30       5                               0D    256
     126    1139       0       1       0       0       0       000010001D    257
     126       0       4       5       0                               0D    258
     126    1144       0       1       0       0       0       000010001D    259
     126       0       4       5       0                               0D    260
     126    1149       0       1       0       0       0       000010001D    261
     126       0       4       5       0                               0D    262
     126    1154       0       1       0       0       0       000010001D    263
     126       0       4       5       0                               0D    264
     141    1159       0       1       0       0       0       000010501D    265
     141       0       4       1       0                               0D    266
     143    1160       0       1       0       0       0       000000001D    267
     143       0       4       1       0                               0D    268
     128    1161       0       1       0       0       0       000010001D    269
     128       0       4      18       2                               0D    270
     126    1179       0       1       0       0       0       000010001D    271
     126       0       4       4       0                               0D    272
     126    1183       0       1       0       0       0       000010001D    273
     126       0       4       5       0                               0D    274
     126    1188       0       1       0       0       0       000010001D    275
     126       0       4       4       0                               0D    276
     126    1192       0       1       0       0       0       000010001D    277
     126       0       4       6       0                               0D    278
     126    1198       0       1       0       0       0       000010001D    279
     126       0       4       7       0                               0D    280
     126    1205       0       1       0       0       0       000010001D    281
     126       0       4       7       0                               0D    282
     126    1212       0       1       0       0       0       000010001D    283
     126       0       4       7       0                               0D    284
     126    1219       0       1       0       0       0       000010001D    285
     126       0       4       7       0                               0D    286
     126    1226       0       1       0       0       0       000010001D    287
     126       0       4       7       0                               0D    288
     126    1233       0       1       0       0       0       000010001D    289
     126       0       4       5       0                               0D    290
     141    1238       0       1       0       0       0       000010501D    291
     141       0       4       2       0                               0D    292
     143    1240       0       1       0       0       0       000000001D    293
     143       0       4       1       0                               0D    294
     128    1241       0       1       0       0       0       000010001D    295
     128       0       4      15       5                               0D    296
     126    1256       0       1       0       0       0       000010001D    297
     126       0       4       4       0                               0D    298
     126    1260       0       1       0       0       0       000010001D    299
     126       0       4       5       0                               0D    300
     126    1265       0       1       0       0       0       000010001D    301
     126       0       4       4       0                               0D    302
     126    1269       0       1       0       0       0       000010001D    303
     126       0       4       7       0                               0D    304
     141    1276       0       1       0       0       0       000010501D    305
     141       0       4       1       0                               0D    306
     143    1277       0       1       0       0       0       000000001D    307
     143       0       4       1       0                               0D    308
     128    1278       0       1       0       0       0       000010001D    309
     128       0       4      21       2                               0D    310
     126    1299       0       1       0       0       0       000010001D    311
     126       0       4       4       0                               0D    312
     126    1303       0       1       0       0       0       000010001D    313
     126       0       4       4       0                               0D    314
     126    1307       0       1       0       0       0       000010001D    315
     126       0       4       7       0                               0D    316
     126    1314       0       1       0       0       0       000010001D    317
     126       0       4       6       0                               0D    318
     126    1320       0       1       0       0       0       000010001D    319
     126       0       4       6       0                               0D    320
     126    1326       0       1       0       0       0       000010001D    321
     126       0       4       7       0                               0D    322
     126    1333       0       1       0       0       0       000010001D    323
     126       0       4       7       0                               0D    324
     126    1340       0       1       0       0       0       000010001D    325
     126       0       4       6       0                               0D    326
     126    1346       0       1       0       0       0       000010001D    327
     126       0       4       3       0                               0D    328
     126    1349       0       1       0       0       0       000010001D    329
     126       0       4       7       0                               0D    330
     141    1356       0       1       0       0       0       000010501D    331
     141       0       4       2       0                               0D    332
     143    1358       0       1       0       0       0       000000001D    333
     143       0       4       1       0                               0D    334
     128    1359       0       1       0       0       0       000010001D    335
     128       0       4      17       2                               0D    336
     126    1376       0       1       0       0       0       000010001D    337
     126       0       4       3       0                               0D    338
     126    1379       0       1       0       0       0       000010001D    339
     126       0       4       6       0                               0D    340
     126    1385       0       1       0       0       0       000010001D    341
     126       0       4       2       0                               0D    342
     126    1387       0       1       0       0       0       000010001D    343
     126       0       4       6       0                               0D    344
     141    1393       0       1       0       0       0       000010501D    345
     141       0       4       1       0                               0D    346
     143    1394       0       1       0       0       0       000000001D    347
     143       0       4       1       0                               0D    348
     128    1395       0       1       0       0       0       000010001D    349
     128       0       4      17       2                               0D    350
     126    1412       0       1       0       0       0       000010001D    351
     126       0       4       3       0                               0D    352
     126    1415       0       1       0       0       0       000010001D    353
     126       0       4       6       0                               0D    354
     126    1421       0       1       0       0       0       000010001D    355
     126       0       4       3       0                               0D    356
     126    1424       0       1       0       0       0       000010001D    357
     126       0       4       6       0                               0D    358
     141    1430       0       1       0       0       0       000010501D    359
     141       0       4       1       0                               0D    360
     143    1431       0       1       0       0       0       000000001D    361
     143       0       4       1       0                               0D    362
     128    1432       0       1       0       0       0       000010001D    363
     128       0       4      17       5                               0D    364
     126    1449       0       1       0       0       0       000010001D    365
     126       0       4       6       0                               0D    366
     126    1455       0       1       0       0       0       000010001D    367
     126       0       4       7       0                               0D    368
     126    1462       0       1       0       0       0       000010001D    369
     126       0       4       7       0                               0D    370
     126    1469       0       1       0       0       0       000010001D    371
     126       0       4       7       0                               0D    372
     141    1476       0       1       0       0       0       000010501D    373
     141       0       4       1       0                               0D    374
     143    1477       0       1       0       0       0       000000001D    375
     143       0       4       1       0                               0D    376
     128    1478       0       1       0       0       0       000010001D    377
     128       0       4      14       5                               0D    378
     126    1492       0       1       0       0       0       000010001D    379
     126       0       4       4       0                               0D    380
     126    1496       0       1       0       0       0       000010001D    381
     126       0       4       7       0                               0D    382
     126    1503       0       1       0       0       0       000010001D    383
     126       0       4       5       0                               0D    384
     126    1508       0       1       0       0       0       000010001D    385
     126       0       4       5       0                               0D    386
     141    1513       0       1       0       0       0       000010501D    387
     141       0       4       1       0                               0D    388
     143    1514       0       1       0       0       0       000000001D    389
     143       0       4       1       0                               0D    390
     128    1515       0       1       0       0       0       000010001D    391
     128       0       4      13       5                               0D    392
     126    1528       0       1       0       0       0       000010001D    393
     126       0       4       6       0                               0D    394
     126    1534       0       1       0       0       0       000010001D    395
     126       0       4       6       0                               0D    396
     126    1540       0       1       0       0       0       000010001D    397
     126       0       4       7       0                               0D    398
     126    1547       0       1       0       0       0       000010001D    399
     126       0       4       7       0                               0D    400
     141    1554       0       1       0       0       0       000010501D    401
     141       0       4       1       0                               0D    402
     143    1555       0       1       0       0       0       000000001D    403
     143       0       4       1       0                               0D    404
     128    1556       0       1       0       0       0       000010001D    405
     128       0       4      13       5                               0D    406
     126    1569       0       1       0       0       0       000010001D    407
     126       0       4       6       0                               0D    408
     126    1575       0       1       0       0       0       000010001D    409
     126       0       4       7       0                               0D    410
     126    1582       0       1       0       0       0       000010001D    411
     126       0       4       7       0                               0D    412
     126    1589       0       1       0       0       0       000010001D    413
     126       0       4       6       0                               0D    414
     141    1595       0       1       0       0       0       000010501D    415
     141       0       4       1       0                               0D    416
     143    1596       0       1       0       0       0       000000001D    417
     143       0       4       1       0                               0D    418
     128    1597       0       1       0       0       0       000010001D    419
     128       0       4      13       5                               0D    420
     126    1610       0       1       0       0       0       000010001D    421
     126       0       4       6       0                               0D    422
     126    1616       0       1       0       0       0       000010001D    423
     126       0       4       7       0                               0D    424
     126    1623       0       1       0       0       0       000010001D    425
     126       0       4       7       0                               0D    426
     126    1630       0       1       0       0       0       000010001D    427
     126       0       4       6       0                               0D    428
     141    1636       0       1       0       0       0       000010501D    429
     141       0       4       1       0                               0D    430
     143    1637       0       1       0       0       0       000000001D    431
     143       0       4       1       0                               0D    432
     128    1638       0       1       0       0       0       000010001D    433
     128       0       4      17       5                               0D    434
     126    1655       0       1       0       0       0       000010001D    435
     126       0       4       6       0                               0D    436
     126    1661       0       1       0       0       0       000010001D    437
     126       0       4       7       0                               0D    438
     126    1668       0       1       0       0       0       000010001D    439
     126       0       4       7       0                               0D    440
     126    1675       0       1       0       0       0       000010001D    441
     126       0       4       7       0                               0D    442
     141    1682       0       1       0       0       0       000010501D    443
     141       0       4       1       0                               0D    444
     143    1683       0       1       0       0       0       000000001D    445
     143       0       4       1       0                               0D    446
     128    1684       0       1       0       0       0       000010001D    447
     128       0       4      17       5                               0D    448
     126    1701       0       1       0       0       0       000010001D    449
     126       0       4       6       0                               0D    450
     126    1707       0       1       0       0       0       000010001D    451
     126       0       4       7       0                               0D    452
     126    1714       0       1       0       0       0       000010001D    453
     126       0       4       7       0                               0D    454
     126    1721       0       1       0       0       0       000010001D    455
     126       0       4       7       0                               0D    456
     141    1728       0       1       0       0       0       000010501D    457
     141       0       4       1       0                               0D    458
     143    1729       0       1       0       0       0       000000001D    459
     143       0       4       1       0                               0D    460
     128    1730       0       1       0       0       0       000010001D    461
     128       0       4      13       5                               0D    462
     126    1743       0       1       0       0       0       000010001D    463
     126       0       4       6       0                               0D    464
     126    1749       0       1       0       0       0       000010001D    465
     126       0       4       7       0                               0D    466
     126    1756       0       1       0       0       0       000010001D    467
     126       0       4       6       0                               0D    468
     126    1762       0       1       0       0       0       000010001D    469
     126       0       4       6       0                               0D    470
     126    1768       0       1       0       0       0       000010001D    471
     126       0       4       7       0                               0D    472
     141    1775       0       1       0       0       0       000010501D    473
     141       0       4       1       0                               0D    474
     143    1776       0       1       0       0       0       000000001D    475
     143       0       4       1       0                               0D    476
     128    1777       0       1       0       0       0       000010001D    477
     128       0       4      17       5                               0D    478
     126    1794       0       1       0       0       0       000010001D    479
     126       0       4       6       0                               0D    480
     126    1800       0       1       0       0       0       000010001D    481
     126       0       4       7       0                               0D    482
     126    1807       0       1       0       0       0       000010001D    483
     126       0       4       7       0                               0D    484
     126    1814       0       1       0       0       0       000010001D    485
     126       0       4       7       0                               0D    486
     141    1821       0       1       0       0       0       000010501D    487
     141       0       4       1       0                               0D    488
     143    1822       0       1       0       0       0       000000001D    489
     143       0       4       1       0                               0D    490
     128    1823       0       1       0       0       0       000010001D    491
     128       0       4      17       5                               0D    492
     126    1840       0       1       0       0       0       000010001D    493
     126       0       4       6       0                               0D    494
     126    1846       0       1       0       0       0       000010001D    495
     126       0       4       7       0                               0D    496
     126    1853       0       1       0       0       0       000010001D    497
     126       0       4       7       0                               0D    498
     126    1860       0       1       0       0       0       000010001D    499
     126       0       4       7       0                               0D    500
     141    1867       0       1       0       0       0       000010501D    501
     141       0       4       1       0                               0D    502
     143    1868       0       1       0       0       0       000000001D    503
     143       0       4       1       0                               0D    504
     128    1869       0       1       0       0       0       000010001D    505
     128       0       4      13       5                               0D    506
     126    1882       0       1       0       0       0       000010001D    507
     126       0       4       5       0                               0D    508
     126    1887       0       1       0       0       0       000010001D    509
     126       0       4       7       0                               0D    510
     126    1894       0       1       0       0       0       000010001D    511
     126       0       4       7       0                               0D    512
     126    1901       0       1       0       0       0       000010001D    513
     126       0       4       6       0                               0D    514
     141    1907       0       1       0       0       0       000010501D    515
     141       0       4       1       0                               0D    516
     143    1908       0       1       0       0       0       000000001D    517
     143       0       4       1       0                               0D    518
     128    1909       0       1       0       0       0       000010001D    519
     128       0       4      13       5                               0D    520
     126    1922       0       1       0       0       0       000010001D    521
     126       0       4       6       0                               0D    522
     126    1928       0       1       0       0       0       000010001D    523
     126       0       4       6       0                               0D    524
     126    1934       0       1       0       0       0       000010001D    525
     126       0       4       7       0                               0D    526
     126    1941       0       1       0       0       0       000010001D    527
     126       0       4       7       0                               0D    528
     141    1948       0       1       0       0       0       000010501D    529
     141       0       4       1       0                               0D    530
     143    1949       0       1       0       0       0       000000001D    531
     143       0       4       1       0                               0D    532
     128    1950       0       1       0       0       0       000010001D    533
     128       0       4      13       5                               0D    534
     126    1963       0       1       0       0       0       000010001D    535
     126       0       4       6       0                               0D    536
     126    1969       0       1       0       0       0       000010001D    537
     126       0       4       6       0                               0D    538
     126    1975       0       1       0       0       0       000010001D    539
     126       0       4       6       0                               0D    540
     126    1981       0       1       0       0       0       000010001D    541
     126       0       4       7       0                               0D    542
     141    1988       0       1       0       0       0       000010501D    543
     141       0       4       1       0                               0D    544
     143    1989       0       1       0       0       0       000000001D    545
     143       0       4       1       0                               0D    546
     128    1990       0       1       0       0       0       000010001D    547
     128       0       4      17       5                               0D    548
     126    2007       0       1       0       0       0       000010001D    549
     126       0       4       6       0                               0D    550
     126    2013       0       1       0       0       0       000010001D    551
     126       0       4       7       0                               0D    552
     126    2020       0       1       0       0       0       000010001D    553
     126       0       4       7       0                               0D    554
     126    2027       0       1       0       0       0       000010001D    555
     126       0       4       7       0                               0D    556
     141    2034       0       1       0       0       0       000010501D    557
     141       0       4       1       0                               0D    558
     143    2035       0       1       0       0       0       000000001D    559
     143       0       4       1       0                               0D    560
     128    2036       0       1       0       0       0       000010001D    561
     128       0       4      20       2                               0D    562
     126    2056       0       1       0       0       0       000010001D    563
     126       0       4       3       0                               0D    564
     126    2059       0       1       0       0       0       000010001D    565
     126       0       4       4       0                               0D    566
     126    2063       0       1       0       0       0       000010001D    567
     126       0       4       7       0                               0D    568
     126    2070       0       1       0       0       0       000010001D    569
     126       0       4       7       0                               0D    570
     126    2077       0       1       0       0       0       000010001D    571
     126       0       4       7       0                               0D    572
     126    2084       0       1       0       0       0       000010001D    573
     126       0       4       7       0                               0D    574
     126    2091       0       1       0       0       0       000010001D    575
     126       0       4       7       0                               0D    576
     126    2098       0       1       0       0       0       000010001D    577
     126       0       4       6       0                               0D    578
     126    2104       0       1       0       0       0       000010001D    579
     126       0       4       3       0                               0D    580
     126    2107       0       1       0       0       0       000010001D    581
     126       0       4       6       0                               0D    582
     141    2113       0       1       0       0       0       000010501D    583
     141       0       4       2       0                               0D    584
     143    2115       0       1       0       0       0       000000001D    585
     143       0       4       1       0                               0D    586
     128    2116       0       1       0       0       0       000010001D    587
     128       0       4      17       5                               0D    588
     126    2133       0       1       0       0       0       000010001D    589
     126       0       4       6       0                               0D    590
     126    2139       0       1       0       0       0       000010001D    591
     126       0       4       7       0                               0D    592
     126    2146       0       1       0       0       0       000010001D    593
     126       0       4       7       0                               0D    594
     126    2153       0       1       0       0       0       000010001D    595
     126       0       4       7       0                               0D    596
     141    2160       0       1       0       0       0       000010501D    597
     141       0       4       1       0                               0D    598
     143    2161       0       1       0       0       0       000000001D    599
     143       0       4       1       0                               0D    600
     128    2162       0       1       0       0       0       000010001D    601
     128       0       4      17       2                               0D    602
     126    2179       0       1       0       0       0       000010001D    603
     126       0       4       4       0                               0D    604
     126    2183       0       1       0       0       0       000010001D    605
     126       0       4       5       0                               0D    606
     126    2188       0       1       0       0       0       000010001D    607
     126       0       4       4       0                               0D    608
     126    2192       0       1       0       0       0       000010001D    609
     126       0       4       6       0                               0D    610
     126    2198       0       1       0       0       0       000010001D    611
     126       0       4       7       0                               0D    612
     126    2205       0       1       0       0       0       000010001D    613
     126       0       4       7       0                               0D    614
     126    2212       0       1       0       0       0       000010001D    615
     126       0       4       7       0                               0D    616
     126    2219       0       1       0       0       0       000010001D    617
     126       0       4       7       0                               0D    618
     126    2226       0       1       0       0       0       000010001D    619
     126       0       4       7       0                               0D    620
     126    2233       0       1       0       0       0       000010001D    621
     126       0       4       5       0                               0D    622
     141    2238       0       1       0       0       0       000010501D    623
     141       0       4       2       0                               0D    624
     143    2240       0       1       0       0       0       000000001D    625
     143       0       4       1       0                               0D    626
     128    2241       0       1       0       0       0       000010001D    627
     128       0       4      16       2                               0D    628
     126    2257       0       1       0       0       0       000010001D    629
     126       0       4       2       0                               0D    630
     126    2259       0       1       0       0       0       000010001D    631
     126       0       4       5       0                               0D    632
     126    2264       0       1       0       0       0       000010001D    633
     126       0       4       2       0                               0D    634
     126    2266       0       1       0       0       0       000010001D    635
     126       0       4       5       0                               0D    636
     141    2271       0       1       0       0       0       000010501D    637
     141       0       4       1       0                               0D    638
     143    2272       0       1       0       0       0       000000001D    639
     143       0       4       1       0                               0D    640
     128    2273       0       1       0       0       0       000010001D    641
     128       0       4      25       5                               0D    642
     126    2298       0       1       0       0       0       000010001D    643
     126       0       4       5       0                               0D    644
     126    2303       0       1       0       0       0       000010001D    645
     126       0       4       5       0                               0D    646
     126    2308       0       1       0       0       0       000010001D    647
     126       0       4       4       0                               0D    648
     126    2312       0       1       0       0       0       000010001D    649
     126       0       4       5       0                               0D    650
     141    2317       0       1       0       0       0       000010501D    651
     141       0       4       1       0                               0D    652
     143    2318       0       1       0       0       0       000000001D    653
     143       0       4       1       0                               0D    654
     128    2319       0       1       0       0       0       000010001D    655
     128       0       4      15       2                               0D    656
     126    2334       0       1       0       0       0       000010001D    657
     126       0       4       2       0                               0D    658
     126    2336       0       1       0       0       0       000010001D    659
     126       0       4       5       0                               0D    660
     126    2341       0       1       0       0       0       000010001D    661
     126       0       4       2       0                               0D    662
     126    2343       0       1       0       0       0       000010001D    663
     126       0       4       5       0                               0D    664
     141    2348       0       1       0       0       0       000010501D    665
     141       0       4       1       0                               0D    666
     143    2349       0       1       0       0       0       000000001D    667
     143       0       4       1       0                               0D    668
     128    2350       0       1       0       0       0       000010001D    669
     128       0       4      26       5                               0D    670
     126    2376       0       1       0       0       0       000010001D    671
     126       0       4       4       0                               0D    672
     126    2380       0       1       0       0       0       000010001D    673
     126       0       4       6       0                               0D    674
     126    2386       0       1       0       0       0       000010001D    675
     126       0       4       4       0                               0D    676
     126    2390       0       1       0       0       0       000010001D    677
     126       0       4       5       0                               0D    678
     141    2395       0       1       0       0       0       000010501D    679
     141       0       4       1       0                               0D    680
     143    2396       0       1       0       0       0       000000001D    681
     143       0       4       1       0                               0D    682
     128    2397       0       1       0       0       0       000010001D    683
     128       0       4      14       5                               0D    684
     126    2411       0       1       0       0       0       000010001D    685
     126       0       4       6       0                               0D    686
     126    2417       0       1       0       0       0       000010001D    687
     126       0       4       7       0                               0D    688
     126    2424       0       1       0       0       0       000010001D    689
     126       0       4       7       0                               0D    690
     126    2431       0       1       0       0       0       000010001D    691
     126       0       4       7       0                               0D    692
     141    2438       0       1       0       0       0       000010501D    693
     141       0       4       1       0                               0D    694
     143    2439       0       1       0       0       0       000000001D    695
     143       0       4       1       0                               0D    696
     128    2440       0       1       0       0       0       000010001D    697
     128       0       4      15       5                               0D    698
     126    2455       0       1       0       0       0       000010001D    699
     126       0       4       4       0                               0D    700
     126    2459       0       1       0       0       0       000010001D    701
     126       0       4       7       0                               0D    702
     126    2466       0       1       0       0       0       000010001D    703
     126       0       4       5       0                               0D    704
     126    2471       0       1       0       0       0       000010001D    705
     126       0       4       5       0                               0D    706
     141    2476       0       1       0       0       0       000010501D    707
     141       0       4       1       0                               0D    708
     143    2477       0       1       0       0       0       000000001D    709
     143       0       4       1       0                               0D    710
     128    2478       0       1       0       0       0       000010001D    711
     128       0       4      14       5                               0D    712
     126    2492       0       1       0       0       0       000010001D    713
     126       0       4       6       0                               0D    714
     126    2498       0       1       0       0       0       000010001D    715
     126       0       4       7       0                               0D    716
     126    2505       0       1       0       0       0       000010001D    717
     126       0       4       7       0                               0D    718
     126    2512       0       1       0       0       0       000010001D    719
     126       0       4       7       0                               0D    720
     141    2519       0       1       0       0       0       000010501D    721
     141       0       4       1       0                               0D    722
     143    2520       0       1       0       0       0       000000001D    723
     143       0       4       1       0                               0D    724
     128    2521       0       1       0       0       0       000010001D    725
     128       0       4      17       5                               0D    726
     126    2538       0       1       0       0       0       000010001D    727
     126       0       4       6       0                               0D    728
     126    2544       0       1       0       0       0       000010001D    729
     126       0       4       7       0                               0D    730
     126    2551       0       1       0       0       0       000010001D    731
     126       0       4       7       0                               0D    732
     126    2558       0       1       0       0       0       000010001D    733
     126       0       4       7       0                               0D    734
     141    2565       0       1       0       0       0       000010501D    735
     141       0       4       1       0                               0D    736
     143    2566       0       1       0       0       0       000000001D    737
     143       0       4       1       0                               0D    738
     128    2567       0       1       0       0       0       000010001D    739
     128       0       4      14       5                               0D    740
     126    2581       0       1       0       0       0       000010001D    741
     126       0       4       6       0                               0D    742
     126    2587       0       1       0       0       0       000010001D    743
     126       0       4       7       0                               0D    744
     126    2594       0       1       0       0       0       000010001D    745
     126       0       4       7       0                               0D    746
     126    2601       0       1       0       0       0       000010001D    747
     126       0       4       7       0                               0D    748
     141    2608       0       1       0       0       0       000010501D    749
     141       0       4       1       0                               0D    750
     143    2609       0       1       0       0       0       000000001D    751
     143       0       4       1       0                               0D    752
     128    2610       0       1       0       0       0       000010001D    753
     128       0       4      17       5                               0D    754
     126    2627       0       1       0       0       0       000010001D    755
     126       0       4       6       0                               0D    756
     126    2633       0       1       0       0       0       000010001D    757
     126       0       4       7       0                               0D    758
     126    2640       0       1       0       0       0       000010001D    759
     126       0       4       7       0                               0D    760
     126    2647       0       1       0       0       0       000010001D    761
     126       0       4       7       0                               0D    762
     141    2654       0       1       0       0       0       000010501D    763
     141       0       4       1       0                               0D    764
     143    2655       0       1       0       0       0       000000001D    765
     143       0       4       1       0                               0D    766
     128    2656       0       1       0       0       0       000010001D    767
     128       0       4      14       5                               0D    768
     126    2670       0       1       0       0       0       000010001D    769
     126       0       4       6       0                               0D    770
     126    2676       0       1       0       0       0       000010001D    771
     126       0       4       7       0                               0D    772
     126    2683       0       1       0       0       0       000010001D    773
     126       0       4       6       0                               0D    774
     126    2689       0       1       0       0       0       000010001D    775
     126       0       4       6       0                               0D    776
     126    2695       0       1       0       0       0       000010001D    777
     126       0       4       7       0                               0D    778
     141    2702       0       1       0       0       0       000010501D    779
     141       0       4       1       0                               0D    780
     143    2703       0       1       0       0       0       000000001D    781
     143       0       4       1       0                               0D    782
     128    2704       0       1       0       0       0       000010001D    783
     128       0       4      17       5                               0D    784
     126    2721       0       1       0       0       0       000010001D    785
     126       0       4       6       0                               0D    786
     126    2727       0       1       0       0       0       000010001D    787
     126       0       4       7       0                               0D    788
     126    2734       0       1       0       0       0       000010001D    789
     126       0       4       7       0                               0D    790
     126    2741       0       1       0       0       0       000010001D    791
     126       0       4       7       0                               0D    792
     141    2748       0       1       0       0       0       000010501D    793
     141       0       4       1       0                               0D    794
     143    2749       0       1       0       0       0       000000001D    795
     143       0       4       1       0                               0D    796
     128    2750       0       1       0       0       0       000010001D    797
     128       0       4      17       5                               0D    798
     126    2767       0       1       0       0       0       000010001D    799
     126       0       4       6       0                               0D    800
     126    2773       0       1       0       0       0       000010001D    801
     126       0       4       7       0                               0D    802
     126    2780       0       1       0       0       0       000010001D    803
     126       0       4       7       0                               0D    804
     126    2787       0       1       0       0       0       000010001D    805
     126       0       4       7       0                               0D    806
     141    2794       0       1       0       0       0       000010501D    807
     141       0       4       1       0                               0D    808
     143    2795       0       1       0       0       0       000000001D    809
     143       0       4       1       0                               0D    810
     128    2796       0       1       0       0       0       000010001D    811
     128       0       4      14       5                               0D    812
     126    2810       0       1       0       0       0       000010001D    813
     126       0       4       6       0                               0D    814
     126    2816       0       1       0       0       0       000010001D    815
     126       0       4       7       0                               0D    816
     126    2823       0       1       0       0       0       000010001D    817
     126       0       4       7       0                               0D    818
     126    2830       0       1       0       0       0       000010001D    819
     126       0       4       7       0                               0D    820
     141    2837       0       1       0       0       0       000010501D    821
     141       0       4       1       0                               0D    822
     143    2838       0       1       0       0       0       000000001D    823
     143       0       4       1       0                               0D    824
     128    2839       0       1       0       0       0       000010001D    825
     128       0       4      14       5                               0D    826
     126    2853       0       1       0       0       0       000010001D    827
     126       0       4       6       0                               0D    828
     126    2859       0       1       0       0       0       000010001D    829
     126       0       4       7       0                               0D    830
     126    2866       0       1       0       0       0       000010001D    831
     126       0       4       7       0                               0D    832
     126    2873       0       1       0       0       0       000010001D    833
     126       0       4       7       0                               0D    834
     141    2880       0       1       0       0       0       000010501D    835
     141       0       4       1       0                               0D    836
     143    2881       0       1       0       0       0       000000001D    837
     143       0       4       1       0                               0D    838
     128    2882       0       1       0       0       0       000010001D    839
     128       0       4      14       5                               0D    840
     126    2896       0       1       0       0       0       000010001D    841
     126       0       4       6       0                               0D    842
     126    2902       0       1       0       0       0       000010001D    843
     126       0       4       7       0                               0D    844
     126    2909       0       1       0       0       0       000010001D    845
     126       0       4       7       0                               0D    846
     126    2916       0       1       0       0       0       000010001D    847
     126       0       4       7       0                               0D    848
     141    2923       0       1       0       0       0       000010501D    849
     141       0       4       1       0                               0D    850
     143    2924       0       1       0       0       0       000000001D    851
     143       0       4       1       0                               0D    852
     128    2925       0       1       0       0       0       000010001D    853
     128       0       4      14       5                               0D    854
     126    2939       0       1       0       0       0       000010001D    855
     126       0       4       6       0                               0D    856
     126    2945       0       1       0       0       0       000010001D    857
     126       0       4       7       0                               0D    858
     126    2952       0       1       0       0       0       000010001D    859
     126       0       4       8       0                               0D    860
     126    2960       0       1       0       0       0       000010001D    861
     126       0       4       7       0                               0D    862
     141    2967       0       1       0       0       0       000010501D    863
     141       0       4       1       0                               0D    864
     143    2968       0       1       0       0       0       000000001D    865
     143       0       4       1       0                               0D    866
     128    2969       0       1       0       0       0       000010001D    867
     128       0       4      13       5                               0D    868
     126    2982       0       1       0       0       0       000010001D    869
     126       0       4       4       0                               0D    870
     126    2986       0       1       0       0       0       000010001D    871
     126       0       4       5       0                               0D    872
     126    2991       0       1       0       0       0       000010001D    873
     126       0       4       4       0                               0D    874
     126    2995       0       1       0       0       0       000010001D    875
     126       0       4       7       0                               0D    876
     141    3002       0       1       0       0       0       000010501D    877
     141       0       4       1       0                               0D    878
     143    3003       0       1       0       0       0       000000001D    879
     143       0       4       1       0                               0D    880
     128    3004       0       1       0       0       0       000010001D    881
     128       0       4      14       5                               0D    882
     126    3018       0       1       0       0       0       000010001D    883
     126       0       4       4       0                               0D    884
     126    3022       0       1       0       0       0       000010001D    885
     126       0       4       7       0                               0D    886
     126    3029       0       1       0       0       0       000010001D    887
     126       0       4       5       0                               0D    888
     126    3034       0       1       0       0       0       000010001D    889
     126       0       4       5       0                               0D    890
     141    3039       0       1       0       0       0       000010501D    891
     141       0       4       1       0                               0D    892
     143    3040       0       1       0       0       0       000000001D    893
     143       0       4       1       0                               0D    894
     128    3041       0       1       0       0       0       000010001D    895
     128       0       4      14       5                               0D    896
     126    3055       0       1       0       0       0       000010001D    897
     126       0       4       6       0                               0D    898
     126    3061       0       1       0       0       0       000010001D    899
     126       0       4       7       0                               0D    900
     126    3068       0       1       0       0       0       000010001D    901
     126       0       4       7       0                               0D    902
     126    3075       0       1       0       0       0       000010001D    903
     126       0       4       7       0                               0D    904
     141    3082       0       1       0       0       0       000010501D    905
     141       0       4       1       0                               0D    906
     143    3083       0       1       0       0       0       000000001D    907
     143       0       4       1       0                               0D    908
     128    3084       0       1       0       0       0       000010001D    909
     128       0       4      14       5                               0D    910
     126    3098       0       1       0       0       0       000010001D    911
     126       0       4       6       0                               0D    912
     126    3104       0       1       0       0       0       000010001D    913
     126       0       4       7       0                               0D    914
     126    3111       0       1       0       0       0       000010001D    915
     126       0       4       7       0                               0D    916
     126    3118       0       1       0       0       0       000010001D    917
     126       0       4       7       0                               0D    918
     141    3125       0       1       0       0       0       000010501D    919
     141       0       4       1       0                               0D    920
     143    3126       0       1       0       0       0       000000001D    921
     143       0       4       1       0                               0D    922
     128    3127       0       1       0       0       0       000010001D    923
     128       0       4      17       5                               0D    924
     126    3144       0       1       0       0       0       000010001D    925
     126       0       4       6       0                               0D    926
     126    3150       0       1       0       0       0       000010001D    927
     126       0       4       7       0                               0D    928
     126    3157       0       1       0       0       0       000010001D    929
     126       0       4       7       0                               0D    930
     126    3164       0       1       0       0       0       000010001D    931
     126       0       4       7       0                               0D    932
     141    3171       0       1       0       0       0       000010501D    933
     141       0       4       1       0                               0D    934
     143    3172       0       1       0       0       0       000000001D    935
     143       0       4       1       0                               0D    936
     128    3173       0       1       0       0       0       000010001D    937
     128       0       4      17       5                               0D    938
     126    3190       0       1       0       0       0       000010001D    939
     126       0       4       6       0                               0D    940
     126    3196       0       1       0       0       0       000010001D    941
     126       0       4       7       0                               0D    942
     126    3203       0       1       0       0       0       000010001D    943
     126       0       4       7       0                               0D    944
     126    3210       0       1       0       0       0       000010001D    945
     126       0       4       7       0                               0D    946
     141    3217       0       1       0       0       0       000010501D    947
     141       0       4       1       0                               0D    948
     143    3218       0       1       0       0       0       000000001D    949
     143       0       4       1       0                               0D    950
     128    3219       0       1       0       0       0       000010001D    951
     128       0       4      14       5                               0D    952
     126    3233       0       1       0       0       0       000010001D    953
     126       0       4       6       0                               0D    954
     126    3239       0       1       0       0       0       000010001D    955
     126       0       4       7       0                               0D    956
     126    3246       0       1       0       0       0       000010001D    957
     126       0       4       6       0                               0D    958
     126    3252       0       1       0       0       0       000010001D    959
     126       0       4       6       0                               0D    960
     126    3258       0       1       0       0       0       000010001D    961
     126       0       4       7       0                               0D    962
     141    3265       0       1       0       0       0       000010501D    963
     141       0       4       1       0                               0D    964
     143    3266       0       1       0       0       0       000000001D    965
     143       0       4       1       0                               0D    966
     128    3267       0       1       0       0       0       000010001D    967
     128       0       4      17       5                               0D    968
     126    3284       0       1       0       0       0       000010001D    969
     126       0       4       6       0                               0D    970
     126    3290       0       1       0       0       0       000010001D    971
     126       0       4       7       0                               0D    972
     126    3297       0       1       0       0       0       000010001D    973
     126       0       4       7       0                               0D    974
     126    3304       0       1       0       0       0       000010001D    975
     126       0       4       7       0                               0D    976
     141    3311       0       1       0       0       0       000010501D    977
     141       0       4       1       0                               0D    978
     143    3312       0       1       0       0       0       000000001D    979
     143       0       4       1       0                               0D    980
     128    3313       0       1       0       0       0       000010001D    981
     128       0       4      17       5                               0D    982
     126    3330       0       1       0       0       0       000010001D    983
     126       0       4       6       0                               0D    984
     126    3336       0       1       0       0       0       000010001D    985
     126       0       4       7       0                               0D    986
     126    3343       0       1       0       0       0       000010001D    987
     126       0       4       7       0                               0D    988
     126    3350       0       1       0       0       0       000010001D    989
     126       0       4       7       0                               0D    990
     141    3357       0       1       0       0       0       000010501D    991
     141       0       4       1       0                               0D    992
     143    3358       0       1       0       0       0       000000001D    993
     143       0       4       1       0                               0D    994
     128    3359       0       1       0       0       0       000010001D    995
     128       0       4      15       5                               0D    996
     126    3374       0       1       0       0       0       000010001D    997
     126       0       4       4       0                               0D    998
     126    3378       0       1       0       0       0       000010001D    999
     126       0       4       5       0                               0D   1000
     126    3383       0       1       0       0       0       000010001D   1001
     126       0       4       4       0                               0D   1002
     126    3387       0       1       0       0       0       000010001D   1003
     126       0       4       7       0                               0D   1004
     141    3394       0       1       0       0       0       000010501D   1005
     141       0       4       1       0                               0D   1006
     143    3395       0       1       0       0       0       000000001D   1007
     143       0       4       1       0                               0D   1008
     128    3396       0       1       0       0       0       000010001D   1009
     128       0       4      14       5                               0D   1010
     126    3410       0       1       0       0       0       000010001D   1011
     126       0       4       6       0                               0D   1012
     126    3416       0       1       0       0       0       000010001D   1013
     126       0       4       7       0                               0D   1014
     126    3423       0       1       0       0       0       000010001D   1015
     126       0       4       7       0                               0D   1016
     126    3430       0       1       0       0       0       000010001D   1017
     126       0       4       7       0                               0D   1018
     141    3437       0       1       0       0       0       000010501D   1019
     141       0       4       1       0                               0D   1020
     143    3438       0       1       0       0       0       000000001D   1021
     143       0       4       1       0                               0D   1022
     128    3439       0       1       0       0       0       000010001D   1023
     128       0       4      26       5                               0D   1024
     126    3465       0       1       0       0       0       000010001D   1025
     126       0       4       4       0                               0D   1026
     126    3469       0       1       0       0       0       000010001D   1027
     126       0       4       5       0                               0D   1028
     126    3474       0       1       0       0       0       000010001D   1029
     126       0       4       4       0                               0D   1030
     126    3478       0       1       0       0       0       000010001D   1031
     126       0       4       6       0                               0D   1032
     141    3484       0       1       0       0       0       000010501D   1033
     141       0       4       1       0                               0D   1034
     143    3485       0       1       0       0       0       000000001D   1035
     143       0       4       1       0                               0D   1036
     128    3486       0       1       0       0       0       000010001D   1037
     128       0       4      15       2                               0D   1038
     126    3501       0       1       0       0       0       000010001D   1039
     126       0       4       2       0                               0D   1040
     126    3503       0       1       0       0       0       000010001D   1041
     126       0       4       4       0                               0D   1042
     126    3507       0       1       0       0       0       000010001D   1043
     126       0       4       2       0                               0D   1044
     126    3509       0       1       0       0       0       000010001D   1045
     126       0       4       5       0                               0D   1046
     141    3514       0       1       0       0       0       000010501D   1047
     141       0       4       1       0                               0D   1048
     143    3515       0       1       0       0       0       000000001D   1049
     143       0       4       1       0                               0D   1050
     128    3516       0       1       0       0       0       000010001D   1051
     128       0       4      24       5                               0D   1052
     126    3540       0       1       0       0       0       000010001D   1053
     126       0       4       5       0                               0D   1054
     126    3545       0       1       0       0       0       000010001D   1055
     126       0       4       5       0                               0D   1056
     126    3550       0       1       0       0       0       000010001D   1057
     126       0       4       4       0                               0D   1058
     126    3554       0       1       0       0       0       000010001D   1059
     126       0       4       5       0                               0D   1060
     141    3559       0       1       0       0       0       000010501D   1061
     141       0       4       1       0                               0D   1062
     143    3560       0       1       0       0       0       000000001D   1063
     143       0       4       1       0                               0D   1064
     128    3561       0       1       0       0       0       000010001D   1065
     128       0       4       3       1                               0D   1066
     126    3564       0       1       0       0       0       000010001D   1067
     126       0       4       5       0                               0D   1068
     126    3569       0       1       0       0       0       000010001D   1069
     126       0       4       5       0                               0D   1070
     141    3574       0       1       0       0       0       000010501D   1071
     141       0       4       1       0                               0D   1072
     126    3575       0       1       0       0       0       000010001D   1073
     126       0       4       5       0                               0D   1074
     126    3580       0       1       0       0       0       000010001D   1075
     126       0       4       5       0                               0D   1076
     141    3585       0       1       0       0       0       000010501D   1077
     141       0       4       1       0                               0D   1078
     143    3586       0       1       0       0       0       000000001D   1079
     143       0       4       1       0                               0D   1080
     128    3587       0       1       0       0       0       000010001D   1081
     128       0       4      16       2                               0D   1082
     126    3603       0       1       0       0       0       000010001D   1083
     126       0       4       2       0                               0D   1084
     126    3605       0       1       0       0       0       000010001D   1085
     126       0       4       6       0                               0D   1086
     126    3611       0       1       0       0       0       000010001D   1087
     126       0       4       2       0                               0D   1088
     126    3613       0       1       0       0       0       000010001D   1089
     126       0       4       5       0                               0D   1090
     141    3618       0       1       0       0       0       000010501D   1091
     141       0       4       1       0                               0D   1092
     143    3619       0       1       0       0       0       000000001D   1093
     143       0       4       1       0                               0D   1094
     128    3620       0       1       0       0       0       000010001D   1095
     128       0       4       3       1                               0D   1096
     126    3623       0       1       0       0       0       000010001D   1097
     126       0       4       5       0                               0D   1098
     126    3628       0       1       0       0       0       000010001D   1099
     126       0       4       5       0                               0D   1100
     141    3633       0       1       0       0       0       000010501D   1101
     141       0       4       1       0                               0D   1102
     126    3634       0       1       0       0       0       000010001D   1103
     126       0       4       5       0                               0D   1104
     126    3639       0       1       0       0       0       000010001D   1105
     126       0       4       6       0                               0D   1106
     141    3645       0       1       0       0       0       000010501D   1107
     141       0       4       1       0                               0D   1108
     143    3646       0       1       0       0       0       000000001D   1109
     143       0       4       1       0                               0D   1110
     128    3647       0       1       0       0       0       000010001D   1111
     128       0       4      17       2                               0D   1112
     126    3664       0       1       0       0       0       000010001D   1113
     126       0       4       4       0                               0D   1114
     126    3668       0       1       0       0       0       000010001D   1115
     126       0       4       4       0                               0D   1116
     126    3672       0       1       0       0       0       000010001D   1117
     126       0       4       7       0                               0D   1118
     126    3679       0       1       0       0       0       000010001D   1119
     126       0       4       8       0                               0D   1120
     126    3687       0       1       0       0       0       000010001D   1121
     126       0       4       7       0                               0D   1122
     126    3694       0       1       0       0       0       000010001D   1123
     126       0       4       7       0                               0D   1124
     126    3701       0       1       0       0       0       000010001D   1125
     126       0       4       7       0                               0D   1126
     126    3708       0       1       0       0       0       000010001D   1127
     126       0       4       7       0                               0D   1128
     126    3715       0       1       0       0       0       000010001D   1129
     126       0       4       3       0                               0D   1130
     126    3718       0       1       0       0       0       000010001D   1131
     126       0       4       5       0                               0D   1132
     141    3723       0       1       0       0       0       000010501D   1133
     141       0       4       2       0                               0D   1134
     143    3725       0       1       0       0       0       000000001D   1135
     143       0       4       1       0                               0D   1136
     128    3726       0       1       0       0       0       000010001D   1137
     128       0       4      17       5                               0D   1138
     126    3743       0       1       0       0       0       000010001D   1139
     126       0       4       6       0                               0D   1140
     126    3749       0       1       0       0       0       000010001D   1141
     126       0       4       7       0                               0D   1142
     126    3756       0       1       0       0       0       000010001D   1143
     126       0       4       7       0                               0D   1144
     126    3763       0       1       0       0       0       000010001D   1145
     126       0       4       7       0                               0D   1146
     141    3770       0       1       0       0       0       000010501D   1147
     141       0       4       1       0                               0D   1148
     143    3771       0       1       0       0       0       000000001D   1149
     143       0       4       1       0                               0D   1150
     128    3772       0       1       0       0       0       000010001D   1151
     128       0       4      20       2                               0D   1152
     126    3792       0       1       0       0       0       000010001D   1153
     126       0       4       3       0                               0D   1154
     126    3795       0       1       0       0       0       000010001D   1155
     126       0       4       6       0                               0D   1156
     126    3801       0       1       0       0       0       000010001D   1157
     126       0       4       3       0                               0D   1158
     126    3804       0       1       0       0       0       000010001D   1159
     126       0       4       6       0                               0D   1160
     126    3810       0       1       0       0       0       000010001D   1161
     126       0       4       7       0                               0D   1162
     126    3817       0       1       0       0       0       000010001D   1163
     126       0       4       7       0                               0D   1164
     126    3824       0       1       0       0       0       000010001D   1165
     126       0       4       7       0                               0D   1166
     126    3831       0       1       0       0       0       000010001D   1167
     126       0       4       7       0                               0D   1168
     126    3838       0       1       0       0       0       000010001D   1169
     126       0       4       7       0                               0D   1170
     126    3845       0       1       0       0       0       000010001D   1171
     126       0       4       5       0                               0D   1172
     141    3850       0       1       0       0       0       000010501D   1173
     141       0       4       2       0                               0D   1174
     143    3852       0       1       0       0       0       000000001D   1175
     143       0       4       1       0                               0D   1176
     128    3853       0       1       0       0       0       000010001D   1177
     128       0       4       4       1                               0D   1178
     126    3857       0       1       0       0       0       000010001D   1179
     126       0       4       6       0                               0D   1180
     126    3863       0       1       0       0       0       000010001D   1181
     126       0       4       6       0                               0D   1182
     141    3869       0       1       0       0       0       000010501D   1183
     141       0       4       1       0                               0D   1184
     126    3870       0       1       0       0       0       000010001D   1185
     126       0       4       6       0                               0D   1186
     126    3876       0       1       0       0       0       000010001D   1187
     126       0       4       7       0                               0D   1188
     141    3883       0       1       0       0       0       000010501D   1189
     141       0       4       1       0                               0D   1190
     143    3884       0       1       0       0       0       000000001D   1191
     143       0       4       1       0                               0D   1192
     128    3885       0       1       0       0       0       000010001D   1193
     128       0       4      17       5                               0D   1194
     126    3902       0       1       0       0       0       000010001D   1195
     126       0       4       6       0                               0D   1196
     126    3908       0       1       0       0       0       000010001D   1197
     126       0       4       7       0                               0D   1198
     126    3915       0       1       0       0       0       000010001D   1199
     126       0       4       7       0                               0D   1200
     126    3922       0       1       0       0       0       000010001D   1201
     126       0       4       7       0                               0D   1202
     141    3929       0       1       0       0       0       000010501D   1203
     141       0       4       1       0                               0D   1204
     143    3930       0       1       0       0       0       000000001D   1205
     143       0       4       1       0                               0D   1206
     128    3931       0       1       0       0       0       000010001D   1207
     128       0       4      13       5                               0D   1208
     126    3944       0       1       0       0       0       000010001D   1209
     126       0       4       6       0                               0D   1210
     126    3950       0       1       0       0       0       000010001D   1211
     126       0       4       7       0                               0D   1212
     126    3957       0       1       0       0       0       000010001D   1213
     126       0       4       6       0                               0D   1214
     126    3963       0       1       0       0       0       000010001D   1215
     126       0       4       6       0                               0D   1216
     141    3969       0       1       0       0       0       000010501D   1217
     141       0       4       1       0                               0D   1218
     143    3970       0       1       0       0       0       000000001D   1219
     143       0       4       1       0                               0D   1220
     128    3971       0       1       0       0       0       000010001D   1221
     128       0       4      17       5                               0D   1222
     126    3988       0       1       0       0       0       000010001D   1223
     126       0       4       6       0                               0D   1224
     126    3994       0       1       0       0       0       000010001D   1225
     126       0       4       7       0                               0D   1226
     126    4001       0       1       0       0       0       000010001D   1227
     126       0       4       7       0                               0D   1228
     126    4008       0       1       0       0       0       000010001D   1229
     126       0       4       7       0                               0D   1230
     141    4015       0       1       0       0       0       000010501D   1231
     141       0       4       1       0                               0D   1232
     143    4016       0       1       0       0       0       000000001D   1233
     143       0       4       1       0                               0D   1234
     128    4017       0       1       0       0       0       000010001D   1235
     128       0       4      17       5                               0D   1236
     126    4034       0       1       0       0       0       000010001D   1237
     126       0       4       6       0                               0D   1238
     126    4040       0       1       0       0       0       000010001D   1239
     126       0       4       7       0                               0D   1240
     126    4047       0       1       0       0       0       000010001D   1241
     126       0       4       7       0                               0D   1242
     126    4054       0       1       0       0       0       000010001D   1243
     126       0       4       7       0                               0D   1244
     141    4061       0       1       0       0       0       000010501D   1245
     141       0       4       1       0                               0D   1246
     143    4062       0       1       0       0       0       000000001D   1247
     143       0       4       1       0                               0D   1248
     128    4063       0       1       0       0       0       000010001D   1249
     128       0       4      13       5                               0D   1250
     126    4076       0       1       0       0       0       000010001D   1251
     126       0       4       6       0                               0D   1252
     126    4082       0       1       0       0       0       000010001D   1253
     126       0       4       7       0                               0D   1254
     126    4089       0       1       0       0       0       000010001D   1255
     126       0       4       7       0                               0D   1256
     126    4096       0       1       0       0       0       000010001D   1257
     126       0       4       6       0                               0D   1258
     126    4102       0       1       0       0       0       000010001D   1259
     126       0       4       7       0                               0D   1260
     141    4109       0       1       0       0       0       000010501D   1261
     141       0       4       1       0                               0D   1262
     143    4110       0       1       0       0       0       000000001D   1263
     143       0       4       1       0                               0D   1264
     128    4111       0       1       0       0       0       000010001D   1265
     128       0       4      17       5                               0D   1266
     126    4128       0       1       0       0       0       000010001D   1267
     126       0       4       6       0                               0D   1268
     126    4134       0       1       0       0       0       000010001D   1269
     126       0       4       7       0                               0D   1270
     126    4141       0       1       0       0       0       000010001D   1271
     126       0       4       7       0                               0D   1272
     126    4148       0       1       0       0       0       000010001D   1273
     126       0       4       7       0                               0D   1274
     141    4155       0       1       0       0       0       000010501D   1275
     141       0       4       1       0                               0D   1276
     143    4156       0       1       0       0       0       000000001D   1277
     143       0       4       1       0                               0D   1278
     128    4157       0       1       0       0       0       000010001D   1279
     128       0       4      17       5                               0D   1280
     126    4174       0       1       0       0       0       000010001D   1281
     126       0       4       6       0                               0D   1282
     126    4180       0       1       0       0       0       000010001D   1283
     126       0       4       7       0                               0D   1284
     126    4187       0       1       0       0       0       000010001D   1285
     126       0       4       7       0                               0D   1286
     126    4194       0       1       0       0       0       000010001D   1287
     126       0       4       7       0                               0D   1288
     141    4201       0       1       0       0       0       000010501D   1289
     141       0       4       1       0                               0D   1290
     143    4202       0       1       0       0       0       000000001D   1291
     143       0       4       1       0                               0D   1292
     128    4203       0       1       0       0       0       000010001D   1293
     128       0       4      13       5                               0D   1294
     126    4216       0       1       0       0       0       000010001D   1295
     126       0       4       6       0                               0D   1296
     126    4222       0       1       0       0       0       000010001D   1297
     126       0       4       6       0                               0D   1298
     126    4228       0       1       0       0       0       000010001D   1299
     126       0       4       7       0                               0D   1300
     126    4235       0       1       0       0       0       000010001D   1301
     126       0       4       7       0                               0D   1302
     141    4242       0       1       0       0       0       000010501D   1303
     141       0       4       1       0                               0D   1304
     143    4243       0       1       0       0       0       000000001D   1305
     143       0       4       1       0                               0D   1306
     128    4244       0       1       0       0       0       000010001D   1307
     128       0       4      14       5                               0D   1308
     126    4258       0       1       0       0       0       000010001D   1309
     126       0       4       4       0                               0D   1310
     126    4262       0       1       0       0       0       000010001D   1311
     126       0       4       5       0                               0D   1312
     126    4267       0       1       0       0       0       000010001D   1313
     126       0       4       4       0                               0D   1314
     126    4271       0       1       0       0       0       000010001D   1315
     126       0       4       7       0                               0D   1316
     141    4278       0       1       0       0       0       000010501D   1317
     141       0       4       1       0                               0D   1318
     143    4279       0       1       0       0       0       000000001D   1319
     143       0       4       1       0                               0D   1320
     128    4280       0       1       0       0       0       000010001D   1321
     128       0       4      17       5                               0D   1322
     126    4297       0       1       0       0       0       000010001D   1323
     126       0       4       6       0                               0D   1324
     126    4303       0       1       0       0       0       000010001D   1325
     126       0       4       7       0                               0D   1326
     126    4310       0       1       0       0       0       000010001D   1327
     126       0       4       7       0                               0D   1328
     126    4317       0       1       0       0       0       000010001D   1329
     126       0       4       7       0                               0D   1330
     141    4324       0       1       0       0       0       000010501D   1331
     141       0       4       1       0                               0D   1332
     143    4325       0       1       0       0       0       000000001D   1333
     143       0       4       1       0                               0D   1334
     128    4326       0       1       0       0       0       000010001D   1335
     128       0       4      17       2                               0D   1336
     126    4343       0       1       0       0       0       000010001D   1337
     126       0       4       4       0                               0D   1338
     126    4347       0       1       0       0       0       000010001D   1339
     126       0       4       6       0                               0D   1340
     126    4353       0       1       0       0       0       000010001D   1341
     126       0       4       3       0                               0D   1342
     126    4356       0       1       0       0       0       000010001D   1343
     126       0       4       5       0                               0D   1344
     141    4361       0       1       0       0       0       000010501D   1345
     141       0       4       1       0                               0D   1346
     143    4362       0       1       0       0       0       000000001D   1347
     143       0       4       1       0                               0D   1348
     128    4363       0       1       0       0       0       000010001D   1349
     128       0       4      17       2                               0D   1350
     126    4380       0       1       0       0       0       000010001D   1351
     126       0       4       3       0                               0D   1352
     126    4383       0       1       0       0       0       000010001D   1353
     126       0       4       5       0                               0D   1354
     126    4388       0       1       0       0       0       000010001D   1355
     126       0       4       2       0                               0D   1356
     126    4390       0       1       0       0       0       000010001D   1357
     126       0       4       6       0                               0D   1358
     141    4396       0       1       0       0       0       000010501D   1359
     141       0       4       1       0                               0D   1360
     143    4397       0       1       0       0       0       000000001D   1361
     143       0       4       1       0                               0D   1362
     128    4398       0       1       0       0       0       000010001D   1363
     128       0       4      21       2                               0D   1364
     126    4419       0       1       0       0       0       000010001D   1365
     126       0       4       4       0                               0D   1366
     126    4423       0       1       0       0       0       000010001D   1367
     126       0       4       6       0                               0D   1368
     126    4429       0       1       0       0       0       000010001D   1369
     126       0       4       4       0                               0D   1370
     126    4433       0       1       0       0       0       000010001D   1371
     126       0       4       6       0                               0D   1372
     126    4439       0       1       0       0       0       000010001D   1373
     126       0       4       7       0                               0D   1374
     126    4446       0       1       0       0       0       000010001D   1375
     126       0       4       7       0                               0D   1376
     126    4453       0       1       0       0       0       000010001D   1377
     126       0       4       7       0                               0D   1378
     126    4460       0       1       0       0       0       000010001D   1379
     126       0       4       7       0                               0D   1380
     126    4467       0       1       0       0       0       000010001D   1381
     126       0       4       7       0                               0D   1382
     126    4474       0       1       0       0       0       000010001D   1383
     126       0       4       5       0                               0D   1384
     141    4479       0       1       0       0       0       000010501D   1385
     141       0       4       2       0                               0D   1386
     143    4481       0       1       0       0       0       000000001D   1387
     143       0       4       1       0                               0D   1388
     128    4482       0       1       0       0       0       000010001D   1389
     128       0       4      14       5                               0D   1390
     126    4496       0       1       0       0       0       000010001D   1391
     126       0       4       4       0                               0D   1392
     126    4500       0       1       0       0       0       000010001D   1393
     126       0       4       7       0                               0D   1394
     126    4507       0       1       0       0       0       000010001D   1395
     126       0       4       5       0                               0D   1396
     126    4512       0       1       0       0       0       000010001D   1397
     126       0       4       6       0                               0D   1398
     141    4518       0       1       0       0       0       000010501D   1399
     141       0       4       1       0                               0D   1400
     143    4519       0       1       0       0       0       000000001D   1401
     143       0       4       1       0                               0D   1402
     128    4520       0       1       0       0       0       000010001D   1403
     128       0       4      18       2                               0D   1404
     126    4538       0       1       0       0       0       000010001D   1405
     126       0       4       4       0                               0D   1406
     126    4542       0       1       0       0       0       000010001D   1407
     126       0       4       4       0                               0D   1408
     126    4546       0       1       0       0       0       000010001D   1409
     126       0       4       7       0                               0D   1410
     126    4553       0       1       0       0       0       000010001D   1411
     126       0       4       7       0                               0D   1412
     126    4560       0       1       0       0       0       000010001D   1413
     126       0       4       7       0                               0D   1414
     126    4567       0       1       0       0       0       000010001D   1415
     126       0       4       7       0                               0D   1416
     126    4574       0       1       0       0       0       000010001D   1417
     126       0       4       7       0                               0D   1418
     126    4581       0       1       0       0       0       000010001D   1419
     126       0       4       6       0                               0D   1420
     126    4587       0       1       0       0       0       000010001D   1421
     126       0       4       4       0                               0D   1422
     126    4591       0       1       0       0       0       000010001D   1423
     126       0       4       5       0                               0D   1424
     141    4596       0       1       0       0       0       000010501D   1425
     141       0       4       2       0                               0D   1426
     143    4598       0       1       0       0       0       000000001D   1427
     143       0       4       1       0                               0D   1428
     128    4599       0       1       0       0       0       000010001D   1429
     128       0       4       3       1                               0D   1430
     126    4602       0       1       0       0       0       000010001D   1431
     126       0       4       5       0                               0D   1432
     126    4607       0       1       0       0       0       000010001D   1433
     126       0       4       6       0                               0D   1434
     141    4613       0       1       0       0       0       000010501D   1435
     141       0       4       1       0                               0D   1436
     126    4614       0       1       0       0       0       000010001D   1437
     126       0       4       5       0                               0D   1438
     126    4619       0       1       0       0       0       000010001D   1439
     126       0       4       5       0                               0D   1440
     141    4624       0       1       0       0       0       000010501D   1441
     141       0       4       1       0                               0D   1442
     143    4625       0       1       0       0       0       000000001D   1443
     143       0       4       1       0                               0D   1444
     128    4626       0       1       0       0       0       000010001D   1445
     128       0       4       3       1                               0D   1446
     126    4629       0       1       0       0       0       000010001D   1447
     126       0       4       5       0                               0D   1448
     126    4634       0       1       0       0       0       000010001D   1449
     126       0       4       5       0                               0D   1450
     141    4639       0       1       0       0       0       000010501D   1451
     141       0       4       1       0                               0D   1452
     126    4640       0       1       0       0       0       000010001D   1453
     126       0       4       5       0                               0D   1454
     126    4645       0       1       0       0       0       000010001D   1455
     126       0       4       6       0                               0D   1456
     141    4651       0       1       0       0       0       000010501D   1457
     141       0       4       1       0                               0D   1458
     143    4652       0       1       0       0       0       000000001D   1459
     143       0       4       1       0                               0D   1460
     128    4653       0       1       0       0       0       000010001D   1461
     128       0       4      30       5                               0D   1462
     126    4683       0       1       0       0       0       000010001D   1463
     126       0       4       6       0                               0D   1464
     126    4689       0       1       0       0       0       000010001D   1465
     126       0       4       5       0                               0D   1466
     126    4694       0       1       0       0       0       000010001D   1467
     126       0       4       5       0                               0D   1468
     126    4699       0       1       0       0       0       000010001D   1469
     126       0       4       5       0                               0D   1470
     141    4704       0       1       0       0       0       000010501D   1471
     141       0       4       1       0                               0D   1472
     143    4705       0       1       0       0       0       000000001D   1473
     143       0       4       1       0                               0D   1474
     128    4706       0       1       0       0       0       000010001D   1475
     128       0       4      16       2                               0D   1476
     126    4722       0       1       0       0       0       000010001D   1477
     126       0       4       2       0                               0D   1478
     126    4724       0       1       0       0       0       000010001D   1479
     126       0       4       5       0                               0D   1480
     126    4729       0       1       0       0       0       000010001D   1481
     126       0       4       2       0                               0D   1482
     126    4731       0       1       0       0       0       000010001D   1483
     126       0       4       5       0                               0D   1484
     141    4736       0       1       0       0       0       000010501D   1485
     141       0       4       1       0                               0D   1486
     143    4737       0       1       0       0       0       000000001D   1487
     143       0       4       1       0                               0D   1488
     128    4738       0       1       0       0       0       000010001D   1489
     128       0       4      42       5                               0D   1490
     126    4780       0       1       0       0       0       000010001D   1491
     126       0       4       6       0                               0D   1492
     126    4786       0       1       0       0       0       000010001D   1493
     126       0       4       6       0                               0D   1494
     126    4792       0       1       0       0       0       000010001D   1495
     126       0       4       6       0                               0D   1496
     126    4798       0       1       0       0       0       000010001D   1497
     126       0       4       5       0                               0D   1498
     141    4803       0       1       0       0       0       000010501D   1499
     141       0       4       1       0                               0D   1500
     143    4804       0       1       0       0       0       000000001D   1501
     143       0       4       1       0                               0D   1502
     128    4805       0       1       0       0       0       000010001D   1503
     128       0       4       4       1                               0D   1504
     126    4809       0       1       0       0       0       000010001D   1505
     126       0       4       6       0                               0D   1506
     126    4815       0       1       0       0       0       000010001D   1507
     126       0       4       6       0                               0D   1508
     141    4821       0       1       0       0       0       000010501D   1509
     141       0       4       1       0                               0D   1510
     126    4822       0       1       0       0       0       000010001D   1511
     126       0       4       6       0                               0D   1512
     126    4828       0       1       0       0       0       000010001D   1513
     126       0       4       7       0                               0D   1514
     141    4835       0       1       0       0       0       000010501D   1515
     141       0       4       1       0                               0D   1516
     143    4836       0       1       0       0       0       000000001D   1517
     143       0       4       1       0                               0D   1518
     128    4837       0       1       0       0       0       000010001D   1519
     128       0       4      44       4                               0D   1520
     126    4881       0       1       0       0       0       000010001D   1521
     126       0       4       7       0                               0D   1522
     126    4888       0       1       0       0       0       000010001D   1523
     126       0       4       7       0                               0D   1524
     126    4895       0       1       0       0       0       000010001D   1525
     126       0       4       7       0                               0D   1526
     126    4902       0       1       0       0       0       000010001D   1527
     126       0       4       7       0                               0D   1528
     126    4909       0       1       0       0       0       000010001D   1529
     126       0       4       7       0                               0D   1530
     126    4916       0       1       0       0       0       000010001D   1531
     126       0       4       7       0                               0D   1532
     141    4923       0       1       0       0       0       000010501D   1533
     141       0       4       2       0                               0D   1534
     143    4925       0       1       0       0       0       000000001D   1535
     143       0       4       1       0                               0D   1536
     128    4926       0       1       0       0       0       000010001D   1537
     128       0       4      44       4                               0D   1538
     126    4970       0       1       0       0       0       000010001D   1539
     126       0       4       7       0                               0D   1540
     126    4977       0       1       0       0       0       000010001D   1541
     126       0       4       7       0                               0D   1542
     126    4984       0       1       0       0       0       000010001D   1543
     126       0       4       7       0                               0D   1544
     126    4991       0       1       0       0       0       000010001D   1545
     126       0       4       7       0                               0D   1546
     126    4998       0       1       0       0       0       000010001D   1547
     126       0       4       7       0                               0D   1548
     126    5005       0       1       0       0       0       000010001D   1549
     126       0       4       7       0                               0D   1550
     141    5012       0       1       0       0       0       000010501D   1551
     141       0       4       2       0                               0D   1552
     143    5014       0       1       0       0       0       000000001D   1553
     143       0       4       1       0                               0D   1554
     128    5015       0       1       0       0       0       000010001D   1555
     128       0       4      44       4                               0D   1556
     126    5059       0       1       0       0       0       000010001D   1557
     126       0       4       7       0                               0D   1558
     126    5066       0       1       0       0       0       000010001D   1559
     126       0       4       7       0                               0D   1560
     126    5073       0       1       0       0       0       000010001D   1561
     126       0       4       7       0                               0D   1562
     126    5080       0       1       0       0       0       000010001D   1563
     126       0       4       7       0                               0D   1564
     126    5087       0       1       0       0       0       000010001D   1565
     126       0       4       7       0                               0D   1566
     126    5094       0       1       0       0       0       000010001D   1567
     126       0       4       7       0                               0D   1568
     141    5101       0       1       0       0       0       000010501D   1569
     141       0       4       2       0                               0D   1570
     143    5103       0       1       0       0       0       000000001D   1571
     143       0       4       1       0                               0D   1572
     128    5104       0       1       0       0       0       000010001D   1573
     128       0       4      44       4                               0D   1574
     126    5148       0       1       0       0       0       000010001D   1575
     126       0       4       7       0                               0D   1576
     126    5155       0       1       0       0       0       000010001D   1577
     126       0       4       7       0                               0D   1578
     126    5162       0       1       0       0       0       000010001D   1579
     126       0       4       7       0                               0D   1580
     126    5169       0       1       0       0       0       000010001D   1581
     126       0       4       7       0                               0D   1582
     126    5176       0       1       0       0       0       000010001D   1583
     126       0       4       7       0                               0D   1584
     126    5183       0       1       0       0       0       000010001D   1585
     126       0       4       7       0                               0D   1586
     141    5190       0       1       0       0       0       000010501D   1587
     141       0       4       2       0                               0D   1588
     143    5192       0       1       0       0       0       000000001D   1589
     143       0       4       1       0                               0D   1590
     128    5193       0       1       0       0       0       000010001D   1591
     128       0       4      44       4                               0D   1592
     126    5237       0       1       0       0       0       000010001D   1593
     126       0       4       7       0                               0D   1594
     126    5244       0       1       0       0       0       000010001D   1595
     126       0       4       7       0                               0D   1596
     126    5251       0       1       0       0       0       000010001D   1597
     126       0       4       7       0                               0D   1598
     126    5258       0       1       0       0       0       000010001D   1599
     126       0       4       7       0                               0D   1600
     126    5265       0       1       0       0       0       000010001D   1601
     126       0       4       7       0                               0D   1602
     126    5272       0       1       0       0       0       000010001D   1603
     126       0       4       7       0                               0D   1604
     141    5279       0       1       0       0       0       000010501D   1605
     141       0       4       2       0                               0D   1606
     143    5281       0       1       0       0       0       000000001D   1607
     143       0       4       1       0                               0D   1608
     128    5282       0       1       0       0       0       000010001D   1609
     128       0       4      24       4                               0D   1610
     126    5306       0       1       0       0       0       000010001D   1611
     126       0       4       6       0                               0D   1612
     126    5312       0       1       0       0       0       000010001D   1613
     126       0       4       5       0                               0D   1614
     126    5317       0       1       0       0       0       000010001D   1615
     126       0       4       5       0                               0D   1616
     126    5322       0       1       0       0       0       000010001D   1617
     126       0       4       5       0                               0D   1618
     126    5327       0       1       0       0       0       000010001D   1619
     126       0       4       5       0                               0D   1620
     126    5332       0       1       0       0       0       000010001D   1621
     126       0       4       5       0                               0D   1622
     141    5337       0       1       0       0       0       000010501D   1623
     141       0       4       2       0                               0D   1624
     143    5339       0       1       0       0       0       000000001D   1625
     143       0       4       1       0                               0D   1626
     128    5340       0       1       0       0       0       000010001D   1627
     128       0       4      44       4                               0D   1628
     126    5384       0       1       0       0       0       000010001D   1629
     126       0       4       8       0                               0D   1630
     126    5392       0       1       0       0       0       000010001D   1631
     126       0       4       7       0                               0D   1632
     126    5399       0       1       0       0       0       000010001D   1633
     126       0       4       7       0                               0D   1634
     126    5406       0       1       0       0       0       000010001D   1635
     126       0       4       7       0                               0D   1636
     126    5413       0       1       0       0       0       000010001D   1637
     126       0       4       7       0                               0D   1638
     126    5420       0       1       0       0       0       000010001D   1639
     126       0       4       7       0                               0D   1640
     141    5427       0       1       0       0       0       000010501D   1641
     141       0       4       2       0                               0D   1642
     143    5429       0       1       0       0       0       000000001D   1643
     143       0       4       1       0                               0D   1644
     128    5430       0       1       0       0       0       000010001D   1645
     128       0       4      44       4                               0D   1646
     126    5474       0       1       0       0       0       000010001D   1647
     126       0       4       7       0                               0D   1648
     126    5481       0       1       0       0       0       000010001D   1649
     126       0       4       7       0                               0D   1650
     126    5488       0       1       0       0       0       000010001D   1651
     126       0       4       7       0                               0D   1652
     126    5495       0       1       0       0       0       000010001D   1653
     126       0       4       7       0                               0D   1654
     126    5502       0       1       0       0       0       000010001D   1655
     126       0       4       7       0                               0D   1656
     126    5509       0       1       0       0       0       000010001D   1657
     126       0       4       7       0                               0D   1658
     141    5516       0       1       0       0       0       000010501D   1659
     141       0       4       2       0                               0D   1660
     143    5518       0       1       0       0       0       000000001D   1661
     143       0       4       1       0                               0D   1662
     128    5519       0       1       0       0       0       000010001D   1663
     128       0       4      44       4                               0D   1664
     126    5563       0       1       0       0       0       000010001D   1665
     126       0       4       7       0                               0D   1666
     126    5570       0       1       0       0       0       000010001D   1667
     126       0       4       7       0                               0D   1668
     126    5577       0       1       0       0       0       000010001D   1669
     126       0       4       7       0                               0D   1670
     126    5584       0       1       0       0       0       000010001D   1671
     126       0       4       7       0                               0D   1672
     126    5591       0       1       0       0       0       000010001D   1673
     126       0       4       7       0                               0D   1674
     126    5598       0       1       0       0       0       000010001D   1675
     126       0       4       7       0                               0D   1676
     141    5605       0       1       0       0       0       000010501D   1677
     141       0       4       2       0                               0D   1678
     143    5607       0       1       0       0       0       000000001D   1679
     143       0       4       1       0                               0D   1680
     128    5608       0       1       0       0       0       000010001D   1681
     128       0       4      44       4                               0D   1682
     126    5652       0       1       0       0       0       000010001D   1683
     126       0       4       7       0                               0D   1684
     126    5659       0       1       0       0       0       000010001D   1685
     126       0       4       7       0                               0D   1686
     126    5666       0       1       0       0       0       000010001D   1687
     126       0       4       7       0                               0D   1688
     126    5673       0       1       0       0       0       000010001D   1689
     126       0       4       7       0                               0D   1690
     126    5680       0       1       0       0       0       000010001D   1691
     126       0       4       7       0                               0D   1692
     126    5687       0       1       0       0       0       000010001D   1693
     126       0       4       7       0                               0D   1694
     141    5694       0       1       0       0       0       000010501D   1695
     141       0       4       2       0                               0D   1696
     143    5696       0       1       0       0       0       000000001D   1697
     143       0       4       1       0                               0D   1698
     128    5697       0       1       0       0       0       000010001D   1699
     128       0       4      44       4                               0D   1700
     126    5741       0       1       0       0       0       000010001D   1701
     126       0       4       7       0                               0D   1702
     126    5748       0       1       0       0       0       000010001D   1703
     126       0       4       7       0                               0D   1704
     126    5755       0       1       0       0       0       000010001D   1705
     126       0       4       7       0                               0D   1706
     126    5762       0       1       0       0       0       000010001D   1707
     126       0       4       7       0                               0D   1708
     126    5769       0       1       0       0       0       000010001D   1709
     126       0       4       7       0                               0D   1710
     126    5776       0       1       0       0       0       000010001D   1711
     126       0       4       7       0                               0D   1712
     141    5783       0       1       0       0       0       000010501D   1713
     141       0       4       2       0                               0D   1714
     143    5785       0       1       0       0       0       000000001D   1715
     143       0       4       1       0                               0D   1716
     128    5786       0       1       0       0       0       000010001D   1717
     128       0       4      16       2                               0D   1718
     126    5802       0       1       0       0       0       000010001D   1719
     126       0       4       2       0                               0D   1720
     126    5804       0       1       0       0       0       000010001D   1721
     126       0       4       5       0                               0D   1722
     126    5809       0       1       0       0       0       000010001D   1723
     126       0       4       3       0                               0D   1724
     126    5812       0       1       0       0       0       000010001D   1725
     126       0       4       6       0                               0D   1726
     141    5818       0       1       0       0       0       000010501D   1727
     141       0       4       1       0                               0D   1728
     143    5819       0       1       0       0       0       000000001D   1729
     143       0       4       1       0                               0D   1730
     128    5820       0       1       0       0       0       000010001D   1731
     128       0       4       3       1                               0D   1732
     126    5823       0       1       0       0       0       000010001D   1733
     126       0       4       6       0                               0D   1734
     126    5829       0       1       0       0       0       000010001D   1735
     126       0       4       6       0                               0D   1736
     141    5835       0       1       0       0       0       000010501D   1737
     141       0       4       1       0                               0D   1738
     126    5836       0       1       0       0       0       000010001D   1739
     126       0       4       6       0                               0D   1740
     126    5842       0       1       0       0       0       000010001D   1741
     126       0       4       6       0                               0D   1742
     141    5848       0       1       0       0       0       000010501D   1743
     141       0       4       1       0                               0D   1744
     143    5849       0       1       0       0       0       000000001D   1745
     143       0       4       1       0                               0D   1746
     128    5850       0       1       0       0       0       000010001D   1747
     128       0       4      15       3                               0D   1748
     126    5865       0       1       0       0       0       000010001D   1749
     126       0       4       3       0                               0D   1750
     126    5868       0       1       0       0       0       000010001D   1751
     126       0       4       5       0                               0D   1752
     126    5873       0       1       0       0       0       000010001D   1753
     126       0       4       4       0                               0D   1754
     126    5877       0       1       0       0       0       000010001D   1755
     126       0       4       6       0                               0D   1756
     141    5883       0       1       0       0       0       000010501D   1757
     141       0       4       1       0                               0D   1758
     143    5884       0       1       0       0       0       000000001D   1759
     143       0       4       1       0                               0D   1760
     128    5885       0       1       0       0       0       000010001D   1761
     128       0       4       3       1                               0D   1762
     126    5888       0       1       0       0       0       000010001D   1763
     126       0       4       5       0                               0D   1764
     126    5893       0       1       0       0       0       000010001D   1765
     126       0       4       5       0                               0D   1766
     141    5898       0       1       0       0       0       000010501D   1767
     141       0       4       1       0                               0D   1768
     126    5899       0       1       0       0       0       000010001D   1769
     126       0       4       6       0                               0D   1770
     126    5905       0       1       0       0       0       000010001D   1771
     126       0       4       6       0                               0D   1772
     141    5911       0       1       0       0       0       000010501D   1773
     141       0       4       1       0                               0D   1774
     143    5912       0       1       0       0       0       000000001D   1775
     143       0       4       1       0                               0D   1776
128,1,8,1,2,0,1,0,0,1,-0.024558878320666,-0.024558878320666,           1P      1
0.024558878320666,0.024558878320666,0.,0.,0.,17.63847195358,           1P      2
17.63847195358,35.27694390716,35.27694390716,52.91541586074,           1P      3
52.91541586074,70.55388781432,70.55388781432,70.55388781432,1.,        1P      4
1.,0.70710678118655,0.70710678118655,1.,1.,0.70710678118655,           1P      5
0.70710678118655,1.,1.,0.70710678118655,0.70710678118655,1.,1.,        1P      6
0.70710678118655,0.70710678118655,1.,1.,0.,-8.,-11.034,0.,             1P      7
-7.61,-11.424,11.034,-8.,-11.034,11.424,-7.61,-11.424,11.034,          1P      8
-8.,2.02684597621142E-015,11.424,-7.61,2.09848544791003E-015,          1P      9
11.034,-8.,11.034,11.424,-7.61,11.424,-3.49637360079827E-015,          1P     10
-8.,11.034,-3.44861395299920E-015,-7.61,11.424,-11.034,-8.,            1P     11
11.034,-11.424,-7.61,11.424,-11.034,-8.,-2.02684597621142E-015,        1P     12
-11.424,-7.61,-2.09848544791003E-015,-11.034,-8.,-11.034,              1P     13
-11.424,-7.61,-11.424,0.,-8.,-11.034,0.,-7.61,-11.424,                 1P     14
-0.024558878320666,0.024558878320666,0.,70.55388781432;                1P     15
126,1,1,0,0,1,0,-0.27577164466275,-0.27577164466275,                   3P     16
0.27577164466275,0.27577164466275,1.,1.,0.,-8.,11.034,0.,-7.61,        3P     17
11.424,-0.27577164466275,0.27577164466275,0.,0.,1.;                    3P     18
126,4,2,1,0,0,0,0.,0.,0.,1.5707963267949,1.5707963267949,              5P     19
3.1415926535898,3.1415926535898,3.1415926535898,1.,                    5P     20
0.70710678118655,1.,0.70710678118655,1.,-2.04962365439251E-015,        5P     21
-7.61,11.424,-11.424,-7.61,11.424,-11.424,-7.61,0.,-11.424,            5P     22
-7.61,-11.424,-2.04962365439251E-015,-7.61,-11.424,0.,                 5P     23
3.1415926535898,0.,-1.,0.;                                             5P     24
126,1,1,0,0,1,0,-0.27577164466275,-0.27577164466275,                   7P     25
0.27577164466275,0.27577164466275,1.,1.,-2.04962365439251E-015,        7P     26
-7.61,-11.424,-2.14514294999066E-015,-8.,-11.034,                      7P     27
-0.27577164466275,0.27577164466275,0.,0.,1.;                           7P     28
126,4,2,1,0,0,0,-3.1415926535898,-3.1415926535898,                     9P     29
-3.1415926535898,-1.5707963267949,-1.5707963267949,0.,0.,0.,1.,        9P     30
0.70710678118655,1.,0.70710678118655,1.,-2.14514294999066E-015,        9P     31
-8.,-11.034,-11.034,-8.,-11.034,-11.034,-8.,0.,-11.034,-8.,            9P     32
11.034,-2.14514294999066E-015,-8.,11.034,-3.1415926535898,0.,          9P     33
0.,1.,0.;                                                              9P     34
141,0,1,1,4,3,1,0,5,1,0,7,1,0,9,1,0;                                  11P     35
143,0,1,1,11;                                                         13P     36
128,1,8,1,2,0,1,0,0,1,-0.045749362983554,-0.045749362983554,          15P     37
0.045749362983554,0.045749362983554,0.,0.,0.,13.562255485547,         15P     38
13.562255485547,27.124510971094,27.124510971094,                      15P     39
40.686766456641,40.686766456641,54.249021942189,                      15P     40
54.249021942189,54.249021942189,1.,1.,0.70710678118655,               15P     41
0.70710678118655,1.,1.,0.70710678118655,0.70710678118655,1.,1.,       15P     42
0.70710678118655,0.70710678118655,1.,1.,0.70710678118655,             15P     43
0.70710678118655,1.,1.,0.,-7.21,-8.634,0.,-8.,-8.634,8.634,           15P     44
-7.21,-8.634,8.634,-8.,-8.634,8.634,-7.21,                            15P     45
1.58598768883536E-015,8.634,-8.,1.58598768883536E-015,8.634,          15P     46
-7.21,8.634,8.634,-8.,8.634,-2.81365555854229E-015,-7.21,8.634,       15P     47
-3.05551531342221E-015,-8.,8.634,-8.634,-7.21,8.634,-8.634,-8.,       15P     48
8.634,-8.634,-7.21,-1.58598768883536E-015,-8.634,-8.,                 15P     49
-1.58598768883536E-015,-8.634,-7.21,-8.634,-8.634,-8.,-8.634,         15P     50
0.,-7.21,-8.634,0.,-8.,-8.634,-0.045749362983554,                     15P     51
0.045749362983554,0.,54.249021942189;                                 15P     52
126,1,1,0,0,1,0,-0.395,-0.395,0.395,0.395,1.,1.,0.,-8.,8.634,         17P     53
0.,-7.21,8.634,-0.395,0.395,0.,0.,1.;                                 17P     54
126,4,2,1,0,0,0,0.,0.,0.,1.5707963267949,1.5707963267949,             19P     55
3.1415926535898,3.1415926535898,3.1415926535898,1.,                   19P     56
0.70710678118655,1.,0.70710678118655,1.,-1.75633043265205E-015,       19P     57
-7.21,8.634,8.634,-7.21,8.634,8.634,-7.21,                            19P     58
1.05732512589024E-015,8.634,-7.21,-8.634,0.,-7.21,-8.634,0.,          19P     59
3.1415926535898,0.,1.,0.;                                             19P     60
126,1,1,0,0,1,0,-0.395,-0.395,0.395,0.395,1.,1.,                      21P     61
-1.75633043265205E-015,-7.21,-8.634,-1.99819018753197E-015,-8.,       21P     62
-8.634,-0.395,0.395,0.,0.,1.;                                         21P     63
126,4,2,1,0,0,0,-3.1415926535898,-3.1415926535898,                    23P     64
-3.1415926535898,-1.5707963267949,-1.5707963267949,0.,0.,0.,1.,       23P     65
0.70710678118655,1.,0.70710678118655,1.,0.,-8.,-8.634,8.634,          23P     66
-8.,-8.634,8.634,-8.,1.05732512589024E-015,8.634,-8.,8.634,           23P     67
-1.99819018753197E-015,-8.,8.634,-3.1415926535898,0.,0.,-1.,0.;       23P     68
141,0,1,15,4,17,1,0,19,1,0,21,1,0,23,1,0;                             25P     69
143,0,15,1,25;                                                        27P     70
128,4,8,2,2,0,1,0,0,1,-1.5707963267949,-1.5707963267949,              29P     71
-1.5707963267949,0.,0.,1.5707963267949,1.5707963267949,               29P     72
1.5707963267949,0.,0.,0.,1.5707963267949,1.5707963267949,             29P     73
3.1415926535898,3.1415926535898,4.7123889803847,                      29P     74
4.7123889803847,6.2831853071796,6.2831853071796,                      29P     75
6.2831853071796,1.,0.70710678118655,1.,0.70710678118655,1.,           29P     76
0.70710678118655,0.5,0.70710678118655,0.5,0.70710678118655,1.,        29P     77
0.70710678118655,1.,0.70710678118655,1.,0.70710678118655,0.5,         29P     78
0.70710678118655,0.5,0.70710678118655,1.,0.70710678118655,1.,         29P     79
0.70710678118655,1.,0.70710678118655,0.5,0.70710678118655,0.5,        29P     80
0.70710678118655,1.,0.70710678118655,1.,0.70710678118655,1.,          29P     81
0.70710678118655,0.5,0.70710678118655,0.5,0.70710678118655,1.,        29P     82
0.70710678118655,1.,0.70710678118655,1.,4.1088702126626,-4.,          29P     83
6.393526849517,4.1088702126626,-1.6,6.393526849517,                   29P     84
5.406408174556,-1.6,8.4125353283118,6.7039461364494,-1.6,             29P     85
10.431543807107,6.7039461364494,-4.,10.431543807107,                  29P     86
4.1088702126626,-4.,6.393526849517,6.1278786914574,-1.6,              29P     87
5.0959888876235,7.4254166533508,-1.6,7.1149973664184,                 29P     88
8.7229546152443,-1.6,9.1340058452132,6.7039461364494,-4.,             29P     89
10.431543807107,4.1088702126626,-4.,6.393526849517,                   29P     90
6.1278786914574,-4.,5.0959888876235,7.4254166533508,-4.,              29P     91
7.1149973664184,8.7229546152443,-4.,9.1340058452132,                  29P     92
6.7039461364494,-4.,10.431543807107,4.1088702126626,-4.,              29P     93
6.393526849517,6.1278786914574,-6.4,5.0959888876235,                  29P     94
7.4254166533508,-6.4,7.1149973664184,8.7229546152443,-6.4,            29P     95
9.1340058452132,6.7039461364494,-4.,10.431543807107,                  29P     96
4.1088702126626,-4.,6.393526849517,4.1088702126626,-6.4,              29P     97
6.393526849517,5.406408174556,-6.4,8.4125353283118,                   29P     98
6.7039461364494,-6.4,10.431543807107,6.7039461364494,-4.,             29P     99
10.431543807107,4.1088702126626,-4.,6.393526849517,                   29P    100
2.0898617338677,-6.4,7.6910648114104,3.3873996957612,-6.4,            29P    101
9.7100732902052,4.6849376576546,-6.4,11.729081769,                    29P    102
6.7039461364494,-4.,10.431543807107,4.1088702126626,-4.,              29P    103
6.393526849517,2.0898617338677,-4.,7.6910648114104,                   29P    104
3.3873996957612,-4.,9.7100732902052,4.6849376576546,-4.,              29P    105
11.729081769,6.7039461364494,-4.,10.431543807107,                     29P    106
4.1088702126626,-4.,6.393526849517,2.0898617338677,-1.6,              29P    107
7.6910648114104,3.3873996957612,-1.6,9.7100732902052,                 29P    108
4.6849376576546,-1.6,11.729081769,6.7039461364494,-4.,                29P    109
10.431543807107,4.1088702126626,-4.,6.393526849517,                   29P    110
4.1088702126626,-1.6,6.393526849517,5.406408174556,-1.6,              29P    111
8.4125353283118,6.7039461364494,-1.6,10.431543807107,                 29P    112
6.7039461364494,-4.,10.431543807107,-1.5707963267949,                 29P    113
1.5707963267949,0.,6.2831853071796;                                   29P    114
126,2,2,1,0,0,0,-0.5235987755983,-0.5235987755983,                    31P    115
-0.5235987755983,0.5235987755983,0.5235987755983,                     31P    116
0.5235987755983,1.,0.86602540378444,1.,4.7576391936093,               31P    117
-1.9215390309173,7.4030310889144,5.406408174556,                      31P    118
-1.2287187078898,8.4125353283118,6.0551771555027,                     31P    119
-1.9215390309174,9.4220395677092,-0.5235987755983,                    31P    120
0.5235987755983,0.84125353283118,0.,-0.5406408174556;                 31P    121
126,2,2,1,0,0,0,-1.0471975511966,-1.0471975511966,                    33P    122
-1.0471975511966,1.99840144432528E-015,1.99840144432528E-015,         33P    123
1.99840144432528E-015,1.,0.86602540378444,1.,6.0551771555027,         33P    124
-1.9215390309174,9.4220395677092,6.7039461364494,                     33P    125
-2.6143593539449,10.431543807107,6.7039461364494,-4.,                 33P    126
10.431543807107,-1.0471975511966,1.93609805145068E-015,               33P    127
0.84125353283118,0.,-0.5406408174556;                                 33P    128
126,2,2,1,0,0,0,1.93609805145068E-015,1.93609805145068E-015,          35P    129
1.93609805145068E-015,1.0471975511966,1.0471975511966,                35P    130
1.0471975511966,1.,0.86602540378444,1.,6.7039461364494,-4.,           35P    131
10.431543807107,6.7039461364494,-5.3856406460551,                     35P    132
10.431543807107,6.0551771555027,-6.0784609690827,                     35P    133
9.4220395677092,1.93609805145068E-015,1.0471975511966,                35P    134
0.84125353283118,0.,-0.5406408174556;                                 35P    135
126,2,2,1,0,0,0,-3.6651914291881,-3.6651914291881,                    37P    136
-3.6651914291881,-2.6179938779915,-2.6179938779915,                   37P    137
-2.6179938779915,1.,0.86602540378444,1.,6.0551771555027,              37P    138
-6.0784609690827,9.4220395677092,5.406408174556,                      37P    139
-6.7712812921102,8.4125353283118,4.7576391936093,                     37P    140
-6.0784609690827,7.4030310889144,-3.6651914291881,                    37P    141
-2.6179938779915,0.84125353283118,0.,-0.5406408174556;                37P    142
126,2,2,1,0,0,0,2.0943951023932,2.0943951023932,                      39P    143
2.0943951023932,3.1415926535898,3.1415926535898,                      39P    144
3.1415926535898,1.,0.86602540378444,1.,4.7576391936093,               39P    145
-6.0784609690827,7.4030310889144,4.1088702126626,                     39P    146
-5.3856406460551,6.393526849517,4.1088702126626,-4.,                  39P    147
6.393526849517,2.0943951023932,3.1415926535898,                       39P    148
0.84125353283118,0.,-0.5406408174556;                                 39P    149
126,2,2,1,0,0,0,3.1415926535898,3.1415926535898,                      41P    150
3.1415926535898,4.1887902047864,4.1887902047864,                      41P    151
4.1887902047864,1.,0.86602540378444,1.,4.1088702126626,-4.,           41P    152
6.393526849517,4.1088702126626,-2.6143593539449,6.393526849517,       41P    153
4.7576391936093,-1.9215390309173,7.4030310889144,                     41P    154
3.1415926535898,4.1887902047864,0.84125353283118,0.,                  41P    155
-0.5406408174556;                                                     41P    156
141,0,1,29,6,31,1,0,33,1,0,35,1,0,37,1,0,39,1,0,41,1,0;               43P    157
143,0,29,1,43;                                                        45P    158
128,4,8,2,2,0,1,0,0,1,-1.5707963267949,-1.5707963267949,              47P    159
-1.5707963267949,0.,0.,1.5707963267949,1.5707963267949,               47P    160
1.5707963267949,0.,0.,0.,1.5707963267949,1.5707963267949,             47P    161
3.1415926535898,3.1415926535898,4.7123889803847,                      47P    162
4.7123889803847,6.2831853071796,6.2831853071796,                      47P    163
6.2831853071796,1.,0.70710678118655,1.,0.70710678118655,1.,           47P    164
0.70710678118655,0.5,0.70710678118655,0.5,0.70710678118655,1.,        47P    165
0.70710678118655,1.,0.70710678118655,1.,0.70710678118655,0.5,         47P    166
0.70710678118655,0.5,0.70710678118655,1.,0.70710678118655,1.,         47P    167
0.70710678118655,1.,0.70710678118655,0.5,0.70710678118655,0.5,        47P    168
0.70710678118655,1.,0.70710678118655,1.,0.70710678118655,1.,          47P    169
0.70710678118655,0.5,0.70710678118655,0.5,0.70710678118655,1.,        47P    170
0.70710678118655,1.,0.70710678118655,1.,7.5226429582951,-4.,          47P    171
-1.081592770877,7.5226429582951,-1.6,-1.081592770877,                 47P    172
9.8982144188093,-1.6,-1.4231483827329,12.273785879324,-1.6,           47P    173
-1.7647039945888,12.273785879324,-4.,-1.7647039945888,                47P    174
7.5226429582951,-4.,-1.081592770877,7.1810873464392,-1.6,             47P    175
-3.4571642313912,9.5566588069534,-1.6,-3.7987198432471,               47P    176
11.932230267468,-1.6,-4.140275455103,12.273785879324,-4.,             47P    177
-1.7647039945888,7.5226429582951,-4.,-1.081592770877,                 47P    178
7.1810873464392,-4.,-3.4571642313912,9.5566588069534,-4.,             47P    179
-3.7987198432471,11.932230267468,-4.,-4.140275455103,                 47P    180
12.273785879324,-4.,-1.7647039945888,7.5226429582951,-4.,             47P    181
-1.081592770877,7.1810873464392,-6.4,-3.4571642313912,                47P    182
9.5566588069534,-6.4,-3.7987198432471,11.932230267468,-6.4,           47P    183
-4.140275455103,12.273785879324,-4.,-1.7647039945888,                 47P    184
7.5226429582951,-4.,-1.081592770877,7.5226429582951,-6.4,             47P    185
-1.081592770877,9.8982144188093,-6.4,-1.4231483827329,                47P    186
12.273785879324,-6.4,-1.7647039945888,12.273785879324,-4.,            47P    187
-1.7647039945888,7.5226429582951,-4.,-1.081592770877,                 47P    188
7.864198570151,-6.4,1.2939786896373,10.239770030665,-6.4,             47P    189
0.95242307778137,12.615341491179,-6.4,0.61086746592548,               47P    190
12.273785879324,-4.,-1.7647039945888,7.5226429582951,-4.,             47P    191
-1.081592770877,7.864198570151,-4.,1.2939786896373,                   47P    192
10.239770030665,-4.,0.95242307778137,12.615341491179,-4.,             47P    193
0.61086746592548,12.273785879324,-4.,-1.7647039945888,                47P    194
7.5226429582951,-4.,-1.081592770877,7.864198570151,-1.6,              47P    195
1.2939786896373,10.239770030665,-1.6,0.95242307778137,                47P    196
12.615341491179,-1.6,0.61086746592548,12.273785879324,-4.,            47P    197
-1.7647039945888,7.5226429582951,-4.,-1.081592770877,                 47P    198
7.5226429582951,-1.6,-1.081592770877,9.8982144188093,-1.6,            47P    199
-1.4231483827329,12.273785879324,-1.6,-1.7647039945888,               47P    200
12.273785879324,-4.,-1.7647039945888,-1.5707963267949,                47P    201
1.5707963267949,0.,6.2831853071796;                                   47P    202
126,2,2,1,0,0,0,-0.5235987755983,-0.5235987755983,                    49P    203
-0.5235987755983,0.5235987755983,0.5235987755983,                     49P    204
0.5235987755983,1.,0.86602540378444,1.,8.7104286885522,               49P    205
-1.9215390309173,-1.2523705768049,9.8982144188093,                    49P    206
-1.2287187078898,-1.4231483827329,11.086000149066,                    49P    207
-1.9215390309174,-1.5939261886608,-0.5235987755983,                   49P    208
0.5235987755983,-0.14231483827329,0.,-0.98982144188093;               49P    209
126,2,2,1,0,0,0,-1.0471975511966,-1.0471975511966,                    51P    210
-1.0471975511966,1.77635683940025E-015,1.77635683940025E-015,         51P    211
1.77635683940025E-015,1.,0.86602540378444,1.,11.086000149066,         51P    212
-1.9215390309174,-1.5939261886608,12.273785879324,                    51P    213
-2.6143593539449,-1.7647039945888,12.273785879324,-4.,                51P    214
-1.7647039945888,-1.0471975511966,1.66855046367704E-015,              51P    215
-0.14231483827329,0.,-0.98982144188093;                               51P    216
126,2,2,1,0,0,0,1.66855046367704E-015,1.66855046367704E-015,          53P    217
1.66855046367704E-015,1.0471975511966,1.0471975511966,                53P    218
1.0471975511966,1.,0.86602540378444,1.,12.273785879324,-4.,           53P    219
-1.7647039945888,12.273785879324,-5.3856406460551,                    53P    220
-1.7647039945888,11.086000149066,-6.0784609690827,                    53P    221
-1.5939261886608,1.66855046367704E-015,1.0471975511966,               53P    222
-0.14231483827329,0.,-0.98982144188093;                               53P    223
126,2,2,1,0,0,0,-3.6651914291881,-3.6651914291881,                    55P    224
-3.6651914291881,-2.6179938779915,-2.6179938779915,                   55P    225
-2.6179938779915,1.,0.86602540378444,1.,11.086000149066,              55P    226
-6.0784609690827,-1.5939261886608,9.8982144188093,                    55P    227
-6.7712812921102,-1.4231483827329,8.7104286885522,                    55P    228
-6.0784609690827,-1.2523705768049,-3.6651914291881,                   55P    229
-2.6179938779915,-0.14231483827329,0.,-0.98982144188093;              55P    230
126,2,2,1,0,0,0,2.0943951023932,2.0943951023932,                      57P    231
2.0943951023932,3.1415926535898,3.1415926535898,                      57P    232
3.1415926535898,1.,0.86602540378444,1.,8.7104286885522,               57P    233
-6.0784609690827,-1.2523705768049,7.5226429582951,                    57P    234
-5.3856406460551,-1.081592770877,7.5226429582951,-4.,                 57P    235
-1.081592770877,2.0943951023932,3.1415926535898,                      57P    236
-0.14231483827329,0.,-0.98982144188093;                               57P    237
126,2,2,1,0,0,0,3.1415926535898,3.1415926535898,                      59P    238
3.1415926535898,4.1887902047864,4.1887902047864,                      59P    239
4.1887902047864,1.,0.86602540378444,1.,7.5226429582951,-4.,           59P    240
-1.081592770877,7.5226429582951,-2.6143593539449,                     59P    241
-1.081592770877,8.7104286885522,-1.9215390309173,                     59P    242
-1.2523705768049,3.1415926535898,4.1887902047864,                     59P    243
-0.14231483827329,0.,-0.98982144188093;                               59P    244
141,0,1,47,6,49,1,0,51,1,0,53,1,0,55,1,0,57,1,0,59,1,0;               61P    245
143,0,47,1,61;                                                        63P    246
128,4,8,2,2,0,1,0,0,1,-1.5707963267949,-1.5707963267949,              65P    247
-1.5707963267949,0.,0.,1.5707963267949,1.5707963267949,               65P    248
1.5707963267949,0.,0.,0.,1.5707963267949,1.5707963267949,             65P    249
3.1415926535898,3.1415926535898,4.7123889803847,                      65P    250
4.7123889803847,6.2831853071796,6.2831853071796,                      65P    251
6.2831853071796,1.,0.70710678118655,1.,0.70710678118655,1.,           65P    252
0.70710678118655,0.5,0.70710678118655,0.5,0.70710678118655,1.,        65P    253
0.70710678118655,1.,0.70710678118655,1.,0.70710678118655,0.5,         65P    254
0.70710678118655,0.5,0.70710678118655,1.,0.70710678118655,1.,         65P    255
0.70710678118655,1.,0.70710678118655,0.5,0.70710678118655,0.5,        65P    256
0.70710678118655,1.,0.70710678118655,1.,0.70710678118655,1.,          65P    257
0.70710678118655,0.5,0.70710678118655,0.5,0.70710678118655,1.,        65P    258
0.70710678118655,1.,0.70710678118655,1.,2.1411674319949,-4.,          65P    259
-7.2921465994702,2.1411674319949,-1.6,-7.2921465994702,               65P    260
2.8173255684143,-1.6,-9.594929736145,3.4934837048337,-1.6,            65P    261
-11.89771287282,3.4934837048337,-4.,-11.89771287282,                  65P    262
2.1411674319949,-4.,-7.2921465994702,-0.16161570467994,-1.6,          65P    263
-7.9683047358896,0.51454243173949,-1.6,-10.271087872564,              65P    264
1.1907005681589,-1.6,-12.573871009239,3.4934837048337,-4.,            65P    265
-11.89771287282,2.1411674319949,-4.,-7.2921465994702,                 65P    266
-0.16161570467994,-4.,-7.9683047358896,0.51454243173949,-4.,          65P    267
-10.271087872564,1.1907005681589,-4.,-12.573871009239,                65P    268
3.4934837048337,-4.,-11.89771287282,2.1411674319949,-4.,              65P    269
-7.2921465994702,-0.16161570467994,-6.4,-7.9683047358896,             65P    270
0.51454243173949,-6.4,-10.271087872564,1.1907005681589,-6.4,          65P    271
-12.573871009239,3.4934837048337,-4.,-11.89771287282,                 65P    272
2.1411674319949,-4.,-7.2921465994702,2.1411674319949,-6.4,            65P    273
-7.2921465994702,2.8173255684143,-6.4,-9.594929736145,                65P    274
3.4934837048337,-6.4,-11.89771287282,3.4934837048337,-4.,             65P    275
-11.89771287282,2.1411674319949,-4.,-7.2921465994702,                 65P    276
4.4439505686697,-6.4,-6.6159884630508,5.1201087050891,-6.4,           65P    277
-8.9187715997255,5.7962668415085,-6.4,-11.2215547364,                 65P    278
3.4934837048337,-4.,-11.89771287282,2.1411674319949,-4.,              65P    279
-7.2921465994702,4.4439505686697,-4.,-6.6159884630508,                65P    280
5.1201087050891,-4.,-8.9187715997255,5.7962668415085,-4.,             65P    281
-11.2215547364,3.4934837048337,-4.,-11.89771287282,                   65P    282
2.1411674319949,-4.,-7.2921465994702,4.4439505686697,-1.6,            65P    283
-6.6159884630508,5.1201087050891,-1.6,-8.9187715997255,               65P    284
5.7962668415085,-1.6,-11.2215547364,3.4934837048337,-4.,              65P    285
-11.89771287282,2.1411674319949,-4.,-7.2921465994702,                 65P    286
2.1411674319949,-1.6,-7.2921465994702,2.8173255684143,-1.6,           65P    287
-9.594929736145,3.4934837048337,-1.6,-11.89771287282,                 65P    288
3.4934837048337,-4.,-11.89771287282,-1.5707963267949,                 65P    289
1.5707963267949,0.,6.2831853071796;                                   65P    290
126,2,2,1,0,0,0,1.0471975511966,1.0471975511966,                      67P    291
1.0471975511966,2.0943951023932,2.0943951023932,                      67P    292
2.0943951023932,1.,0.86602540378444,1.,2.4792465002046,               67P    293
-6.0784609690827,-8.4435381678076,2.8173255684143,                    67P    294
-6.7712812921102,-9.594929736145,3.155404636624,                      67P    295
-6.0784609690827,-10.746321304482,1.0471975511966,                    67P    296
2.0943951023932,0.9594929736145,0.,0.28173255684143;                  67P    297
126,2,2,1,0,0,0,-1.0471975511966,-1.0471975511966,                    69P    298
-1.0471975511966,-1.79861998583060E-015,-1.79861998583060E-015,       69P    299
-1.79861998583060E-015,1.,0.86602540378444,1.,3.155404636624,         69P    300
-6.0784609690827,-10.746321304482,3.4934837048337,                    69P    301
-5.3856406460551,-11.89771287282,3.4934837048337,-4.,                 69P    302
-11.89771287282,-1.0471975511966,-1.79861998583060E-015,              69P    303
0.9594929736145,0.,0.28173255684143;                                  69P    304
126,2,2,1,0,0,0,-1.77635683940025E-015,-1.77635683940025E-015,        71P    305
-1.77635683940025E-015,1.0471975511966,1.0471975511966,               71P    306
1.0471975511966,1.,0.86602540378444,1.,3.4934837048337,-4.,           71P    307
-11.89771287282,3.4934837048337,-2.6143593539449,                     71P    308
-11.89771287282,3.155404636624,-1.9215390309174,                      71P    309
-10.746321304482,-1.79861998583060E-015,1.0471975511966,              71P    310
0.9594929736145,0.,0.28173255684143;                                  71P    311
126,2,2,1,0,0,0,-2.0943951023932,-2.0943951023932,                    73P    312
-2.0943951023932,-1.0471975511966,-1.0471975511966,                   73P    313
-1.0471975511966,1.,0.86602540378444,1.,3.155404636624,               73P    314
-1.9215390309174,-10.746321304482,2.8173255684143,                    73P    315
-1.2287187078898,-9.594929736145,2.4792465002046,                     73P    316
-1.9215390309173,-8.4435381678076,-2.0943951023932,                   73P    317
-1.0471975511966,0.9594929736145,0.,0.28173255684143;                 73P    318
126,2,2,1,0,0,0,-4.1887902047864,-4.1887902047864,                    75P    319
-4.1887902047864,-3.1415926535898,-3.1415926535898,                   75P    320
-3.1415926535898,1.,0.86602540378444,1.,2.4792465002046,              75P    321
-1.9215390309173,-8.4435381678076,2.1411674319949,                    75P    322
-2.6143593539449,-7.2921465994702,2.1411674319949,-4.,                75P    323
-7.2921465994702,-4.1887902047864,-3.1415926535898,                   75P    324
0.9594929736145,0.,0.28173255684143;                                  75P    325
126,2,2,1,0,0,0,-3.1415926535898,-3.1415926535898,                    77P    326
-3.1415926535898,-2.0943951023932,-2.0943951023932,                   77P    327
-2.0943951023932,1.,0.86602540378444,1.,2.1411674319949,-4.,          77P    328
-7.2921465994702,2.1411674319949,-5.3856406460551,                    77P    329
-7.2921465994702,2.4792465002046,-6.0784609690827,                    77P    330
-8.4435381678076,-3.1415926535898,-2.0943951023932,                   77P    331
0.9594929736145,0.,0.28173255684143;                                  77P    332
141,0,1,65,6,67,1,0,69,1,0,71,1,0,73,1,0,75,1,0,77,1,0;               79P    333
143,0,65,1,79;                                                        81P    334
128,4,8,2,2,0,1,0,0,1,-1.5707963267949,-1.5707963267949,              83P    335
-1.5707963267949,0.,0.,1.5707963267949,1.5707963267949,               83P    336
1.5707963267949,0.,0.,0.,1.5707963267949,1.5707963267949,             83P    337
3.1415926535898,3.1415926535898,4.7123889803847,                      83P    338
4.7123889803847,6.2831853071796,6.2831853071796,                      83P    339
6.2831853071796,1.,0.70710678118655,1.,0.70710678118655,1.,           83P    340
0.70710678118655,0.5,0.70710678118655,0.5,0.70710678118655,1.,        83P    341
0.70710678118655,1.,0.70710678118655,1.,0.70710678118655,0.5,         83P    342
0.70710678118655,0.5,0.70710678118655,1.,0.70710678118655,1.,         83P    343
0.70710678118655,1.,0.70710678118655,0.5,0.70710678118655,0.5,        83P    344
0.70710678118655,1.,0.70710678118655,1.,0.70710678118655,1.,          83P    345
0.70710678118655,0.5,0.70710678118655,0.5,0.70710678118655,1.,        83P    346
0.70710678118655,1.,0.70710678118655,1.,-5.7436967650924,-4.,         83P    347
-4.9769415779842,-5.7436967650924,-1.6,-4.9769415779842,              83P    348
-7.5574957435426,-1.6,-6.5486073394528,-9.3712947219928,-1.6,         83P    349
-8.1202731009215,-9.3712947219928,-4.,-8.1202731009215,               83P    350
-5.7436967650924,-4.,-4.9769415779842,-7.315362526561,-1.6,           83P    351
-3.1631425995339,-9.1291615050113,-1.6,-4.7348083610026,              83P    352
-10.942960483461,-1.6,-6.3064741224713,-9.3712947219928,-4.,          83P    353
-8.1202731009215,-5.7436967650924,-4.,-4.9769415779842,               83P    354
-7.315362526561,-4.,-3.1631425995339,-9.1291615050113,-4.,            83P    355
-4.7348083610026,-10.942960483461,-4.,-6.3064741224713,               83P    356
-9.3712947219928,-4.,-8.1202731009215,-5.7436967650924,-4.,           83P    357
-4.9769415779842,-7.315362526561,-6.4,-3.1631425995339,               83P    358
-9.1291615050113,-6.4,-4.7348083610026,-10.942960483461,-6.4,         83P    359
-6.3064741224713,-9.3712947219928,-4.,-8.1202731009215,               83P    360
-5.7436967650924,-4.,-4.9769415779842,-5.7436967650924,-6.4,          83P    361
-4.9769415779842,-7.5574957435426,-6.4,-6.5486073394528,              83P    362
-9.3712947219928,-6.4,-8.1202731009215,-9.3712947219928,-4.,          83P    363
-8.1202731009215,-5.7436967650924,-4.,-4.9769415779842,               83P    364
-4.1720310036237,-6.4,-6.7907405564344,-5.9858299820739,-6.4,         83P    365
-8.3624063179031,-7.7996289605241,-6.4,-9.9340720793718,              83P    366
-9.3712947219928,-4.,-8.1202731009215,-5.7436967650924,-4.,           83P    367
-4.9769415779842,-4.1720310036237,-4.,-6.7907405564344,               83P    368
-5.9858299820739,-4.,-8.3624063179031,-7.7996289605241,-4.,           83P    369
-9.9340720793718,-9.3712947219928,-4.,-8.1202731009215,               83P    370
-5.7436967650924,-4.,-4.9769415779842,-4.1720310036237,-1.6,          83P    371
-6.7907405564344,-5.9858299820739,-1.6,-8.3624063179031,              83P    372
-7.7996289605241,-1.6,-9.9340720793718,-9.3712947219928,-4.,          83P    373
-8.1202731009215,-5.7436967650924,-4.,-4.9769415779842,               83P    374
-5.7436967650924,-1.6,-4.9769415779842,-7.5574957435426,-1.6,         83P    375
-6.5486073394528,-9.3712947219928,-1.6,-8.1202731009215,              83P    376
-9.3712947219928,-4.,-8.1202731009215,-1.5707963267949,               83P    377
1.5707963267949,0.,6.2831853071796;                                   83P    378
126,2,2,1,0,0,0,-0.5235987755983,-0.5235987755983,                    85P    379
-0.5235987755983,0.5235987755983,0.5235987755983,                     85P    380
0.5235987755983,1.,0.86602540378444,1.,-8.4643952327677,              85P    381
-6.0784609690827,-7.3344402201872,-7.5574957435426,                   85P    382
-6.7712812921102,-6.5486073394528,-6.6505962543175,                   85P    383
-6.0784609690827,-5.7627744587185,-0.5235987755983,                   85P    384
0.5235987755983,-0.65486073394528,0.,0.75574957435426;                85P    385
126,2,2,1,0,0,0,2.0943951023932,2.0943951023932,                      87P    386
2.0943951023932,3.1415926535898,3.1415926535898,                      87P    387
3.1415926535898,1.,0.86602540378444,1.,-6.6505962543175,              87P    388
-6.0784609690827,-5.7627744587185,-5.7436967650924,                   87P    389
-5.3856406460551,-4.9769415779842,-5.7436967650924,-4.,               87P    390
-4.9769415779842,2.0943951023932,3.1415926535898,                     87P    391
-0.65486073394528,0.,0.75574957435426;                                87P    392
126,2,2,1,0,0,0,3.1415926535898,3.1415926535898,                      89P    393
3.1415926535898,4.1887902047864,4.1887902047864,                      89P    394
4.1887902047864,1.,0.86602540378444,1.,-5.7436967650924,-4.,          89P    395
-4.9769415779842,-5.7436967650924,-2.6143593539449,                   89P    396
-4.9769415779842,-6.6505962543175,-1.9215390309173,                   89P    397
-5.7627744587185,3.1415926535898,4.1887902047864,                     89P    398
-0.65486073394528,0.,0.75574957435426;                                89P    399
126,2,2,1,0,0,0,-3.6651914291881,-3.6651914291881,                    91P    400
-3.6651914291881,-2.6179938779915,-2.6179938779915,                   91P    401
-2.6179938779915,1.,0.86602540378444,1.,-6.6505962543175,             91P    402
-1.9215390309173,-5.7627744587185,-7.5574957435426,                   91P    403
-1.2287187078898,-6.5486073394529,-8.4643952327677,                   91P    404
-1.9215390309173,-7.3344402201872,-3.6651914291881,                   91P    405
-2.6179938779915,-0.65486073394528,0.,0.75574957435426;               91P    406
126,2,2,1,0,0,0,-1.0471975511966,-1.0471975511966,                    93P    407
-1.0471975511966,1.99840144432528E-015,1.99840144432528E-015,         93P    408
1.99840144432528E-015,1.,0.86602540378444,1.,-8.4643952327677,        93P    409
-1.9215390309174,-7.3344402201872,-9.3712947219928,                   93P    410
-2.6143593539449,-8.1202731009215,-9.3712947219928,-4.,               93P    411
-8.1202731009215,-1.0471975511966,1.98919606730651E-015,              93P    412
-0.65486073394528,0.,0.75574957435426;                                93P    413
126,2,2,1,0,0,0,1.98919606730651E-015,1.98919606730651E-015,          95P    414
1.98919606730651E-015,1.0471975511966,1.0471975511966,                95P    415
1.0471975511966,1.,0.86602540378444,1.,-9.3712947219928,-4.,          95P    416
-8.1202731009215,-9.3712947219928,-5.3856406460551,                   95P    417
-8.1202731009215,-8.4643952327677,-6.0784609690827,                   95P    418
-7.3344402201872,1.98919606730651E-015,1.0471975511966,               95P    419
-0.65486073394528,0.,0.75574957435426;                                95P    420
141,0,1,83,6,85,1,0,87,1,0,89,1,0,91,1,0,93,1,0,95,1,0;               97P    421
143,0,83,1,97;                                                        99P    422
128,4,8,2,2,0,1,0,0,1,-1.5707963267949,-1.5707963267949,             101P    423
-1.5707963267949,0.,0.,1.5707963267949,1.5707963267949,              101P    424
1.5707963267949,0.,0.,0.,1.5707963267949,1.5707963267949,            101P    425
3.1415926535898,3.1415926535898,4.7123889803847,                     101P    426
4.7123889803847,6.2831853071796,6.2831853071796,                     101P    427
6.2831853071796,1.,0.70710678118655,1.,0.70710678118655,1.,          101P    428
0.70710678118655,0.5,0.70710678118655,0.5,0.70710678118655,1.,       101P    429
0.70710678118655,1.,0.70710678118655,1.,0.70710678118655,0.5,        101P    430
0.70710678118655,0.5,0.70710678118655,1.,0.70710678118655,1.,        101P    431
0.70710678118655,1.,0.70710678118655,0.5,0.70710678118655,0.5,       101P    432
0.70710678118655,1.,0.70710678118655,1.,0.70710678118655,1.,         101P    433
0.70710678118655,0.5,0.70710678118655,0.5,0.70710678118655,1.,       101P    434
0.70710678118655,1.,0.70710678118655,1.,-6.9132031646943,-4.,        101P    435
3.1571540988143,-6.9132031646943,-1.6,3.1571540988143,               101P    436
-9.0963199535452,-1.6,4.1541501300189,-11.279436742396,-1.6,         101P    437
5.1511461612234,-11.279436742396,-4.,5.1511461612234,                101P    438
-6.9132031646943,-4.,3.1571540988143,-5.9162071334898,-1.6,          101P    439
5.3402708876652,-8.0993239223407,-1.6,6.3372669188697,               101P    440
-10.282440711191,-1.6,7.3342629500742,-11.279436742396,-4.,          101P    441
5.1511461612234,-6.9132031646943,-4.,3.1571540988143,                101P    442
-5.9162071334898,-4.,5.3402708876652,-8.0993239223407,-4.,           101P    443
6.3372669188697,-10.282440711191,-4.,7.3342629500742,                101P    444
-11.279436742396,-4.,5.1511461612234,-6.9132031646943,-4.,           101P    445
3.1571540988143,-5.9162071334898,-6.4,5.3402708876652,               101P    446
-8.0993239223407,-6.4,6.3372669188697,-10.282440711191,-6.4,         101P    447
7.3342629500742,-11.279436742396,-4.,5.1511461612234,                101P    448
-6.9132031646943,-4.,3.1571540988143,-6.9132031646943,-6.4,          101P    449
3.1571540988143,-9.0963199535452,-6.4,4.1541501300189,               101P    450
-11.279436742396,-6.4,5.1511461612234,-11.279436742396,-4.,          101P    451
5.1511461612234,-6.9132031646943,-4.,3.1571540988143,                101P    452
-7.9101991958989,-6.4,0.97403730996349,-10.09331598475,-6.4,         101P    453
1.971033341168,-12.276432773601,-6.4,2.9680293723726,                101P    454
-11.279436742396,-4.,5.1511461612234,-6.9132031646943,-4.,           101P    455
3.1571540988143,-7.9101991958989,-4.,0.97403730996349,               101P    456
-10.09331598475,-4.,1.971033341168,-12.276432773601,-4.,             101P    457
2.9680293723726,-11.279436742396,-4.,5.1511461612234,                101P    458
-6.9132031646943,-4.,3.1571540988143,-7.9101991958989,-1.6,          101P    459
0.97403730996349,-10.09331598475,-1.6,1.971033341168,                101P    460
-12.276432773601,-1.6,2.9680293723726,-11.279436742396,-4.,          101P    461
5.1511461612234,-6.9132031646943,-4.,3.1571540988143,                101P    462
-6.9132031646943,-1.6,3.1571540988143,-9.0963199535452,-1.6,         101P    463
4.1541501300189,-11.279436742396,-1.6,5.1511461612234,               101P    464
-11.279436742396,-4.,5.1511461612234,-1.5707963267949,               101P    465
1.5707963267949,0.,6.2831853071796;                                  101P    466
126,2,2,1,0,0,0,-0.5235987755983,-0.5235987755983,                   103P    467
-0.5235987755983,0.5235987755983,0.5235987755983,                    103P    468
0.5235987755983,1.,0.86602540378444,1.,-10.187878347971,             103P    469
-6.0784609690827,4.6526481456211,-9.0963199535452,                   103P    470
-6.7712812921102,4.1541501300189,-8.0047615591198,                   103P    471
-6.0784609690827,3.6556521144166,-0.5235987755983,                   103P    472
0.5235987755983,0.41541501300189,-1.20185167898974E-015,             103P    473
0.90963199535452;                                                    103P    474
126,2,2,1,0,0,0,2.0943951023932,2.0943951023932,                     105P    475
2.0943951023932,3.1415926535898,3.1415926535898,                     105P    476
3.1415926535898,1.,0.86602540378444,1.,-8.0047615591198,             105P    477
-6.0784609690827,3.6556521144166,-6.9132031646943,                   105P    478
-5.3856406460551,3.1571540988143,-6.9132031646943,-4.,               105P    479
3.1571540988143,2.0943951023932,3.1415926535898,                     105P    480
0.41541501300189,0.,0.90963199535452;                                105P    481
126,2,2,1,0,0,0,3.1415926535898,3.1415926535898,                     107P    482
3.1415926535898,4.1887902047864,4.1887902047864,                     107P    483
4.1887902047864,1.,0.86602540378444,1.,-6.9132031646943,-4.,         107P    484
3.1571540988143,-6.9132031646943,-2.6143593539449,                   107P    485
3.1571540988143,-8.0047615591198,-1.9215390309173,                   107P    486
3.6556521144166,3.1415926535898,4.1887902047864,                     107P    487
0.41541501300189,0.,0.90963199535452;                                107P    488
126,2,2,1,0,0,0,-3.6651914291881,-3.6651914291881,                   109P    489
-3.6651914291881,-2.6179938779915,-2.6179938779915,                  109P    490
-2.6179938779915,1.,0.86602540378444,1.,-8.0047615591198,            109P    491
-1.9215390309173,3.6556521144166,-9.0963199535452,                   109P    492
-1.2287187078898,4.1541501300189,-10.187878347971,                   109P    493
-1.9215390309173,4.6526481456211,-3.6651914291881,                   109P    494
-2.6179938779915,0.41541501300189,0.,0.90963199535452;               109P    495
126,2,2,1,0,0,0,-1.0471975511966,-1.0471975511966,                   111P    496
-1.0471975511966,2.22044604925031E-015,2.22044604925031E-015,        111P    497
2.22044604925031E-015,1.,0.86602540378444,1.,-10.187878347971,       111P    498
-1.9215390309173,4.6526481456211,-11.279436742396,                   111P    499
-2.6143593539449,5.1511461612234,-11.279436742396,-4.,               111P    500
5.1511461612234,-1.0471975511966,2.20250004665214E-015,              111P    501
0.41541501300189,0.,0.90963199535452;                                111P    502
126,2,2,1,0,0,0,2.20250004665214E-015,2.20250004665214E-015,         113P    503
2.20250004665214E-015,1.0471975511966,1.0471975511966,               113P    504
1.0471975511966,1.,0.86602540378444,1.,-11.279436742396,-4.,         113P    505
5.1511461612234,-11.279436742396,-5.3856406460551,                   113P    506
5.1511461612234,-10.187878347971,-6.0784609690827,                   113P    507
4.6526481456211,2.20250004665214E-015,1.0471975511966,               113P    508
0.41541501300189,0.,0.90963199535452;                                113P    509
141,0,1,101,6,103,1,0,105,1,0,107,1,0,109,1,0,111,1,0,113,1,0;       115P    510
143,0,101,1,115;                                                     117P    511
128,4,8,2,2,0,1,0,0,1,-1.5707963267949,-1.5707963267949,             119P    512
-1.5707963267949,0.,0.,1.5707963267949,1.5707963267949,              119P    513
1.5707963267949,0.,0.,0.,1.5707963267949,1.5707963267949,            119P    514
3.1415926535898,3.1415926535898,4.7123889803847,                     119P    515
4.7123889803847,6.2831853071796,6.2831853071796,                     119P    516
6.2831853071796,1.,0.70710678118655,1.,0.70710678118655,1.,          119P    517
0.70710678118655,0.5,0.70710678118655,0.5,0.70710678118655,1.,       119P    518
0.70710678118655,1.,0.70710678118655,1.,0.70710678118655,0.5,        119P    519
0.70710678118655,0.5,0.70710678118655,1.,0.70710678118655,1.,        119P    520
0.70710678118655,1.,0.70710678118655,0.5,0.70710678118655,0.5,       119P    521
0.70710678118655,1.,0.70710678118655,1.,0.70710678118655,1.,         119P    522
0.70710678118655,0.5,0.70710678118655,0.5,0.70710678118655,1.,       119P    523
0.70710678118655,1.,0.70710678118655,1.,0.,-4.,7.6,0.,-1.6,7.6,      119P    524
0.,-1.6,10.,0.,-1.6,12.4,0.,-4.,12.4,0.,-4.,7.6,2.4,-1.6,7.6,        119P    525
2.4,-1.6,10.,2.4,-1.6,12.4,0.,-4.,12.4,0.,-4.,7.6,2.4,-4.,7.6,       119P    526
2.4,-4.,10.,2.4,-4.,12.4,0.,-4.,12.4,0.,-4.,7.6,2.4,-6.4,7.6,        119P    527
2.4,-6.4,10.,2.4,-6.4,12.4,0.,-4.,12.4,0.,-4.,7.6,                   119P    528
-1.46952762458685E-015,-6.4,7.6,-1.46952762458685E-015,-6.4,         119P    529
10.,-1.46952762458685E-015,-6.4,12.4,0.,-4.,12.4,0.,-4.,7.6,         119P    530
-2.4,-6.4,7.6,-2.4,-6.4,10.,-2.4,-6.4,12.4,0.,-4.,12.4,0.,-4.,       119P    531
7.6,-2.4,-4.,7.6,-2.4,-4.,10.,-2.4,-4.,12.4,0.,-4.,12.4,0.,-4.,      119P    532
7.6,-2.4,-1.6,7.6,-2.4,-1.6,10.,-2.4,-1.6,12.4,0.,-4.,12.4,0.,       119P    533
-4.,7.6,0.,-1.6,7.6,0.,-1.6,10.,0.,-1.6,12.4,0.,-4.,12.4,            119P    534
-1.5707963267949,1.5707963267949,0.,6.2831853071796;                 119P    535
126,2,2,1,0,0,0,1.0471975511966,1.0471975511966,                     121P    536
1.0471975511966,2.0943951023932,2.0943951023932,                     121P    537
2.0943951023932,1.,0.86602540378444,1.,-1.37108793952103E-015,       121P    538
-6.0784609690827,8.8,-1.58319598193024E-015,-6.7712812921102,        121P    539
10.,-1.37108793952103E-015,-6.0784609690827,11.2,                    121P    540
1.0471975511966,2.0943951023932,-1.,0.,0.;                           121P    541
126,2,2,1,0,0,0,-1.0471975511966,-1.0471975511966,                   123P    542
-1.0471975511966,-2.03540887847945E-015,-2.03540887847945E-015,      123P    543
-2.03540887847945E-015,1.,0.86602540378444,1.,                       123P    544
-1.11655828862999E-015,-6.0784609690827,11.2,0.,                     123P    545
-5.3856406460551,12.4,0.,-4.,12.4,-1.0471975511966,                  123P    546
-2.03540887847945E-015,-1.,0.,0.;                                    123P    547
126,2,2,1,0,0,0,-1.99840144432528E-015,-1.99840144432528E-015,       125P    548
-1.99840144432528E-015,1.0471975511966,1.0471975511966,              125P    549
1.0471975511966,1.,0.86602540378444,1.,0.,-4.,12.4,0.,               125P    550
-2.6143593539449,12.4,0.,-1.9215390309173,11.2,                      125P    551
-2.03540887847945E-015,1.0471975511966,-1.,0.,0.;                    125P    552
126,2,2,1,0,0,0,-2.0943951023932,-2.0943951023932,                   127P    553
-2.0943951023932,-1.0471975511966,-1.0471975511966,                  127P    554
-1.0471975511966,1.,0.86602540378444,1.,0.,-1.9215390309173,         127P    555
11.2,0.,-1.2287187078898,10.,0.,-1.9215390309173,8.8,                127P    556
-2.0943951023932,-1.0471975511966,-1.,0.,0.;                         127P    557
126,2,2,1,0,0,0,-4.1887902047864,-4.1887902047864,                   129P    558
-4.1887902047864,-3.1415926535898,-3.1415926535898,                  129P    559
-3.1415926535898,1.,0.86602540378444,1.,0.,-1.9215390309173,         129P    560
8.8,0.,-2.6143593539449,7.6,0.,-4.,7.6,-4.1887902047864,             129P    561
-3.1415926535898,-1.,0.,0.;                                          129P    562
126,2,2,1,0,0,0,-3.1415926535898,-3.1415926535898,                   131P    563
-3.1415926535898,-2.0943951023932,-2.0943951023932,                  131P    564
-2.0943951023932,1.,0.86602540378444,1.,0.,-4.,7.6,0.,               131P    565
-5.3856406460551,7.6,-1.11655828862999E-015,-6.0784609690827,        131P    566
8.8,-3.1415926535898,-2.0943951023932,-1.,0.,0.;                     131P    567
141,0,1,119,6,121,1,0,123,1,0,125,1,0,127,1,0,129,1,0,131,1,0;       133P    568
143,0,119,1,133;                                                     135P    569
128,4,8,2,2,0,1,0,0,1,-1.5707963267949,-1.5707963267949,             137P    570
-1.5707963267949,0.,0.,1.5707963267949,1.5707963267949,              137P    571
1.5707963267949,0.,0.,0.,1.5707963267949,1.5707963267949,            137P    572
3.1415926535898,3.1415926535898,4.7123889803847,                     137P    573
4.7123889803847,6.2831853071796,6.2831853071796,                     137P    574
6.2831853071796,1.,0.70710678118655,1.,0.70710678118655,1.,          137P    575
0.70710678118655,0.5,0.70710678118655,0.5,0.70710678118655,1.,       137P    576
0.70710678118655,1.,0.70710678118655,1.,0.70710678118655,0.5,        137P    577
0.70710678118655,0.5,0.70710678118655,1.,0.70710678118655,1.,        137P    578
0.70710678118655,1.,0.70710678118655,0.5,0.70710678118655,0.5,       137P    579
0.70710678118655,1.,0.70710678118655,1.,0.70710678118655,1.,         137P    580
0.70710678118655,0.5,0.70710678118655,0.5,0.70710678118655,1.,       137P    581
0.70710678118655,1.,0.70710678118655,1.,-4.1088702126625,-4.,        137P    582
6.393526849517,-4.1088702126625,-1.6,6.393526849517,                 137P    583
-5.406408174556,-1.6,8.4125353283118,-6.7039461364494,-1.6,          137P    584
10.431543807107,-6.7039461364494,-4.,10.431543807107,                137P    585
-4.1088702126625,-4.,6.393526849517,-2.0898617338677,-1.6,           137P    586
7.6910648114104,-3.3873996957611,-1.6,9.7100732902052,               137P    587
-4.6849376576546,-1.6,11.729081769,-6.7039461364494,-4.,             137P    588
10.431543807107,-4.1088702126625,-4.,6.393526849517,                 137P    589
-2.0898617338677,-4.,7.6910648114104,-3.3873996957611,-4.,           137P    590
9.7100732902052,-4.6849376576546,-4.,11.729081769,                   137P    591
-6.7039461364494,-4.,10.431543807107,-4.1088702126625,-4.,           137P    592
6.393526849517,-2.0898617338677,-6.4,7.6910648114104,                137P    593
-3.3873996957611,-6.4,9.7100732902052,-4.6849376576546,-6.4,         137P    594
11.729081769,-6.7039461364494,-4.,10.431543807107,                   137P    595
-4.1088702126625,-4.,6.393526849517,-4.1088702126625,-6.4,           137P    596
6.393526849517,-5.406408174556,-6.4,8.4125353283118,                 137P    597
-6.7039461364494,-6.4,10.431543807107,-6.7039461364494,-4.,          137P    598
10.431543807107,-4.1088702126625,-4.,6.393526849517,                 137P    599
-6.1278786914574,-6.4,5.0959888876235,-7.4254166533508,-6.4,         137P    600
7.1149973664184,-8.7229546152442,-6.4,9.1340058452132,               137P    601
-6.7039461364494,-4.,10.431543807107,-4.1088702126625,-4.,           137P    602
6.393526849517,-6.1278786914574,-4.,5.0959888876235,                 137P    603
-7.4254166533508,-4.,7.1149973664184,-8.7229546152442,-4.,           137P    604
9.1340058452132,-6.7039461364494,-4.,10.431543807107,                137P    605
-4.1088702126625,-4.,6.393526849517,-6.1278786914574,-1.6,           137P    606
5.0959888876235,-7.4254166533508,-1.6,7.1149973664184,               137P    607
-8.7229546152442,-1.6,9.1340058452132,-6.7039461364494,-4.,          137P    608
10.431543807107,-4.1088702126625,-4.,6.393526849517,                 137P    609
-4.1088702126625,-1.6,6.393526849517,-5.406408174556,-1.6,           137P    610
8.4125353283118,-6.7039461364494,-1.6,10.431543807107,               137P    611
-6.7039461364494,-4.,10.431543807107,-1.5707963267949,               137P    612
1.5707963267949,0.,6.2831853071796;                                  137P    613
126,2,2,1,0,0,0,-0.52359877559829,-0.52359877559829,                 139P    614
-0.52359877559829,0.5235987755983,0.5235987755983,                   139P    615
0.5235987755983,1.,0.86602540378444,1.,-6.0551771555027,             139P    616
-6.0784609690827,9.4220395677092,-5.406408174556,                    139P    617
-6.7712812921102,8.4125353283118,-4.7576391936093,                   139P    618
-6.0784609690827,7.4030310889144,-0.52359877559829,                  139P    619
0.5235987755983,0.84125353283118,0.,0.5406408174556;                 139P    620
126,2,2,1,0,0,0,2.0943951023932,2.0943951023932,                     141P    621
2.0943951023932,3.1415926535898,3.1415926535898,                     141P    622
3.1415926535898,1.,0.86602540378444,1.,-4.7576391936093,             141P    623
-6.0784609690827,7.4030310889144,-4.1088702126625,                   141P    624
-5.3856406460551,6.393526849517,-4.1088702126625,-4.,                141P    625
6.393526849517,2.0943951023932,3.1415926535898,                      141P    626
0.84125353283118,0.,0.5406408174556;                                 141P    627
126,2,2,1,0,0,0,3.1415926535898,3.1415926535898,                     143P    628
3.1415926535898,4.1887902047864,4.1887902047864,                     143P    629
4.1887902047864,1.,0.86602540378444,1.,-4.1088702126625,-4.,         143P    630
6.393526849517,-4.1088702126625,-2.6143593539449,                    143P    631
6.393526849517,-4.7576391936093,-1.9215390309173,                    143P    632
7.4030310889144,3.1415926535898,4.1887902047864,                     143P    633
0.84125353283118,0.,0.5406408174556;                                 143P    634
126,2,2,1,0,0,0,-3.6651914291881,-3.6651914291881,                   145P    635
-3.6651914291881,-2.6179938779915,-2.6179938779915,                  145P    636
-2.6179938779915,1.,0.86602540378444,1.,-4.7576391936093,            145P    637
-1.9215390309173,7.4030310889144,-5.406408174556,                    145P    638
-1.2287187078898,8.4125353283118,-6.0551771555027,                   145P    639
-1.9215390309173,9.4220395677092,-3.6651914291881,                   145P    640
-2.6179938779915,0.84125353283118,0.,0.5406408174556;                145P    641
126,2,2,1,0,0,0,-1.0471975511966,-1.0471975511966,                   147P    642
-1.0471975511966,2.22044604925031E-015,2.22044604925031E-015,        147P    643
2.22044604925031E-015,1.,0.86602540378443,1.,-6.0551771555027,       147P    644
-1.9215390309173,9.4220395677092,-6.7039461364494,                   147P    645
-2.6143593539449,10.431543807107,-6.7039461364494,-4.,               147P    646
10.431543807107,-1.0471975511966,2.13471970550823E-015,              147P    647
0.84125353283118,0.,0.5406408174556;                                 147P    648
126,2,2,1,0,0,0,2.13471970550823E-015,2.13471970550823E-015,         149P    649
2.13471970550823E-015,1.0471975511966,1.0471975511966,               149P    650
1.0471975511966,1.,0.86602540378444,1.,-6.7039461364494,-4.,         149P    651
10.431543807107,-6.7039461364494,-5.3856406460551,                   149P    652
10.431543807107,-6.0551771555027,-6.0784609690827,                   149P    653
9.4220395677092,2.13471970550823E-015,1.0471975511966,               149P    654
0.84125353283118,0.,0.5406408174556;                                 149P    655
141,0,1,137,6,139,1,0,141,1,0,143,1,0,145,1,0,147,1,0,149,1,0;       151P    656
143,0,137,1,151;                                                     153P    657
128,4,8,2,2,0,1,0,0,1,-1.5707963267949,-1.5707963267949,             155P    658
-1.5707963267949,0.,0.,1.5707963267949,1.5707963267949,              155P    659
1.5707963267949,0.,0.,0.,1.5707963267949,1.5707963267949,            155P    660
3.1415926535898,3.1415926535898,4.7123889803847,                     155P    661
4.7123889803847,6.2831853071796,6.2831853071796,                     155P    662
6.2831853071796,1.,0.70710678118655,1.,0.70710678118655,1.,          155P    663
0.70710678118655,0.5,0.70710678118655,0.5,0.70710678118655,1.,       155P    664
0.70710678118655,1.,0.70710678118655,1.,0.70710678118655,0.5,        155P    665
0.70710678118655,0.5,0.70710678118655,1.,0.70710678118655,1.,        155P    666
0.70710678118655,1.,0.70710678118655,0.5,0.70710678118655,0.5,       155P    667
0.70710678118655,1.,0.70710678118655,1.,0.70710678118655,1.,         155P    668
0.70710678118655,0.5,0.70710678118655,0.5,0.70710678118655,1.,       155P    669
0.70710678118655,1.,0.70710678118655,1.,-7.5226429582951,-4.,        155P    670
-1.081592770877,-7.5226429582951,-1.6,-1.081592770877,               155P    671
-9.8982144188093,-1.6,-1.4231483827328,-12.273785879324,-1.6,        155P    672
-1.7647039945887,-12.273785879324,-4.,-1.7647039945887,              155P    673
-7.5226429582951,-4.,-1.081592770877,-7.864198570151,-1.6,           155P    674
1.2939786896373,-10.239770030665,-1.6,0.95242307778139,              155P    675
-12.615341491179,-1.6,0.61086746592551,-12.273785879324,-4.,         155P    676
-1.7647039945887,-7.5226429582951,-4.,-1.081592770877,               155P    677
-7.864198570151,-4.,1.2939786896373,-10.239770030665,-4.,            155P    678
0.95242307778139,-12.615341491179,-4.,0.61086746592551,              155P    679
-12.273785879324,-4.,-1.7647039945887,-7.5226429582951,-4.,          155P    680
-1.081592770877,-7.864198570151,-6.4,1.2939786896373,                155P    681
-10.239770030665,-6.4,0.95242307778139,-12.615341491179,-6.4,        155P    682
0.61086746592551,-12.273785879324,-4.,-1.7647039945887,              155P    683
-7.5226429582951,-4.,-1.081592770877,-7.5226429582951,-6.4,          155P    684
-1.081592770877,-9.8982144188093,-6.4,-1.4231483827328,              155P    685
-12.273785879324,-6.4,-1.7647039945887,-12.273785879324,-4.,         155P    686
-1.7647039945887,-7.5226429582951,-4.,-1.081592770877,               155P    687
-7.1810873464392,-6.4,-3.4571642313912,-9.5566588069534,-6.4,        155P    688
-3.7987198432471,-11.932230267468,-6.4,-4.140275455103,              155P    689
-12.273785879324,-4.,-1.7647039945887,-7.5226429582951,-4.,          155P    690
-1.081592770877,-7.1810873464392,-4.,-3.4571642313912,               155P    691
-9.5566588069534,-4.,-3.7987198432471,-11.932230267468,-4.,          155P    692
-4.140275455103,-12.273785879324,-4.,-1.7647039945887,               155P    693
-7.5226429582951,-4.,-1.081592770877,-7.1810873464392,-1.6,          155P    694
-3.4571642313912,-9.5566588069534,-1.6,-3.7987198432471,             155P    695
-11.932230267468,-1.6,-4.140275455103,-12.273785879324,-4.,          155P    696
-1.7647039945887,-7.5226429582951,-4.,-1.081592770877,               155P    697
-7.5226429582951,-1.6,-1.081592770877,-9.8982144188093,-1.6,         155P    698
-1.4231483827328,-12.273785879324,-1.6,-1.7647039945887,             155P    699
-12.273785879324,-4.,-1.7647039945887,-1.5707963267949,              155P    700
1.5707963267949,0.,6.2831853071796;                                  155P    701
126,2,2,1,0,0,0,-0.5235987755983,-0.5235987755983,                   157P    702
-0.5235987755983,0.5235987755983,0.5235987755983,                    157P    703
0.5235987755983,1.,0.86602540378444,1.,-11.086000149066,             157P    704
-6.0784609690827,-1.5939261886608,-9.8982144188093,                  157P    705
-6.7712812921102,-1.4231483827328,-8.7104286885522,                  157P    706
-6.0784609690827,-1.2523705768049,-0.5235987755983,                  157P    707
0.5235987755983,-0.14231483827328,0.,0.98982144188093;               157P    708
126,2,2,1,0,0,0,2.0943951023932,2.0943951023932,                     159P    709
2.0943951023932,3.1415926535898,3.1415926535898,                     159P    710
3.1415926535898,1.,0.86602540378444,1.,-8.7104286885522,             159P    711
-6.0784609690827,-1.2523705768049,-7.5226429582951,                  159P    712
-5.3856406460551,-1.081592770877,-7.5226429582951,-4.,               159P    713
-1.081592770877,2.0943951023932,3.1415926535898,                     159P    714
-0.14231483827328,0.,0.98982144188093;                               159P    715
126,2,2,1,0,0,0,3.1415926535898,3.1415926535898,                     161P    716
3.1415926535898,4.1887902047864,4.1887902047864,                     161P    717
4.1887902047864,1.,0.86602540378443,1.,-7.5226429582951,-4.,         161P    718
-1.081592770877,-7.5226429582951,-2.6143593539449,                   161P    719
-1.081592770877,-8.7104286885522,-1.9215390309173,                   161P    720
-1.2523705768049,3.1415926535898,4.1887902047864,                    161P    721
-0.14231483827328,0.,0.98982144188093;                               161P    722
126,2,2,1,0,0,0,-3.6651914291881,-3.6651914291881,                   163P    723
-3.6651914291881,-2.6179938779915,-2.6179938779915,                  163P    724
-2.6179938779915,1.,0.86602540378444,1.,-8.7104286885522,            163P    725
-1.9215390309173,-1.2523705768049,-9.8982144188093,                  163P    726
-1.2287187078898,-1.4231483827328,-11.086000149066,                  163P    727
-1.9215390309173,-1.5939261886608,-3.6651914291881,                  163P    728
-2.6179938779915,-0.14231483827328,0.,0.98982144188093;              163P    729
126,2,2,1,0,0,0,-1.0471975511966,-1.0471975511966,                   165P    730
-1.0471975511966,1.99840144432528E-015,1.99840144432528E-015,        165P    731
1.99840144432528E-015,1.,0.86602540378444,1.,-11.086000149066,       165P    732
-1.9215390309173,-1.5939261886608,-12.273785879324,                  165P    733
-2.6143593539449,-1.7647039945887,-12.273785879324,-4.,              165P    734
-1.7647039945887,-1.0471975511966,2.03219295174015E-015,             165P    735
-0.14231483827329,0.,0.98982144188093;                               165P    736
126,2,2,1,0,0,0,2.03219295174015E-015,2.03219295174015E-015,         167P    737
2.03219295174015E-015,1.0471975511966,1.0471975511966,               167P    738
1.0471975511966,1.,0.86602540378443,1.,-12.273785879324,-4.,         167P    739
-1.7647039945887,-12.273785879324,-5.3856406460551,                  167P    740
-1.7647039945887,-11.086000149066,-6.0784609690827,                  167P    741
-1.5939261886608,2.03219295174015E-015,1.0471975511966,              167P    742
-0.14231483827328,0.,0.98982144188093;                               167P    743
141,0,1,155,6,157,1,0,159,1,0,161,1,0,163,1,0,165,1,0,167,1,0;       169P    744
143,0,155,1,169;                                                     171P    745
128,4,8,2,2,0,1,0,0,1,-1.5707963267949,-1.5707963267949,             173P    746
-1.5707963267949,0.,0.,1.5707963267949,1.5707963267949,              173P    747
1.5707963267949,0.,0.,0.,1.5707963267949,1.5707963267949,            173P    748
3.1415926535898,3.1415926535898,4.7123889803847,                     173P    749
4.7123889803847,6.2831853071796,6.2831853071796,                     173P    750
6.2831853071796,1.,0.70710678118655,1.,0.70710678118655,1.,          173P    751
0.70710678118655,0.5,0.70710678118655,0.5,0.70710678118655,1.,       173P    752
0.70710678118655,1.,0.70710678118655,1.,0.70710678118655,0.5,        173P    753
0.70710678118655,0.5,0.70710678118655,1.,0.70710678118655,1.,        173P    754
0.70710678118655,1.,0.70710678118655,0.5,0.70710678118655,0.5,       173P    755
0.70710678118655,1.,0.70710678118655,1.,0.70710678118655,1.,         173P    756
0.70710678118655,0.5,0.70710678118655,0.5,0.70710678118655,1.,       173P    757
0.70710678118655,1.,0.70710678118655,1.,-2.1411674319949,-4.,        173P    758
-7.2921465994702,-2.1411674319949,-1.6,-7.2921465994702,             173P    759
-2.8173255684143,-1.6,-9.594929736145,-3.4934837048337,-1.6,         173P    760
-11.89771287282,-3.4934837048337,-4.,-11.89771287282,                173P    761
-2.1411674319949,-4.,-7.2921465994702,-4.4439505686697,-1.6,         173P    762
-6.6159884630507,-5.1201087050891,-1.6,-8.9187715997255,             173P    763
-5.7962668415085,-1.6,-11.2215547364,-3.4934837048337,-4.,           173P    764
-11.89771287282,-2.1411674319949,-4.,-7.2921465994702,               173P    765
-4.4439505686697,-4.,-6.6159884630507,-5.1201087050891,-4.,          173P    766
-8.9187715997255,-5.7962668415085,-4.,-11.2215547364,                173P    767
-3.4934837048337,-4.,-11.89771287282,-2.1411674319949,-4.,           173P    768
-7.2921465994702,-4.4439505686697,-6.4,-6.6159884630507,             173P    769
-5.1201087050891,-6.4,-8.9187715997255,-5.7962668415085,-6.4,        173P    770
-11.2215547364,-3.4934837048337,-4.,-11.89771287282,                 173P    771
-2.1411674319949,-4.,-7.2921465994702,-2.1411674319949,-6.4,         173P    772
-7.2921465994702,-2.8173255684143,-6.4,-9.594929736145,              173P    773
-3.4934837048337,-6.4,-11.89771287282,-3.4934837048337,-4.,          173P    774
-11.89771287282,-2.1411674319949,-4.,-7.2921465994702,               173P    775
0.16161570467992,-6.4,-7.9683047358896,-0.51454243173951,-6.4,       173P    776
-10.271087872564,-1.1907005681589,-6.4,-12.573871009239,             173P    777
-3.4934837048337,-4.,-11.89771287282,-2.1411674319949,-4.,           173P    778
-7.2921465994702,0.16161570467992,-4.,-7.9683047358896,              173P    779
-0.51454243173951,-4.,-10.271087872564,-1.1907005681589,-4.,         173P    780
-12.573871009239,-3.4934837048337,-4.,-11.89771287282,               173P    781
-2.1411674319949,-4.,-7.2921465994702,0.16161570467992,-1.6,         173P    782
-7.9683047358896,-0.51454243173951,-1.6,-10.271087872564,            173P    783
-1.1907005681589,-1.6,-12.573871009239,-3.4934837048337,-4.,         173P    784
-11.89771287282,-2.1411674319949,-4.,-7.2921465994702,               173P    785
-2.1411674319949,-1.6,-7.2921465994702,-2.8173255684143,-1.6,        173P    786
-9.594929736145,-3.4934837048337,-1.6,-11.89771287282,               173P    787
-3.4934837048337,-4.,-11.89771287282,-1.5707963267949,               173P    788
1.5707963267949,0.,6.2831853071796;                                  173P    789
126,2,2,1,0,0,0,1.0471975511966,1.0471975511966,                     175P    790
1.0471975511966,2.0943951023932,2.0943951023932,                     175P    791
2.0943951023932,1.,0.86602540378444,1.,-2.4792465002046,             175P    792
-6.0784609690827,-8.4435381678076,-2.8173255684143,                  175P    793
-6.7712812921102,-9.594929736145,-3.155404636624,                    175P    794
-6.0784609690827,-10.746321304482,1.0471975511966,                   175P    795
2.0943951023932,0.9594929736145,0.,-0.28173255684143;                175P    796
126,2,2,1,0,0,0,-1.0471975511966,-1.0471975511966,                   177P    797
-1.0471975511966,-1.90212342958659E-015,-1.90212342958659E-015,      177P    798
-1.90212342958659E-015,1.,0.86602540378444,1.,-3.155404636624,       177P    799
-6.0784609690827,-10.746321304482,-3.4934837048337,                  177P    800
-5.3856406460551,-11.89771287282,-3.4934837048337,-4.,               177P    801
-11.89771287282,-1.0471975511966,-1.90212342958659E-015,             177P    802
0.9594929736145,0.,-0.28173255684143;                                177P    803
126,2,2,1,0,0,0,-1.99840144432528E-015,-1.99840144432528E-015,       179P    804
-1.99840144432528E-015,1.0471975511966,1.0471975511966,              179P    805
1.0471975511966,1.,0.86602540378444,1.,-3.4934837048337,-4.,         179P    806
-11.89771287282,-3.4934837048337,-2.6143593539449,                   179P    807
-11.89771287282,-3.155404636624,-1.9215390309174,                    179P    808
-10.746321304482,-1.90212342958659E-015,1.0471975511966,             179P    809
0.9594929736145,0.,-0.28173255684143;                                179P    810
126,2,2,1,0,0,0,-2.0943951023932,-2.0943951023932,                   181P    811
-2.0943951023932,-1.0471975511966,-1.0471975511966,                  181P    812
-1.0471975511966,1.,0.86602540378444,1.,-3.155404636624,             181P    813
-1.9215390309174,-10.746321304482,-2.8173255684143,                  181P    814
-1.2287187078898,-9.594929736145,-2.4792465002046,                   181P    815
-1.9215390309173,-8.4435381678076,-2.0943951023932,                  181P    816
-1.0471975511966,0.9594929736145,0.,-0.28173255684143;               181P    817
126,2,2,1,0,0,0,-4.1887902047864,-4.1887902047864,                   183P    818
-4.1887902047864,-3.1415926535898,-3.1415926535898,                  183P    819
-3.1415926535898,1.,0.86602540378444,1.,-2.4792465002046,            183P    820
-1.9215390309173,-8.4435381678076,-2.1411674319949,                  183P    821
-2.6143593539449,-7.2921465994702,-2.1411674319949,-4.,              183P    822
-7.2921465994702,-4.1887902047864,-3.1415926535898,                  183P    823
0.9594929736145,0.,-0.28173255684143;                                183P    824
126,2,2,1,0,0,0,-3.1415926535898,-3.1415926535898,                   185P    825
-3.1415926535898,-2.0943951023932,-2.0943951023932,                  185P    826
-2.0943951023932,1.,0.86602540378444,1.,-2.1411674319949,-4.,        185P    827
-7.2921465994702,-2.1411674319949,-5.3856406460551,                  185P    828
-7.2921465994702,-2.4792465002046,-6.0784609690827,                  185P    829
-8.4435381678076,-3.1415926535898,-2.0943951023932,                  185P    830
0.9594929736145,0.,-0.28173255684143;                                185P    831
141,0,1,173,6,175,1,0,177,1,0,179,1,0,181,1,0,183,1,0,185,1,0;       187P    832
143,0,173,1,187;                                                     189P    833
128,4,8,2,2,0,1,0,0,1,-1.5707963267949,-1.5707963267949,             191P    834
-1.5707963267949,0.,0.,1.5707963267949,1.5707963267949,              191P    835
1.5707963267949,0.,0.,0.,1.5707963267949,1.5707963267949,            191P    836
3.1415926535898,3.1415926535898,4.7123889803847,                     191P    837
4.7123889803847,6.2831853071796,6.2831853071796,                     191P    838
6.2831853071796,1.,0.70710678118655,1.,0.70710678118655,1.,          191P    839
0.70710678118655,0.5,0.70710678118655,0.5,0.70710678118655,1.,       191P    840
0.70710678118655,1.,0.70710678118655,1.,0.70710678118655,0.5,        191P    841
0.70710678118655,0.5,0.70710678118655,1.,0.70710678118655,1.,        191P    842
0.70710678118655,1.,0.70710678118655,0.5,0.70710678118655,0.5,       191P    843
0.70710678118655,1.,0.70710678118655,1.,0.70710678118655,1.,         191P    844
0.70710678118655,0.5,0.70710678118655,0.5,0.70710678118655,1.,       191P    845
0.70710678118655,1.,0.70710678118655,1.,5.7436967650924,-4.,         191P    846
-4.9769415779842,5.7436967650924,-1.6,-4.9769415779842,              191P    847
7.5574957435426,-1.6,-6.5486073394529,9.3712947219928,-1.6,          191P    848
-8.1202731009215,9.3712947219928,-4.,-8.1202731009215,               191P    849
5.7436967650924,-4.,-4.9769415779842,4.1720310036237,-1.6,           191P    850
-6.7907405564344,5.9858299820739,-1.6,-8.3624063179031,              191P    851
7.7996289605241,-1.6,-9.9340720793718,9.3712947219928,-4.,           191P    852
-8.1202731009215,5.7436967650924,-4.,-4.9769415779842,               191P    853
4.1720310036237,-4.,-6.7907405564344,5.9858299820739,-4.,            191P    854
-8.3624063179031,7.7996289605241,-4.,-9.9340720793718,               191P    855
9.3712947219928,-4.,-8.1202731009215,5.7436967650924,-4.,            191P    856
-4.9769415779842,4.1720310036237,-6.4,-6.7907405564344,              191P    857
5.9858299820739,-6.4,-8.3624063179031,7.7996289605241,-6.4,          191P    858
-9.9340720793718,9.3712947219928,-4.,-8.1202731009215,               191P    859
5.7436967650924,-4.,-4.9769415779842,5.7436967650924,-6.4,           191P    860
-4.9769415779842,7.5574957435426,-6.4,-6.5486073394529,              191P    861
9.3712947219928,-6.4,-8.1202731009215,9.3712947219928,-4.,           191P    862
-8.1202731009215,5.7436967650924,-4.,-4.9769415779842,               191P    863
7.315362526561,-6.4,-3.163142599534,9.1291615050113,-6.4,            191P    864
-4.7348083610026,10.942960483461,-6.4,-6.3064741224713,              191P    865
9.3712947219928,-4.,-8.1202731009215,5.7436967650924,-4.,            191P    866
-4.9769415779842,7.315362526561,-4.,-3.163142599534,                 191P    867
9.1291615050113,-4.,-4.7348083610026,10.942960483461,-4.,            191P    868
-6.3064741224713,9.3712947219928,-4.,-8.1202731009215,               191P    869
5.7436967650924,-4.,-4.9769415779842,7.315362526561,-1.6,            191P    870
-3.163142599534,9.1291615050113,-1.6,-4.7348083610026,               191P    871
10.942960483461,-1.6,-6.3064741224713,9.3712947219928,-4.,           191P    872
-8.1202731009215,5.7436967650924,-4.,-4.9769415779842,               191P    873
5.7436967650924,-1.6,-4.9769415779842,7.5574957435426,-1.6,          191P    874
-6.5486073394529,9.3712947219928,-1.6,-8.1202731009215,              191P    875
9.3712947219928,-4.,-8.1202731009215,-1.5707963267949,               191P    876
1.5707963267949,0.,6.2831853071796;                                  191P    877
126,2,2,1,0,0,0,-0.5235987755983,-0.5235987755983,                   193P    878
-0.5235987755983,0.5235987755983,0.5235987755983,                    193P    879
0.5235987755983,1.,0.86602540378444,1.,6.6505962543175,              193P    880
-1.9215390309173,-5.7627744587185,7.5574957435426,                   193P    881
-1.2287187078898,-6.5486073394529,8.4643952327677,                   193P    882
-1.9215390309174,-7.3344402201872,-0.5235987755983,                  193P    883
0.5235987755983,-0.65486073394529,0.,-0.75574957435426;              193P    884
126,2,2,1,0,0,0,-1.0471975511966,-1.0471975511966,                   195P    885
-1.0471975511966,1.33226762955019E-015,1.33226762955019E-015,        195P    886
1.33226762955019E-015,1.,0.86602540378443,1.,8.4643952327677,        195P    887
-1.9215390309174,-7.3344402201872,9.3712947219928,                   195P    888
-2.6143593539449,-8.1202731009216,9.3712947219928,-4.,               195P    889
-8.1202731009215,-1.0471975511966,1.34147300656896E-015,             195P    890
-0.65486073394529,0.,-0.75574957435426;                              195P    891
126,2,2,1,0,0,0,1.34147300656896E-015,1.34147300656896E-015,         197P    892
1.34147300656896E-015,1.0471975511966,1.0471975511966,               197P    893
1.0471975511966,1.,0.86602540378444,1.,9.3712947219928,-4.,          197P    894
-8.1202731009215,9.3712947219928,-5.3856406460551,                   197P    895
-8.1202731009215,8.4643952327677,-6.0784609690827,                   197P    896
-7.3344402201872,1.34147300656896E-015,1.0471975511966,              197P    897
-0.65486073394529,0.,-0.75574957435426;                              197P    898
126,2,2,1,0,0,0,-3.6651914291881,-3.6651914291881,                   199P    899
-3.6651914291881,-2.6179938779915,-2.6179938779915,                  199P    900
-2.6179938779915,1.,0.86602540378444,1.,8.4643952327677,             199P    901
-6.0784609690827,-7.3344402201872,7.5574957435426,                   199P    902
-6.7712812921102,-6.5486073394529,6.6505962543175,                   199P    903
-6.0784609690827,-5.7627744587185,-3.6651914291881,                  199P    904
-2.6179938779915,-0.65486073394529,0.,-0.75574957435426;             199P    905
126,2,2,1,0,0,0,2.0943951023932,2.0943951023932,                     201P    906
2.0943951023932,3.1415926535898,3.1415926535898,                     201P    907
3.1415926535898,1.,0.86602540378444,1.,6.6505962543175,              201P    908
-6.0784609690827,-5.7627744587185,5.7436967650924,                   201P    909
-5.3856406460551,-4.9769415779842,5.7436967650924,-4.,               201P    910
-4.9769415779842,2.0943951023932,3.1415926535898,                    201P    911
-0.65486073394529,0.,-0.75574957435426;                              201P    912
126,2,2,1,0,0,0,3.1415926535898,3.1415926535898,                     203P    913
3.1415926535898,4.1887902047864,4.1887902047864,                     203P    914
4.1887902047864,1.,0.86602540378444,1.,5.7436967650924,-4.,          203P    915
-4.9769415779842,5.7436967650924,-2.6143593539449,                   203P    916
-4.9769415779842,6.6505962543175,-1.9215390309173,                   203P    917
-5.7627744587185,3.1415926535898,4.1887902047864,                    203P    918
-0.65486073394529,0.,-0.75574957435426;                              203P    919
141,0,1,191,6,193,1,0,195,1,0,197,1,0,199,1,0,201,1,0,203,1,0;       205P    920
143,0,191,1,205;                                                     207P    921
128,4,8,2,2,0,1,0,0,1,-1.5707963267949,-1.5707963267949,             209P    922
-1.5707963267949,0.,0.,1.5707963267949,1.5707963267949,              209P    923
1.5707963267949,0.,0.,0.,1.5707963267949,1.5707963267949,            209P    924
3.1415926535898,3.1415926535898,4.7123889803847,                     209P    925
4.7123889803847,6.2831853071796,6.2831853071796,                     209P    926
6.2831853071796,1.,0.70710678118655,1.,0.70710678118655,1.,          209P    927
0.70710678118655,0.5,0.70710678118655,0.5,0.70710678118655,1.,       209P    928
0.70710678118655,1.,0.70710678118655,1.,0.70710678118655,0.5,        209P    929
0.70710678118655,0.5,0.70710678118655,1.,0.70710678118655,1.,        209P    930
0.70710678118655,1.,0.70710678118655,0.5,0.70710678118655,0.5,       209P    931
0.70710678118655,1.,0.70710678118655,1.,0.70710678118655,1.,         209P    932
0.70710678118655,0.5,0.70710678118655,0.5,0.70710678118655,1.,       209P    933
0.70710678118655,1.,0.70710678118655,1.,6.9132031646943,-4.,         209P    934
3.1571540988143,6.9132031646943,-1.6,3.1571540988143,                209P    935
9.0963199535452,-1.6,4.1541501300188,11.279436742396,-1.6,           209P    936
5.1511461612234,11.279436742396,-4.,5.1511461612234,                 209P    937
6.9132031646943,-4.,3.1571540988143,7.9101991958989,-1.6,            209P    938
0.97403730996347,10.09331598475,-1.6,1.971033341168,                 209P    939
12.276432773601,-1.6,2.9680293723725,11.279436742396,-4.,            209P    940
5.1511461612234,6.9132031646943,-4.,3.1571540988143,                 209P    941
7.9101991958989,-4.,0.97403730996347,10.09331598475,-4.,             209P    942
1.971033341168,12.276432773601,-4.,2.9680293723725,                  209P    943
11.279436742396,-4.,5.1511461612234,6.9132031646943,-4.,             209P    944
3.1571540988143,7.9101991958989,-6.4,0.97403730996347,               209P    945
10.09331598475,-6.4,1.971033341168,12.276432773601,-6.4,             209P    946
2.9680293723725,11.279436742396,-4.,5.1511461612234,                 209P    947
6.9132031646943,-4.,3.1571540988143,6.9132031646943,-6.4,            209P    948
3.1571540988143,9.0963199535452,-6.4,4.1541501300188,                209P    949
11.279436742396,-6.4,5.1511461612234,11.279436742396,-4.,            209P    950
5.1511461612234,6.9132031646943,-4.,3.1571540988143,                 209P    951
5.9162071334898,-6.4,5.3402708876652,8.0993239223407,-6.4,           209P    952
6.3372669188697,10.282440711192,-6.4,7.3342629500742,                209P    953
11.279436742396,-4.,5.1511461612234,6.9132031646943,-4.,             209P    954
3.1571540988143,5.9162071334898,-4.,5.3402708876652,                 209P    955
8.0993239223407,-4.,6.3372669188697,10.282440711192,-4.,             209P    956
7.3342629500742,11.279436742396,-4.,5.1511461612234,                 209P    957
6.9132031646943,-4.,3.1571540988143,5.9162071334898,-1.6,            209P    958
5.3402708876652,8.0993239223407,-1.6,6.3372669188697,                209P    959
10.282440711192,-1.6,7.3342629500742,11.279436742396,-4.,            209P    960
5.1511461612234,6.9132031646943,-4.,3.1571540988143,                 209P    961
6.9132031646943,-1.6,3.1571540988143,9.0963199535452,-1.6,           209P    962
4.1541501300188,11.279436742396,-1.6,5.1511461612234,                209P    963
11.279436742396,-4.,5.1511461612234,-1.5707963267949,                209P    964
1.5707963267949,0.,6.2831853071796;                                  209P    965
126,2,2,1,0,0,0,-0.5235987755983,-0.5235987755983,                   211P    966
-0.5235987755983,0.5235987755983,0.5235987755983,                    211P    967
0.5235987755983,1.,0.86602540378444,1.,8.0047615591198,              211P    968
-1.9215390309173,3.6556521144166,9.0963199535452,                    211P    969
-1.2287187078898,4.1541501300188,10.187878347971,                    211P    970
-1.9215390309174,4.6526481456211,-0.5235987755983,                   211P    971
0.5235987755983,0.41541501300188,0.,-0.90963199535452;               211P    972
126,2,2,1,0,0,0,-1.0471975511966,-1.0471975511966,                   213P    973
-1.0471975511966,1.77635683940025E-015,1.77635683940025E-015,        213P    974
1.77635683940025E-015,1.,0.86602540378444,1.,10.187878347971,        213P    975
-1.9215390309174,4.6526481456211,11.279436742396,                    213P    976
-2.6143593539449,5.1511461612234,11.279436742396,-4.,                213P    977
5.1511461612234,-1.0471975511966,1.86831771030676E-015,              213P    978
0.41541501300188,0.,-0.90963199535452;                               213P    979
126,2,2,1,0,0,0,1.86831771030676E-015,1.86831771030676E-015,         215P    980
1.86831771030676E-015,1.0471975511966,1.0471975511966,               215P    981
1.0471975511966,1.,0.86602540378444,1.,11.279436742396,-4.,          215P    982
5.1511461612234,11.279436742396,-5.3856406460551,                    215P    983
5.1511461612234,10.187878347971,-6.0784609690827,                    215P    984
4.6526481456211,1.86831771030676E-015,1.0471975511966,               215P    985
0.41541501300188,0.,-0.90963199535452;                               215P    986
126,2,2,1,0,0,0,-3.6651914291881,-3.6651914291881,                   217P    987
-3.6651914291881,-2.6179938779915,-2.6179938779915,                  217P    988
-2.6179938779915,1.,0.86602540378444,1.,10.187878347971,             217P    989
-6.0784609690827,4.6526481456211,9.0963199535452,                    217P    990
-6.7712812921102,4.1541501300188,8.0047615591198,                    217P    991
-6.0784609690827,3.6556521144166,-3.6651914291881,                   217P    992
-2.6179938779915,0.41541501300189,0.,-0.90963199535452;              217P    993
126,2,2,1,0,0,0,2.0943951023932,2.0943951023932,                     219P    994
2.0943951023932,3.1415926535898,3.1415926535898,                     219P    995
3.1415926535898,1.,0.86602540378444,1.,8.0047615591198,              219P    996
-6.0784609690827,3.6556521144166,6.9132031646943,                    219P    997
-5.3856406460551,3.1571540988143,6.9132031646943,-4.,                219P    998
3.1571540988143,2.0943951023932,3.1415926535898,                     219P    999
0.41541501300188,0.,-0.90963199535452;                               219P   1000
126,2,2,1,0,0,0,3.1415926535898,3.1415926535898,                     221P   1001
3.1415926535898,4.1887902047864,4.1887902047864,                     221P   1002
4.1887902047864,1.,0.86602540378444,1.,6.9132031646943,-4.,          221P   1003
3.1571540988143,6.9132031646943,-2.6143593539449,                    221P   1004
3.1571540988143,8.0047615591198,-1.9215390309173,                    221P   1005
3.6556521144166,3.1415926535898,4.1887902047864,                     221P   1006
0.41541501300188,0.,-0.90963199535452;                               221P   1007
141,0,1,209,6,211,1,0,213,1,0,215,1,0,217,1,0,219,1,0,221,1,0;       223P   1008
143,0,209,1,223;                                                     225P   1009
128,4,8,2,2,0,1,0,0,1,-1.48029736616687E-015,                        227P   1010
-1.48029736616687E-015,-1.48029736616687E-015,1.5707963267949,       227P   1011
1.5707963267949,3.1415926535898,3.1415926535898,                     227P   1012
3.1415926535898,0.,0.,0.,1.5707963267949,1.5707963267949,            227P   1013
3.1415926535898,3.1415926535898,4.7123889803847,                     227P   1014
4.7123889803847,6.2831853071796,6.2831853071796,                     227P   1015
6.2831853071796,1.,0.70710678118654,1.,0.70710678118654,1.,          227P   1016
0.70710678118655,0.5,0.70710678118655,0.5,0.70710678118655,1.,       227P   1017
0.70710678118654,1.,0.70710678118654,1.,0.70710678118655,0.5,        227P   1018
0.70710678118655,0.5,0.70710678118655,1.,0.70710678118654,1.,        227P   1019
0.70710678118654,1.,0.70710678118655,0.5,0.70710678118655,0.5,       227P   1020
0.70710678118655,1.,0.70710678118654,1.,0.70710678118654,1.,         227P   1021
0.70710678118655,0.5,0.70710678118655,0.5,0.70710678118655,1.,       227P   1022
0.70710678118654,1.,0.70710678118654,1.,1.65934160942932E-015,       227P   1023
-0.3,-14.,1.71444889535133E-015,0.,-14.,1.67771070473666E-015,       227P   1024
0.,-13.7,1.64097251412199E-015,0.,-13.4,1.58586522819998E-015,       227P   1025
-0.3,-13.4,14.,-0.30000000000001,-14.,14.,                           227P   1026
-3.08045825176198E-015,-14.,13.7,-2.96065526695505E-015,-13.7,       227P   1027
13.4,-2.95187458461063E-015,-13.4,13.4,-0.30000000000001,-13.4,      227P   1028
14.,-0.30000000000001,1.71444889535133E-015,14.,                     227P   1029
-3.07127370410831E-015,1.71444889535133E-015,13.7,                   227P   1030
-2.96065526695505E-015,1.67771070473666E-015,13.4,                   227P   1031
-2.96105913226430E-015,1.64097251412199E-015,13.4,                   227P   1032
-0.30000000000001,1.64097251412199E-015,14.,-0.30000000000001,       227P   1033
14.,14.,-3.06208915645464E-015,14.,13.7,-2.96065526695505E-015,      227P   1034
13.7,13.4,-2.97024367991797E-015,13.4,13.4,-0.30000000000001,        227P   1035
13.4,-1.76955618127334E-015,-0.3,14.,-1.71444889535133E-015,0.,      227P   1036
14.,-1.67771070473666E-015,0.,13.7,-1.64097251412199E-015,0.,        227P   1037
13.4,-1.69607980004399E-015,-0.3,13.4,-14.,-0.3,14.,-14.,            227P   1038
2.08125752959934E-015,14.,-13.7,2.07247684725492E-015,13.7,          227P   1039
-13.4,1.95267386244799E-015,13.4,-13.4,-0.3,13.4,-14.,-0.3,          227P   1040
-1.71444889535133E-015,-14.,2.07207298194567E-015,                   227P   1041
-1.71444889535133E-015,-13.7,2.07247684725492E-015,                  227P   1042
-1.67771070473666E-015,-13.4,1.96185841010166E-015,                  227P   1043
-1.64097251412199E-015,-13.4,-0.3,-1.64097251412199E-015,-14.,       227P   1044
-0.3,-14.,-14.,2.06288843429200E-015,-14.,-13.7,                     227P   1045
2.07247684725492E-015,-13.7,-13.4,1.97104295775532E-015,-13.4,       227P   1046
-13.4,-0.3,-13.4,1.65934160942932E-015,-0.3,-14.,                    227P   1047
1.71444889535133E-015,0.,-14.,1.67771070473666E-015,0.,-13.7,        227P   1048
1.64097251412199E-015,0.,-13.4,1.58586522819998E-015,-0.3,           227P   1049
-13.4,-1.48029736616687E-015,3.1415926535898,0.,                     227P   1050
6.2831853071796;                                                     227P   1051
126,2,2,1,0,0,0,-1.5707963267949,-1.5707963267949,                   229P   1052
-1.5707963267949,-7.03141248929260E-015,-7.03141248929260E-015,      229P   1053
-7.03141248929260E-015,1.,0.70710678118655,1.,                       229P   1054
-1.67771070473666E-015,0.,13.7,-1.71444889535133E-015,               229P   1055
-2.76253764872405E-015,14.,-1.76955618127334E-015,-0.3,14.,          229P   1056
-1.5707963267949,-7.03141248929260E-015,1.,0.,0.;                    229P   1057
126,4,2,1,0,0,0,0.,0.,0.,1.5707963267949,1.5707963267949,            231P   1058
3.1415926535898,3.1415926535898,3.1415926535898,1.,                  231P   1059
0.70710678118655,1.,0.70710678118655,1.,0.,-0.3,14.,14.,-0.3,        231P   1060
14.,14.,-0.3,0.,14.,-0.3,-14.,0.,-0.3,-14.,0.,3.1415926535898,       231P   1061
0.,1.,0.;                                                            231P   1062
126,2,2,1,0,0,0,7.32747196252603E-015,7.32747196252603E-015,         233P   1063
7.32747196252603E-015,1.5707963267949,1.5707963267949,               233P   1064
1.5707963267949,1.,0.70710678118655,1.,1.65934160942932E-015,        233P   1065
-0.3,-14.,1.71444889535133E-015,-2.76253764872405E-015,-14.,         233P   1066
1.67771070473666E-015,0.,-13.7,7.40148683083432E-015,                233P   1067
1.5707963267949,1.,0.,0.;                                            233P   1068
126,4,2,1,0,0,0,-3.1415926535898,-3.1415926535898,                   235P   1069
-3.1415926535898,-1.5707963267949,-1.5707963267949,0.,0.,0.,1.,      235P   1070
0.70710678118655,1.,0.70710678118655,1.,0.,0.,-13.7,13.7,            235P   1071
-3.35542140947331E-015,-13.7,13.7,-3.35542140947331E-015,0.,         235P   1072
13.7,-3.35542140947331E-015,13.7,0.,0.,13.7,-3.1415926535898,        235P   1073
0.,0.,-1.,0.;                                                        235P   1074
141,0,1,227,4,229,1,0,231,1,0,233,1,0,235,1,0;                       237P   1075
143,0,227,1,237;                                                     239P   1076
128,1,8,1,2,0,1,0,0,1,-0.26428571428571,-0.26428571428571,           241P   1077
0.26428571428571,0.26428571428571,0.,0.,0.,21.991148575129,          241P   1078
21.991148575129,43.982297150257,43.982297150257,                     241P   1079
65.973445725386,65.973445725386,87.964594300514,                     241P   1080
87.964594300514,87.964594300514,1.,1.,0.70710678118655,              241P   1081
0.70710678118655,1.,1.,0.70710678118655,0.70710678118655,1.,1.,      241P   1082
0.70710678118655,0.70710678118655,1.,1.,0.70710678118655,            241P   1083
0.70710678118655,1.,1.,-2.62678062894900E-015,-0.3,-14.,             241P   1084
-3.98609368169184E-015,-7.7,-14.,-14.,-0.3,-14.,-14.,-7.7,-14.,      241P   1085
-14.,-0.3,2.57167334302699E-015,-14.,-7.7,                           241P   1086
2.57167334302699E-015,-14.,-0.3,14.,-14.,-7.7,14.,                   241P   1087
2.51656605710499E-015,-0.3,14.,1.15725300436215E-015,-7.7,14.,       241P   1088
14.,-0.3,14.,14.,-7.7,14.,14.,-0.3,-2.57167334302699E-015,14.,       241P   1089
-7.7,-2.57167334302699E-015,14.,-0.3,-14.,14.,-7.7,-14.,             241P   1090
-2.62678062894900E-015,-0.3,-14.,-3.98609368169184E-015,-7.7,        241P   1091
-14.,-0.26428571428571,0.26428571428571,0.,87.964594300514;          241P   1092
126,1,1,0,0,1,0,-3.7,-3.7,3.7,3.7,1.,1.,0.,-0.3,14.,                 243P   1093
-2.27164478634051E-015,-7.7,14.,-3.7,3.7,0.,0.,1.;                   243P   1094
126,4,2,1,0,0,0,0.,0.,0.,1.5707963267949,1.5707963267949,            245P   1095
3.1415926535898,3.1415926535898,3.1415926535898,1.,                  245P   1096
0.70710678118655,1.,0.70710678118655,1.,0.,-7.7,14.,14.,-7.7,        245P   1097
14.,14.,-7.7,0.,14.,-7.7,-14.,0.,-7.7,-14.,0.,3.1415926535898,       245P   1098
0.,1.,0.;                                                            245P   1099
126,1,1,0,0,1,0,-3.7,-3.7,3.7,3.7,1.,1.,0.,-7.7,-14.,0.,-0.3,        247P   1100
-14.,-3.7,3.7,0.,0.,1.;                                              247P   1101
126,4,2,1,0,0,0,-3.1415926535898,-3.1415926535898,                   249P   1102
-3.1415926535898,-1.5707963267949,-1.5707963267949,0.,0.,0.,1.,      249P   1103
0.70710678118655,1.,0.70710678118655,1.,0.,-0.3,-14.,14.,-0.3,       249P   1104
-14.,14.,-0.3,0.,14.,-0.3,14.,0.,-0.3,14.,-3.1415926535898,0.,       249P   1105
0.,-1.,0.;                                                           249P   1106
141,0,1,241,4,243,1,0,245,1,0,247,1,0,249,1,0;                       251P   1107
143,0,241,1,251;                                                     253P   1108
128,4,8,2,2,0,1,0,0,1,-3.1415926535898,-3.1415926535898,             255P   1109
-3.1415926535898,-1.5707963267949,-1.5707963267949,                  255P   1110
1.46549439250521E-014,1.46549439250521E-014,                         255P   1111
1.46549439250521E-014,0.,0.,0.,1.5707963267949,1.5707963267949,      255P   1112
3.1415926535898,3.1415926535898,4.7123889803847,                     255P   1113
4.7123889803847,6.2831853071796,6.2831853071796,                     255P   1114
6.2831853071796,1.,0.70710678118655,1.,0.70710678118655,1.,          255P   1115
0.70710678118655,0.5,0.70710678118655,0.5,0.70710678118655,1.,       255P   1116
0.70710678118655,1.,0.70710678118655,1.,0.70710678118655,0.5,        255P   1117
0.70710678118655,0.5,0.70710678118655,1.,0.70710678118655,1.,        255P   1118
0.70710678118655,1.,0.70710678118655,0.5,0.70710678118655,0.5,       255P   1119
0.70710678118655,1.,0.70710678118655,1.,0.70710678118655,1.,         255P   1120
0.70710678118655,0.5,0.70710678118655,0.5,0.70710678118655,1.,       255P   1121
0.70710678118655,1.,0.70710678118655,1.,0.,-7.7,-13.4,0.,-8.,        255P   1122
-13.4,0.,-8.,-13.7,0.,-8.,-14.,0.,-7.7,-14.,13.4,-7.7,-13.4,         255P   1123
13.4,-8.,-13.4,13.7,-8.,-13.7,14.,-8.,-14.,14.,-7.7,-14.,13.4,       255P   1124
-7.7,1.64097251412199E-015,13.4,-8.,1.64097251412199E-015,13.7,      255P   1125
-8.,1.67771070473666E-015,14.,-8.,1.71444889535133E-015,14.,         255P   1126
-7.7,1.71444889535133E-015,13.4,-7.7,13.4,13.4,-8.,13.4,13.7,        255P   1127
-8.,13.7,14.,-8.,14.,14.,-7.7,14.,-3.05539285278683E-015,-7.7,       255P   1128
13.4,-3.11050013870884E-015,-8.,13.4,-3.14723832932351E-015,         255P   1129
-8.,13.7,-3.18397651993818E-015,-8.,14.,-3.12886923401617E-015,      255P   1130
-7.7,14.,-13.4,-7.7,13.4,-13.4,-8.,13.4,-13.7,-8.,13.7,-14.,         255P   1131
-8.,14.,-14.,-7.7,14.,-13.4,-7.7,-1.64097251412199E-015,-13.4,       255P   1132
-8.,-1.64097251412199E-015,-13.7,-8.,-1.67771070473666E-015,         255P   1133
-14.,-8.,-1.71444889535133E-015,-14.,-7.7,                           255P   1134
-1.71444889535133E-015,-13.4,-7.7,-13.4,-13.4,-8.,-13.4,-13.7,       255P   1135
-8.,-13.7,-14.,-8.,-14.,-14.,-7.7,-14.,0.,-7.7,-13.4,0.,-8.,         255P   1136
-13.4,0.,-8.,-13.7,0.,-8.,-14.,0.,-7.7,-14.,-3.1415926535898,        255P   1137
1.46549439250521E-014,0.,6.2831853071796;                            255P   1138
126,2,2,1,0,0,0,-5.99520433297585E-015,-5.99520433297585E-015,       257P   1139
-5.99520433297585E-015,1.5707963267949,1.5707963267949,              257P   1140
1.5707963267949,1.,0.70710678118655,1.,-3.12886923401617E-015,       257P   1141
-7.7,14.,-3.18397651993818E-015,-8.,14.,-3.14723832932351E-015,      257P   1142
-8.,13.7,-5.92118946466752E-015,1.5707963267949,1.,0.,0.;            257P   1143
126,4,2,1,0,0,0,0.,0.,0.,1.5707963267949,1.5707963267949,            259P   1144
3.1415926535898,3.1415926535898,3.1415926535898,1.,                  259P   1145
0.70710678118655,1.,0.70710678118655,1.,0.,-8.,13.7,13.7,-8.,        259P   1146
13.7,13.7,-8.,0.,13.7,-8.,-13.7,0.,-8.,-13.7,0.,                     259P   1147
3.1415926535898,0.,1.,0.;                                            259P   1148
126,2,2,1,0,0,0,-1.5707963267949,-1.5707963267949,                   261P   1149
-1.5707963267949,5.92118946466752E-015,5.92118946466752E-015,        261P   1150
5.92118946466752E-015,1.,0.70710678118655,1.,0.,-8.,-13.7,0.,        261P   1151
-8.,-14.,0.,-7.7,-14.,-1.5707963267949,5.92118946466752E-015,        261P   1152
1.,0.,0.;                                                            261P   1153
126,4,2,1,0,0,0,-3.1415926535898,-3.1415926535898,                   263P   1154
-3.1415926535898,-1.5707963267949,-1.5707963267949,0.,0.,0.,1.,      263P   1155
0.70710678118655,1.,0.70710678118655,1.,0.,-7.7,-14.,14.,-7.7,       263P   1156
-14.,14.,-7.7,0.,14.,-7.7,14.,0.,-7.7,14.,-3.1415926535898,0.,       263P   1157
0.,-1.,0.;                                                           263P   1158
141,0,1,255,4,257,1,0,259,1,0,261,1,0,263,1,0;                       265P   1159
143,0,255,1,265;                                                     267P   1160
128,1,8,1,2,0,1,0,0,1,-0.050068706737382,-0.050068706737382,         269P   1161
0.050068706737382,0.050068706737382,0.,0.,0.,17.592918860103,        269P   1162
17.592918860103,35.185837720206,35.185837720206,                     269P   1163
52.778756580309,52.778756580309,70.371675440411,                     269P   1164
70.371675440411,70.371675440411,1.,1.,0.70710678118655,              269P   1165
0.70710678118655,1.,1.,0.70710678118655,0.70710678118655,1.,1.,      269P   1166
0.70710678118655,0.70710678118655,1.,1.,0.70710678118655,            269P   1167
0.70710678118655,1.,1.,-3.37991353654976E-015,-7.2,-11.2,            269P   1168
-3.17389696305158E-015,-6.0784609690827,-11.2,-11.2,-7.2,-11.2,      269P   1169
-11.2,-6.0784609690827,-11.2,-11.2,-7.2,2.05733867442159E-015,       269P   1170
-11.2,-6.0784609690827,2.05733867442159E-015,-11.2,-7.2,11.2,        269P   1171
-11.2,-6.0784609690827,11.2,0.,-7.2,11.2,0.,-6.0784609690827,        269P   1172
11.2,11.2,-7.2,11.2,11.2,-6.0784609690827,11.2,11.2,-7.2,            269P   1173
-2.05733867442159E-015,11.2,-6.0784609690827,                        269P   1174
-2.05733867442159E-015,11.2,-7.2,-11.2,11.2,-6.0784609690827,        269P   1175
-11.2,-3.37991353654976E-015,-7.2,-11.2,-3.17389696305158E-015,      269P   1176
-6.0784609690827,-11.2,-0.050068706737382,0.050068706737382,0.,      269P   1177
70.371675440411;                                                     269P   1178
126,1,1,0,0,1,0,-0.56076951545867,-0.56076951545867,                 271P   1179
0.56076951545867,0.56076951545867,1.,1.,-1.80233784677052E-015,      271P   1180
-6.0784609690827,11.2,-2.00835442026870E-015,-7.2,11.2,              271P   1181
-0.56076951545867,0.56076951545867,0.,0.,1.;                         271P   1182
126,4,2,1,0,0,0,0.,0.,0.,1.5707963267949,1.5707963267949,            273P   1183
3.1415926535898,3.1415926535898,3.1415926535898,1.,                  273P   1184
0.70710678118655,1.,0.70710678118655,1.,0.,-7.2,11.2,-11.2,          273P   1185
-7.2,11.2,-11.2,-7.2,1.37155911628106E-015,-11.2,-7.2,-11.2,         273P   1186
-3.37991353654976E-015,-7.2,-11.2,0.,3.1415926535898,0.,-1.,0.;      273P   1187
126,1,1,0,0,1,0,-0.56076951545867,-0.56076951545867,                 275P   1188
0.56076951545867,0.56076951545867,1.,1.,0.,-7.2,-11.2,0.,            275P   1189
-6.0784609690827,-11.2,-0.56076951545867,0.56076951545867,0.,        275P   1190
0.,1.;                                                               275P   1191
126,2,2,1,0,0,0,3.1415926535898,3.1415926535898,                     277P   1192
3.1415926535898,3.4271919857343,3.4271919857343,                     277P   1193
3.4271919857343,1.,0.98982144188092,1.,0.,-6.0784609690827,          277P   1194
-11.2,-1.6103168927437,-6.0784609690827,-11.2,-3.155404636624,       277P   1195
-6.0784609690827,-10.746321304482,3.1415926535898,                   277P   1196
3.4271919857343,0.,1.,1.87842400676533E-015;                         277P   1197
126,2,2,1,0,0,0,-2.8559933214453,-2.8559933214453,                   279P   1198
-2.8559933214453,-2.2847946571562,-2.2847946571562,                  279P   1199
-2.2847946571562,1.,0.9594929736145,1.,-3.155404636624,              279P   1200
-6.0784609690827,-10.746321304482,-6.310809273248,                   279P   1201
-6.0784609690827,-9.819810907229,-8.4643952327677,                   279P   1202
-6.0784609690827,-7.3344402201872,-2.8559933214453,                  279P   1203
-2.2847946571562,0.,1.,0.;                                           279P   1204
126,2,2,1,0,0,0,-2.2847946571562,-2.2847946571562,                   281P   1205
-2.2847946571562,-1.7135959928672,-1.7135959928672,                  281P   1206
-1.7135959928672,1.,0.9594929736145,1.,-8.4643952327677,             281P   1207
-6.0784609690827,-7.3344402201872,-10.617981192287,                  281P   1208
-6.0784609690827,-4.8490695331454,-11.086000149066,                  281P   1209
-6.0784609690827,-1.5939261886608,-2.2847946571562,                  281P   1210
-1.7135959928672,0.,1.,0.;                                           281P   1211
126,2,2,1,0,0,0,-1.7135959928672,-1.7135959928672,                   283P   1212
-1.7135959928672,-1.430079994056,-1.430079994056,                    283P   1213
-1.430079994056,1.,0.98996914946486,1.,-11.086000149066,             283P   1214
-6.0784609690827,-1.5939261886608,-11.313477727731,                  283P   1215
-6.0784609690827,-0.011784876895513,-11.089296768073,                283P   1216
-6.0784609690827,1.570826912684,-1.7135959928672,                    283P   1217
-1.430079994056,0.,1.,0.;                                            283P   1218
126,2,2,1,0,0,0,-1.430079994056,-1.430079994056,                     285P   1219
-1.430079994056,-1.1423973285781,-1.1423973285781,                   285P   1220
-1.1423973285781,1.,0.98967266027209,1.,-11.089296768073,            285P   1221
-6.0784609690827,1.570826912684,-10.861775600137,                    285P   1222
-6.0784609690827,3.1770189965391,-10.187878347971,                   285P   1223
-6.0784609690827,4.6526481456211,-1.430079994056,                    285P   1224
-1.1423973285781,0.,1.,0.;                                           285P   1225
126,2,2,1,0,0,0,-1.1423973285781,-1.1423973285781,                   287P   1226
-1.1423973285781,-0.57119866428905,-0.57119866428905,                287P   1227
-0.57119866428905,1.,0.95949297361451,1.,-10.187878347971,           287P   1228
-6.0784609690827,4.6526481456211,-8.8217375900957,                   287P   1229
-6.0784609690827,7.6440791354185,-6.0551771555027,                   287P   1230
-6.0784609690827,9.4220395677092,-1.1423973285781,                   287P   1231
-0.57119866428905,0.,1.,0.;                                          287P   1232
126,2,2,1,0,0,0,-0.57119866428905,-0.57119866428905,                 289P   1233
-0.57119866428905,0.,0.,0.,1.,0.9594929736145,1.,                    289P   1234
-6.0551771555027,-6.0784609690827,9.4220395677092,                   289P   1235
-3.2886167209097,-6.0784609690827,11.2,0.,-6.0784609690827,          289P   1236
11.2,-0.57119866428905,0.,0.,1.,0.;                                  289P   1237
141,0,1,269,10,271,1,0,273,1,0,275,1,0,277,1,0,279,1,0,281,1,0,      291P   1238
283,1,0,285,1,0,287,1,0,289,1,0;                                     291P   1239
143,0,269,1,291;                                                     293P   1240
128,4,2,2,2,0,0,0,0,0,0.,0.,0.,1.5707963267949,1.5707963267949,      295P   1241
3.1415926535898,3.1415926535898,3.1415926535898,0.,0.,0.,            295P   1242
0.61841408513099,0.61841408513099,0.61841408513099,1.,               295P   1243
0.70710678118655,1.,0.70710678118655,1.,0.95257516896924,            295P   1244
0.67357236156807,0.95257516896924,0.67357236156807,                  295P   1245
0.95257516896924,1.,0.70710678118655,1.,0.70710678118655,1.,         295P   1246
-3.14394777573002E-015,-4.,12.4,-2.70308948835396E-015,-1.6,         295P   1247
12.4,-2.23679581801139E-015,-1.6,10.,-1.77050214766883E-015,         295P   1248
-1.6,7.6,-2.21136043504488E-015,-4.,7.6,3.9612222139934,-4.,         295P   1249
12.4,3.9612222139934,-1.6,12.4,3.1945340435431,-1.6,10.,             295P   1250
2.4278458730928,-1.6,7.6,2.4278458730928,-4.,7.6,                    295P   1251
7.1888217367084,-4.,10.103506422912,7.1888217367084,-1.6,            295P   1252
10.103506422912,5.7974368844423,-1.6,8.1479890507357,                295P   1253
4.4060520321761,-1.6,6.1924716785591,4.4060520321761,-4.,            295P   1254
6.1924716785591,0.,3.1415926535898,0.,0.61841408513099;              295P   1255
126,2,2,1,0,0,0,-0.57119866428906,-0.57119866428906,                 297P   1256
-0.57119866428906,0.,0.,0.,1.,0.95949297361449,1.,                   297P   1257
6.7039461364494,-4.,10.431543807107,3.6409685124358,-4.,12.4,        297P   1258
0.,-4.,12.4,-0.57119866428906,0.,0.,-1.,0.;                          297P   1259
126,2,2,1,0,0,0,-1.99840144432528E-015,-1.99840144432528E-015,       299P   1260
-1.99840144432528E-015,1.0471975511966,1.0471975511966,              299P   1261
1.0471975511966,1.,0.86602540378444,1.,0.,-4.,12.4,0.,               299P   1262
-2.6143593539449,12.4,0.,-1.9215390309173,11.2,                      299P   1263
-2.03540887847945E-015,1.0471975511966,-1.,0.,0.;                    299P   1264
126,2,2,1,0,0,0,0.,0.,0.,0.57119866428906,0.57119866428906,          301P   1265
0.57119866428906,1.,0.9594929736145,1.,0.,-1.9215390309174,          301P   1266
11.2,3.2886167209097,-1.9215390309174,11.2,6.0551771555027,          301P   1267
-1.9215390309174,9.4220395677092,0.,0.57119866428906,0.,1.,0.;       301P   1268
126,2,2,1,0,0,0,-1.0471975511966,-1.0471975511966,                   303P   1269
-1.0471975511966,1.99840144432528E-015,1.99840144432528E-015,        303P   1270
1.99840144432528E-015,1.,0.86602540378444,1.,6.0551771555027,        303P   1271
-1.9215390309174,9.4220395677092,6.7039461364494,                    303P   1272
-2.6143593539449,10.431543807107,6.7039461364494,-4.,                303P   1273
10.431543807107,-1.0471975511966,1.93609805145068E-015,              303P   1274
0.84125353283118,0.,-0.5406408174556;                                303P   1275
141,0,1,295,4,297,1,0,299,1,0,301,1,0,303,1,0;                       305P   1276
143,0,295,1,305;                                                     307P   1277
128,1,8,1,2,0,1,0,0,1,-0.050068706737382,-0.050068706737382,         309P   1278
0.12149727816595,0.12149727816595,0.,0.,0.,17.592918860103,          309P   1279
17.592918860103,35.185837720206,35.185837720206,                     309P   1280
52.778756580309,52.778756580309,70.371675440411,                     309P   1281
70.371675440411,70.371675440411,1.,1.,0.70710678118655,              309P   1282
0.70710678118655,1.,1.,0.70710678118655,0.70710678118655,1.,1.,      309P   1283
0.70710678118655,0.70710678118655,1.,1.,0.70710678118655,            309P   1284
0.70710678118655,1.,1.,-2.41030801037846E-015,-1.9215390309174,      309P   1285
-11.2,-2.05733867442159E-015,1.33226762955019E-015,-11.2,-11.2,      309P   1286
-1.9215390309174,-11.2,-11.2,3.38960630397178E-015,-11.2,-11.2,      309P   1287
-1.9215390309174,2.05733867442159E-015,-11.2,                        309P   1288
3.38960630397178E-015,2.05733867442159E-015,-11.2,                   309P   1289
-1.9215390309174,11.2,-11.2,3.38960630397178E-015,11.2,              309P   1290
1.70436933846473E-015,-1.9215390309174,11.2,                         309P   1291
2.05733867442159E-015,1.33226762955019E-015,11.2,11.2,               309P   1292
-1.9215390309174,11.2,11.2,0.,11.2,11.2,-1.9215390309174,            309P   1293
-2.05733867442159E-015,11.2,0.,-2.05733867442159E-015,11.2,          309P   1294
-1.9215390309174,-11.2,11.2,0.,-11.2,-2.41030801037846E-015,         309P   1295
-1.9215390309174,-11.2,-2.05733867442159E-015,                       309P   1296
1.33226762955019E-015,-11.2,-0.050068706737382,                      309P   1297
0.12149727816595,0.,70.371675440411;                                 309P   1298
126,1,1,0,0,1,0,-1.3607695154587,-1.3607695154587,                   311P   1299
0.56076951545867,0.56076951545867,1.,1.,0.,0.,11.2,                  311P   1300
-1.03874889409739E-015,-1.9215390309174,11.2,-1.3607695154587,       311P   1301
0.56076951545867,0.,0.,1.;                                           311P   1302
126,2,2,1,0,0,0,0.,0.,0.,0.57119866428905,0.57119866428905,          313P   1303
0.57119866428905,1.,0.9594929736145,1.,0.,-1.9215390309174,          313P   1304
11.2,-3.2886167209097,-1.9215390309173,11.2,-6.0551771555027,        313P   1305
-1.9215390309173,9.4220395677092,0.,0.57119866428905,0.,-1.,0.;      313P   1306
126,2,2,1,0,0,0,0.57119866428905,0.57119866428905,                   315P   1307
0.57119866428905,1.1423973285781,1.1423973285781,                    315P   1308
1.1423973285781,1.,0.9594929736145,1.,-6.0551771555027,              315P   1309
-1.9215390309173,9.4220395677092,-8.8217375900957,                   315P   1310
-1.9215390309173,7.6440791354185,-10.187878347971,                   315P   1311
-1.9215390309173,4.6526481456211,0.57119866428905,                   315P   1312
1.1423973285781,0.,-1.,0.;                                           315P   1313
126,2,2,1,0,0,0,1.1423973285781,1.1423973285781,                     317P   1314
1.1423973285781,1.430079994056,1.430079994056,1.430079994056,        317P   1315
1.,0.98967266027209,1.,-10.187878347971,-1.9215390309173,            317P   1316
4.6526481456211,-10.861775600137,-1.9215390309173,                   317P   1317
3.1770189965391,-11.089296768073,-1.9215390309173,                   317P   1318
1.570826912684,1.1423973285781,1.430079994056,0.,-1.,0.;             317P   1319
126,2,2,1,0,0,0,1.430079994056,1.430079994056,1.430079994056,        319P   1320
1.7135959928672,1.7135959928672,1.7135959928672,1.,                  319P   1321
0.98996914946486,1.,-11.089296768073,-1.9215390309173,               319P   1322
1.570826912684,-11.313477727731,-1.9215390309173,                    319P   1323
-0.011784876895513,-11.086000149066,-1.9215390309173,                319P   1324
-1.5939261886608,1.430079994056,1.7135959928672,0.,-1.,0.;           319P   1325
126,2,2,1,0,0,0,1.7135959928672,1.7135959928672,                     321P   1326
1.7135959928672,2.2847946571562,2.2847946571562,                     321P   1327
2.2847946571562,1.,0.9594929736145,1.,-11.086000149066,              321P   1328
-1.9215390309173,-1.5939261886608,-10.617981192287,                  321P   1329
-1.9215390309173,-4.8490695331454,-8.4643952327677,                  321P   1330
-1.9215390309173,-7.3344402201872,1.7135959928672,                   321P   1331
2.2847946571562,0.,-1.,0.;                                           321P   1332
126,2,2,1,0,0,0,2.2847946571562,2.2847946571562,                     323P   1333
2.2847946571562,2.8559933214453,2.8559933214453,                     323P   1334
2.8559933214453,1.,0.9594929736145,1.,-8.4643952327677,              323P   1335
-1.9215390309173,-7.3344402201872,-6.310809273248,                   323P   1336
-1.9215390309173,-9.819810907229,-3.155404636624,                    323P   1337
-1.9215390309173,-10.746321304482,2.2847946571562,                   323P   1338
2.8559933214453,0.,-1.,0.;                                           323P   1339
126,2,2,1,0,0,0,-3.4271919857343,-3.4271919857343,                   325P   1340
-3.4271919857343,-3.1415926535898,-3.1415926535898,                  325P   1341
-3.1415926535898,1.,0.98982144188092,1.,-3.155404636624,             325P   1342
-1.9215390309173,-10.746321304482,-1.6103168927437,                  325P   1343
-1.9215390309174,-11.2,0.,-1.9215390309174,-11.2,                    325P   1344
-3.4271919857343,-3.1415926535898,0.,-1.,0.;                         325P   1345
126,1,1,0,0,1,0,-0.56076951545867,-0.56076951545867,                 327P   1346
1.3607695154587,1.3607695154587,1.,1.,0.,-1.9215390309174,           327P   1347
-11.2,0.,0.,-11.2,-0.56076951545867,1.3607695154587,0.,0.,1.;        327P   1348
126,4,2,1,0,0,0,-3.1415926535898,-3.1415926535898,                   329P   1349
-3.1415926535898,-1.5707963267949,-1.5707963267949,0.,0.,0.,1.,      329P   1350
0.70710678118655,1.,0.70710678118655,1.,-2.05733867442159E-015,      329P   1351
0.,-11.2,-11.2,1.37155911628106E-015,-11.2,-11.2,                    329P   1352
1.37155911628106E-015,1.37155911628106E-015,-11.2,                   329P   1353
1.37155911628106E-015,11.2,0.,0.,11.2,-3.1415926535898,0.,0.,        329P   1354
1.,0.;                                                               329P   1355
141,0,1,309,10,311,1,0,313,1,0,315,1,0,317,1,0,319,1,0,321,1,0,      331P   1356
323,1,0,325,1,0,327,1,0,329,1,0;                                     331P   1357
143,0,309,1,331;                                                     333P   1358
128,1,8,1,2,0,1,0,0,1,0.034138655462185,0.034138655462185,           335P   1359
0.035014005602241,0.035014005602241,0.,0.,0.,17.944777237305,        335P   1360
17.944777237305,35.88955447461,35.88955447461,53.834331711915,       335P   1361
53.834331711915,71.77910894922,71.77910894922,71.77910894922,        335P   1362
1.,1.,0.70710678118655,0.70710678118655,1.,1.,0.70710678118655,      335P   1363
0.70710678118655,1.,1.,0.70710678118655,0.70710678118655,1.,1.,      335P   1364
0.70710678118655,0.70710678118655,1.,1.,-3.42289721956893E-015,      335P   1365
-7.21,-11.424,-3.42106031003819E-015,-7.2,-11.424,-11.424,           335P   1366
-7.21,-11.424,-11.424,-7.2,-11.424,-11.424,-7.21,                    335P   1367
2.09848544791003E-015,-11.424,-7.2,2.09848544791003E-015,            335P   1368
-11.424,-7.21,11.424,-11.424,-7.2,11.424,0.,-7.21,11.424,0.,         335P   1369
-7.2,11.424,11.424,-7.21,11.424,11.424,-7.2,11.424,11.424,           335P   1370
-7.21,-2.09848544791003E-015,11.424,-7.2,                            335P   1371
-2.09848544791003E-015,11.424,-7.21,-11.424,11.424,-7.2,             335P   1372
-11.424,-3.42289721956893E-015,-7.21,-11.424,                        335P   1373
-3.42106031003819E-015,-7.2,-11.424,0.034138655462185,               335P   1374
0.035014005602241,0.,71.77910894922;                                 335P   1375
126,1,1,0,0,1,0,-0.4,-0.4,-0.39,-0.39,1.,1.,                         337P   1376
-2.02207001143151E-015,-7.2,11.424,-2.02390692096224E-015,           337P   1377
-7.21,11.424,-0.4,-0.39,0.,0.,1.;                                    337P   1378
126,4,2,1,0,0,0,0.,0.,0.,1.5707963267949,1.5707963267949,            339P   1379
3.1415926535898,3.1415926535898,3.1415926535898,1.,                  339P   1380
0.70710678118655,1.,0.70710678118655,1.,-1.92716301901027E-015,      339P   1381
-7.21,11.424,-11.424,-7.21,11.424,-11.424,-7.21,0.,-11.424,          339P   1382
-7.21,-11.424,-1.92716301901027E-015,-7.21,-11.424,0.,               339P   1383
3.1415926535898,0.,-1.,0.;                                           339P   1384
126,1,1,0,0,1,0,0.39,0.39,0.4,0.4,1.,1.,0.,-7.21,-11.424,0.,         341P   1385
-7.2,-11.424,0.39,0.4,0.,0.,1.;                                      341P   1386
126,4,2,1,0,0,0,-3.1415926535898,-3.1415926535898,                   343P   1387
-3.1415926535898,-1.5707963267949,-1.5707963267949,0.,0.,0.,1.,      343P   1388
0.70710678118655,1.,0.70710678118655,1.,-3.42106031003819E-015,      343P   1389
-7.2,-11.424,-11.424,-7.2,-11.424,-11.424,-7.2,                      343P   1390
1.39899029860668E-015,-11.424,-7.2,11.424,0.,-7.2,11.424,            343P   1391
-3.1415926535898,0.,0.,1.,0.;                                        343P   1392
141,0,1,335,4,337,1,0,339,1,0,341,1,0,343,1,0;                       345P   1393
143,0,335,1,345;                                                     347P   1394
128,1,8,1,2,0,1,0,0,1,-0.035014005602241,-0.035014005602241,         349P   1395
-0.00087535014005554,-0.00087535014005554,0.,0.,0.,                  349P   1396
17.944777237305,17.944777237305,35.88955447461,35.88955447461,       349P   1397
53.834331711915,53.834331711915,71.77910894922,71.77910894922,       349P   1398
71.77910894922,1.,1.,0.70710678118655,0.70710678118655,1.,1.,        349P   1399
0.70710678118655,0.70710678118655,1.,1.,0.70710678118655,            349P   1400
0.70710678118655,1.,1.,0.70710678118655,0.70710678118655,1.,1.,      349P   1401
-3.56801307249688E-015,-8.,-11.424,-3.49637360079827E-015,           349P   1402
-7.61,-11.424,-11.424,-8.,-11.424,-11.424,-7.61,-11.424,             349P   1403
-11.424,-8.,2.09848544791003E-015,-11.424,-7.61,                     349P   1404
2.09848544791003E-015,-11.424,-8.,11.424,-11.424,-7.61,11.424,       349P   1405
0.,-8.,11.424,0.,-7.61,11.424,11.424,-8.,11.424,11.424,-7.61,        349P   1406
11.424,11.424,-8.,-2.09848544791003E-015,11.424,-7.61,               349P   1407
-2.09848544791003E-015,11.424,-8.,-11.424,11.424,-7.61,-11.424,      349P   1408
-3.56801307249688E-015,-8.,-11.424,-3.49637360079827E-015,           349P   1409
-7.61,-11.424,-0.035014005602241,-0.00087535014005554,0.,            349P   1410
71.77910894922;                                                      349P   1411
126,1,1,0,0,1,0,0.009999999999998,0.009999999999998,0.4,0.4,1.,      351P   1412
1.,-2.09738330219159E-015,-7.61,11.424,-2.16902277389020E-015,       351P   1413
-8.,11.424,0.009999999999998,0.4,0.,0.,1.;                           351P   1414
126,4,2,1,0,0,0,0.,0.,0.,1.5707963267949,1.5707963267949,            353P   1415
3.1415926535898,3.1415926535898,3.1415926535898,1.,                  353P   1416
0.70710678118655,1.,0.70710678118655,1.,0.,-8.,11.424,-11.424,       353P   1417
-8.,11.424,-11.424,-8.,1.39899029860668E-015,-11.424,-8.,            353P   1418
-11.424,-3.56801307249688E-015,-8.,-11.424,0.,3.1415926535898,       353P   1419
0.,-1.,0.;                                                           353P   1420
126,1,1,0,0,1,0,-0.4,-0.4,-0.009999999999998,                        355P   1421
-0.009999999999998,1.,1.,0.,-8.,-11.424,0.,-7.61,-11.424,-0.4,       355P   1422
-0.009999999999998,0.,0.,1.;                                         355P   1423
126,4,2,1,0,0,0,-3.1415926535898,-3.1415926535898,                   357P   1424
-3.1415926535898,-1.5707963267949,-1.5707963267949,0.,0.,0.,1.,      357P   1425
0.70710678118655,1.,0.70710678118655,1.,-2.04962365439251E-015,      357P   1426
-7.61,-11.424,-11.424,-7.61,-11.424,-11.424,-7.61,0.,-11.424,        357P   1427
-7.61,11.424,-2.04962365439251E-015,-7.61,11.424,                    357P   1428
-3.1415926535898,0.,0.,1.,0.;                                        357P   1429
141,0,1,349,4,351,1,0,353,1,0,355,1,0,357,1,0;                       359P   1430
143,0,349,1,359;                                                     361P   1431
128,4,2,2,2,0,0,0,0,0,0.,0.,0.,1.5707963267949,1.5707963267949,      363P   1432
3.1415926535898,3.1415926535898,3.1415926535898,0.,0.,0.,            363P   1433
0.65363590087519,0.65363590087519,0.65363590087519,1.,               363P   1434
0.70710678118655,1.,0.70710678118655,1.,0.94706867322182,            363P   1435
0.6696786810845,0.94706867322182,0.6696786810845,                    363P   1436
0.94706867322182,1.,0.70710678118655,1.,0.70710678118655,1.,         363P   1437
6.2250593256024,-4.,10.724207961091,6.2250593256024,-1.6,            363P   1438
10.724207961091,5.0202091335503,-1.6,8.6485548073316,                363P   1439
3.8153589414983,-1.6,6.572901653572,3.8153589414983,-4.,             363P   1440
6.572901653572,9.8602800069464,-4.,8.6140787575988,                  363P   1441
9.8602800069464,-1.6,8.6140787575988,7.9518387152794,-1.6,           363P   1442
6.946837707741,6.0433974236123,-1.6,5.2795966578831,                 363P   1443
6.0433974236123,-4.,5.2795966578831,11.463081468598,-4.,             363P   1444
4.7283996493825,11.463081468598,-1.6,4.7283996493825,                363P   1445
9.2444205391921,-1.6,3.8132255236955,7.025759609786,-1.6,            363P   1446
2.8980513980086,7.025759609786,-4.,2.8980513980086,0.,               363P   1447
3.1415926535898,0.,0.65363590087519;                                 363P   1448
126,2,2,1,0,0,0,-1.1423973285781,-1.1423973285781,                   365P   1449
-1.1423973285781,-0.57119866428906,-0.57119866428906,                365P   1450
-0.57119866428906,1.,0.9594929736145,1.,11.279436742396,-4.,         365P   1451
5.1511461612234,9.7669237604631,-4.,8.4630876142133,                 365P   1452
6.7039461364494,-4.,10.431543807107,-1.1423973285781,                365P   1453
-0.57119866428906,0.,-1.,0.;                                         365P   1454
126,2,2,1,0,0,0,-1.99840144432528E-015,-1.99840144432528E-015,       367P   1455
-1.99840144432528E-015,1.0471975511966,1.0471975511966,              367P   1456
1.0471975511966,1.,0.86602540378444,1.,6.7039461364494,-4.,          367P   1457
10.431543807107,6.7039461364494,-2.6143593539449,                    367P   1458
10.431543807107,6.0551771555027,-1.9215390309174,                    367P   1459
9.4220395677092,-1.93609805145068E-015,1.0471975511966,              367P   1460
-0.84125353283118,0.,0.5406408174556;                                367P   1461
126,2,2,1,0,0,0,0.57119866428906,0.57119866428906,                   369P   1462
0.57119866428906,1.1423973285781,1.1423973285781,                    369P   1463
1.1423973285781,1.,0.95949297361449,1.,6.0551771555027,              369P   1464
-1.9215390309174,9.4220395677092,8.8217375900957,                    369P   1465
-1.9215390309174,7.6440791354184,10.187878347971,                    369P   1466
-1.9215390309174,4.6526481456211,0.57119866428906,                   369P   1467
1.1423973285781,0.,1.,0.;                                            369P   1468
126,2,2,1,0,0,0,-1.0471975511966,-1.0471975511966,                   371P   1469
-1.0471975511966,1.77635683940025E-015,1.77635683940025E-015,        371P   1470
1.77635683940025E-015,1.,0.86602540378444,1.,10.187878347971,        371P   1471
-1.9215390309174,4.6526481456211,11.279436742396,                    371P   1472
-2.6143593539449,5.1511461612234,11.279436742396,-4.,                371P   1473
5.1511461612234,-1.0471975511966,1.86831771030676E-015,              371P   1474
0.41541501300188,0.,-0.90963199535452;                               371P   1475
141,0,1,363,4,365,1,0,367,1,0,369,1,0,371,1,0;                       373P   1476
143,0,363,1,373;                                                     375P   1477
128,4,2,2,2,0,0,0,0,0,0.,0.,0.,1.5707963267949,1.5707963267949,      377P   1478
3.1415926535898,3.1415926535898,3.1415926535898,0.,0.,0.,            377P   1479
0.61841408513099,0.61841408513099,0.61841408513099,1.,               377P   1480
0.70710678118655,1.,0.70710678118655,1.,0.95257516896924,            377P   1481
0.67357236156807,0.95257516896924,0.67357236156807,                  377P   1482
0.95257516896924,1.,0.70710678118655,1.,0.70710678118655,1.,         377P   1483
-7.1888217367084,-4.,10.103506422912,-7.1888217367084,-1.6,          377P   1484
10.103506422912,-5.7974368844422,-1.6,8.1479890507357,               377P   1485
-4.4060520321761,-1.6,6.1924716785591,-4.4060520321761,-4.,          377P   1486
6.1924716785591,-3.9612222139934,-4.,12.4,-3.9612222139934,          377P   1487
-1.6,12.4,-3.1945340435431,-1.6,10.,-2.4278458730927,-1.6,7.6,       377P   1488
-2.4278458730927,-4.,7.6,1.77635683940025E-015,-4.,12.4,             377P   1489
2.66453525910038E-015,-1.6,12.4,1.77635683940025E-015,-1.6,10.,      377P   1490
0.,-1.6,7.6,0.,-4.,7.6,0.,3.1415926535898,0.,0.61841408513099;       377P   1491
126,2,2,1,0,0,0,0.,0.,0.,0.57119866428905,0.57119866428905,          379P   1492
0.57119866428905,1.,0.95949297361449,1.,0.,-4.,12.4,                 379P   1493
-3.6409685124357,-4.,12.4,-6.7039461364494,-4.,10.431543807107,      379P   1494
0.,0.57119866428905,0.,-1.,0.;                                       379P   1495
126,2,2,1,0,0,0,-2.22044604925031E-015,-2.22044604925031E-015,       381P   1496
-2.22044604925031E-015,1.0471975511966,1.0471975511966,              381P   1497
1.0471975511966,1.,0.86602540378443,1.,-6.7039461364494,-4.,         381P   1498
10.431543807107,-6.7039461364494,-2.6143593539449,                   381P   1499
10.431543807107,-6.0551771555027,-1.9215390309173,                   381P   1500
9.4220395677092,-2.13471970550823E-015,1.0471975511966,              381P   1501
-0.84125353283118,0.,-0.5406408174556;                               381P   1502
126,2,2,1,0,0,0,-0.57119866428905,-0.57119866428905,                 383P   1503
-0.57119866428905,0.,0.,0.,1.,0.9594929736145,1.,                    383P   1504
-6.0551771555027,-1.9215390309173,9.4220395677092,                   383P   1505
-3.2886167209097,-1.9215390309173,11.2,0.,-1.9215390309174,          383P   1506
11.2,-0.57119866428905,0.,0.,1.,0.;                                  383P   1507
126,2,2,1,0,0,0,-1.0471975511966,-1.0471975511966,                   385P   1508
-1.0471975511966,1.99840144432528E-015,1.99840144432528E-015,        385P   1509
1.99840144432528E-015,1.,0.86602540378444,1.,0.,                     385P   1510
-1.9215390309173,11.2,0.,-2.6143593539449,12.4,0.,-4.,12.4,          385P   1511
-1.0471975511966,2.03540887847945E-015,1.,0.,0.;                     385P   1512
141,0,1,377,4,379,1,0,381,1,0,383,1,0,385,1,0;                       387P   1513
143,0,377,1,387;                                                     389P   1514
128,2,2,2,2,0,0,0,0,0,0.,0.,0.,1.0471975511966,1.0471975511966,      391P   1515
1.0471975511966,0.,0.,0.,0.030605803556216,0.030605803556216,        391P   1516
0.030605803556216,1.,0.86602540378443,1.,0.99988291288355,           391P   1517
0.86592400336713,0.99988291288355,1.,0.86602540378443,1.,            391P   1518
12.299737010062,-4.,-1.5736802354033,12.299737010062,                391P   1519
-2.6143593539449,-1.5736802354033,11.109439880056,                   391P   1520
-1.9215390309173,-1.4213885997191,12.275653255992,-4.,               391P   1521
-1.7619165966495,12.275653255992,-2.6143593539449,                   391P   1522
-1.7619165966495,11.087686811864,-1.9215390309173,                   391P   1523
-1.5914085389092,12.245820555137,-4.,-1.9493278152704,               391P   1524
12.245820555137,-2.6143593539449,-1.9493278152704,                   391P   1525
11.060741146575,-1.9215390309173,-1.7606831879862,0.,                391P   1526
1.0471975511966,0.,0.030605803556216;                                391P   1527
126,2,2,0,0,0,0,-1.7135959928672,-1.7135959928672,                   393P   1528
-1.7135959928672,-1.7115126595338,-1.7115126595338,                  393P   1529
-1.7115126595338,1.,0.99999945746533,1.,12.273785879324,-4.,         393P   1530
-1.7647039945888,12.275624113316,-4.,-1.7519187963402,               393P   1531
12.277435707509,-4.,-1.7391297961859,-1.7135959928672,               393P   1532
-1.7115126595338,0.,0.,1.;                                           393P   1533
126,2,2,1,0,0,0,0.,0.,0.,1.0471975511966,1.0471975511966,            395P   1534
1.0471975511966,1.,0.86602540378443,1.,12.277435707509,-4.,          395P   1535
-1.7391297961859,12.277435707509,-2.6143593539449,                   395P   1536
-1.7391297961859,11.089296768073,-1.9215390309174,                   395P   1537
-1.570826912684,0.,1.0471975511966,0.14025240291822,0.,              395P   1538
0.99011578286363;                                                    395P   1539
126,2,2,0,0,0,0,1.7115126595338,1.7115126595338,                     397P   1540
1.7115126595338,1.7135959928672,1.7135959928672,                     397P   1541
1.7135959928672,1.,0.99999945746533,1.,11.089296768073,              397P   1542
-1.9215390309174,-1.570826912684,11.087660489447,                    397P   1543
-1.9215390309174,-1.5823782676621,11.086000149066,                   397P   1544
-1.9215390309174,-1.5939261886608,1.7115126595338,                   397P   1545
1.7135959928672,0.,0.,1.;                                            397P   1546
126,2,2,1,0,0,0,-1.0471975511966,-1.0471975511966,                   399P   1547
-1.0471975511966,1.77635683940025E-015,1.77635683940025E-015,        399P   1548
1.77635683940025E-015,1.,0.86602540378444,1.,11.086000149066,        399P   1549
-1.9215390309174,-1.5939261886608,12.273785879324,                   399P   1550
-2.6143593539449,-1.7647039945888,12.273785879324,-4.,               399P   1551
-1.7647039945888,-1.0471975511966,1.66855046367704E-015,             399P   1552
-0.14231483827329,0.,-0.98982144188093;                              399P   1553
141,0,1,391,4,393,1,0,395,1,0,397,1,0,399,1,0;                       401P   1554
143,0,391,1,401;                                                     403P   1555
128,2,2,2,2,0,0,0,0,0,0.,0.,0.,1.0471975511966,1.0471975511966,      405P   1556
1.0471975511966,0.,0.,0.,0.63720571304999,0.63720571304999,          405P   1557
0.63720571304999,1.,0.86602540378444,1.,0.94967398609877,            405P   1558
0.82244179727476,0.94967398609877,1.,0.86602540378444,1.,            405P   1559
11.065930795269,-4.,5.5951028260724,11.065930795269,                 405P   1560
-2.6143593539449,5.5951028260724,9.9950342666943,                    405P   1561
-1.9215390309173,5.0536412622589,12.911416968508,-4.,                405P   1562
1.9451212419041,12.911416968508,-2.6143593539449,                    405P   1563
1.9451212419041,11.661925003814,-1.9215390309173,                    405P   1564
1.756883702365,12.223184232088,-4.,-2.0865682899058,                 405P   1565
12.223184232088,-2.6143593539449,-2.0865682899058,                   405P   1566
11.040295435434,-1.9215390309173,-1.8846423263665,0.,                405P   1567
1.0471975511966,0.,0.63720571304999;                                 405P   1568
126,2,2,1,0,0,0,-1.7115126595338,-1.7115126595338,                   407P   1569
-1.7115126595338,-1.1423973285781,-1.1423973285781,                  407P   1570
-1.1423973285781,1.,0.9597859244166,1.,12.277435707509,-4.,          407P   1571
-1.7391297961859,12.786123108477,-4.,1.8519632172854,                407P   1572
11.279436742396,-4.,5.1511461612234,-1.7115126595338,                407P   1573
-1.1423973285781,0.,-1.,0.;                                          407P   1574
126,2,2,1,0,0,0,-1.77635683940025E-015,-1.77635683940025E-015,       409P   1575
-1.77635683940025E-015,1.0471975511966,1.0471975511966,              409P   1576
1.0471975511966,1.,0.86602540378444,1.,11.279436742396,-4.,          409P   1577
5.1511461612234,11.279436742396,-2.6143593539449,                    409P   1578
5.1511461612234,10.187878347971,-1.9215390309174,                    409P   1579
4.6526481456211,-1.86831771030676E-015,1.0471975511966,              409P   1580
-0.41541501300188,0.,0.90963199535452;                               409P   1581
126,2,2,1,0,0,0,1.1423973285781,1.1423973285781,                     411P   1582
1.1423973285781,1.7115126595338,1.7115126595338,                     411P   1583
1.7115126595338,1.,0.9597859244166,1.,10.187878347971,               411P   1584
-1.9215390309174,4.6526481456211,11.548756356044,                    411P   1585
-1.9215390309174,1.6727409704513,11.089296768073,                    411P   1586
-1.9215390309174,-1.570826912684,1.1423973285781,                    411P   1587
1.7115126595338,0.,1.,0.;                                            411P   1588
126,2,2,1,0,0,0,-1.0471975511966,-1.0471975511966,                   413P   1589
-1.0471975511966,0.,0.,0.,1.,0.86602540378443,1.,                    413P   1590
11.089296768073,-1.9215390309174,-1.570826912684,                    413P   1591
12.277435707509,-2.6143593539449,-1.7391297961859,                   413P   1592
12.277435707509,-4.,-1.7391297961859,-1.0471975511966,0.,            413P   1593
-0.14025240291822,0.,-0.99011578286363;                              413P   1594
141,0,1,405,4,407,1,0,409,1,0,411,1,0,413,1,0;                       415P   1595
143,0,405,1,415;                                                     417P   1596
128,2,2,2,2,0,0,0,0,0,-1.0471975511966,-1.0471975511966,             419P   1597
-1.0471975511966,0.,0.,0.,0.,0.,0.,0.030605803556216,                419P   1598
0.030605803556216,0.030605803556216,1.,0.86602540378443,1.,          419P   1599
0.99988291288355,0.86592400336714,0.99988291288355,1.,               419P   1600
0.86602540378443,1.,11.109439880056,-6.0784609690827,                419P   1601
-1.4213885997191,12.299737010062,-5.3856406460551,                   419P   1602
-1.5736802354033,12.299737010062,-4.,-1.5736802354033,               419P   1603
11.087686811864,-6.0784609690827,-1.5914085389092,                   419P   1604
12.275653255992,-5.3856406460551,-1.7619165966495,                   419P   1605
12.275653255992,-4.,-1.7619165966495,11.060741146575,                419P   1606
-6.0784609690827,-1.7606831879862,12.245820555137,                   419P   1607
-5.3856406460551,-1.9493278152704,12.245820555137,-4.,               419P   1608
-1.9493278152704,-1.0471975511966,0.,0.,0.030605803556216;           419P   1609
126,2,2,0,0,0,0,1.7115126595338,1.7115126595338,                     421P   1610
1.7115126595338,1.7135959928672,1.7135959928672,                     421P   1611
1.7135959928672,1.,0.99999945746533,1.,12.277435707509,-4.,          421P   1612
-1.7391297961859,12.275624113316,-4.,-1.7519187963402,               421P   1613
12.273785879324,-4.,-1.7647039945888,1.7115126595338,                421P   1614
1.7135959928672,0.,0.,1.;                                            421P   1615
126,2,2,1,0,0,0,1.66855046367704E-015,1.66855046367704E-015,         423P   1616
1.66855046367704E-015,1.0471975511966,1.0471975511966,               423P   1617
1.0471975511966,1.,0.86602540378444,1.,12.273785879324,-4.,          423P   1618
-1.7647039945888,12.273785879324,-5.3856406460551,                   423P   1619
-1.7647039945888,11.086000149066,-6.0784609690827,                   423P   1620
-1.5939261886608,1.66855046367704E-015,1.0471975511966,              423P   1621
-0.14231483827329,0.,-0.98982144188093;                              423P   1622
126,2,2,0,0,0,0,-1.7135959928672,-1.7135959928672,                   425P   1623
-1.7135959928672,-1.7115126595338,-1.7115126595338,                  425P   1624
-1.7115126595338,1.,0.99999945746533,1.,11.086000149066,             425P   1625
-6.0784609690827,-1.5939261886608,11.087660489447,                   425P   1626
-6.0784609690827,-1.5823782676621,11.089296768073,                   425P   1627
-6.0784609690827,-1.570826912684,-1.7135959928672,                   425P   1628
-1.7115126595338,0.,0.,1.;                                           425P   1629
126,2,2,1,0,0,0,-1.0471975511966,-1.0471975511966,                   427P   1630
-1.0471975511966,0.,0.,0.,1.,0.86602540378444,1.,                    427P   1631
11.089296768073,-6.0784609690827,-1.570826912684,                    427P   1632
12.277435707509,-5.3856406460551,-1.7391297961859,                   427P   1633
12.277435707509,-4.,-1.7391297961859,-1.0471975511966,0.,            427P   1634
0.14025240291822,0.,0.99011578286363;                                427P   1635
141,0,1,419,4,421,1,0,423,1,0,425,1,0,427,1,0;                       429P   1636
143,0,419,1,429;                                                     431P   1637
128,4,2,2,2,0,0,0,0,0,0.,0.,0.,1.5707963267949,1.5707963267949,      433P   1638
3.1415926535898,3.1415926535898,3.1415926535898,0.,0.,0.,            433P   1639
0.63551020441984,0.63551020441984,0.63551020441984,1.,               433P   1640
0.70710678118655,1.,0.70710678118655,1.,0.94993919539976,            433P   1641
0.67170844678207,0.94993919539976,0.67170844678207,                  433P   1642
0.94993919539976,1.,0.70710678118655,1.,0.70710678118655,1.,         433P   1643
12.296742921382,-4.,-1.5969074880668,12.296742921382,-1.6,           433P   1644
-1.5969074880668,9.9167281624048,-1.6,-1.2878286194087,              433P   1645
7.5367134034276,-1.6,-0.97874975075061,7.5367134034276,-4.,          433P   1646
-0.97874975075061,11.771520331131,-4.,-5.6413040589908,              433P   1647
11.771520331131,-1.6,-5.6413040589908,9.4931615573636,-1.6,          433P   1648
-4.5494387572506,7.2148027835963,-1.6,-3.4575734555105,              433P   1649
7.2148027835963,-4.,-3.4575734555105,8.9481314655184,-4.,            433P   1650
-8.5843429146207,8.9481314655184,-1.6,-8.5843429146207,              433P   1651
7.2162350528374,-1.6,-6.9228571892103,5.4843386401564,-1.6,          433P   1652
-5.2613714637998,5.4843386401564,-4.,-5.2613714637998,0.,            433P   1653
3.1415926535898,0.,0.63551020441984;                                 433P   1654
126,2,2,1,0,0,0,-2.2847946571562,-2.2847946571562,                   435P   1655
-2.2847946571562,-1.7135959928672,-1.7135959928672,                  435P   1656
-1.7135959928672,1.,0.9594929736145,1.,9.3712947219928,-4.,          435P   1657
-8.1202731009215,11.755622034318,-4.,-5.368612697411,                435P   1658
12.273785879324,-4.,-1.7647039945888,-2.2847946571562,               435P   1659
-1.7135959928672,0.,-1.,0.;                                          435P   1660
126,2,2,1,0,0,0,-1.77635683940025E-015,-1.77635683940025E-015,       437P   1661
-1.77635683940025E-015,1.0471975511966,1.0471975511966,              437P   1662
1.0471975511966,1.,0.86602540378444,1.,12.273785879324,-4.,          437P   1663
-1.7647039945888,12.273785879324,-2.6143593539449,                   437P   1664
-1.7647039945888,11.086000149066,-1.9215390309174,                   437P   1665
-1.5939261886608,-1.66855046367704E-015,1.0471975511966,             437P   1666
0.14231483827329,0.,0.98982144188093;                                437P   1667
126,2,2,1,0,0,0,1.7135959928672,1.7135959928672,                     439P   1668
1.7135959928672,2.2847946571562,2.2847946571562,                     439P   1669
2.2847946571562,1.,0.9594929736145,1.,11.086000149066,               439P   1670
-1.9215390309174,-1.5939261886608,10.617981192287,                   439P   1671
-1.9215390309174,-4.8490695331454,8.4643952327677,                   439P   1672
-1.9215390309174,-7.3344402201872,1.7135959928672,                   439P   1673
2.2847946571562,0.,1.,0.;                                            439P   1674
126,2,2,1,0,0,0,-1.0471975511966,-1.0471975511966,                   441P   1675
-1.0471975511966,1.33226762955019E-015,1.33226762955019E-015,        441P   1676
1.33226762955019E-015,1.,0.86602540378443,1.,8.4643952327677,        441P   1677
-1.9215390309174,-7.3344402201872,9.3712947219928,                   441P   1678
-2.6143593539449,-8.1202731009216,9.3712947219928,-4.,               441P   1679
-8.1202731009215,-1.0471975511966,1.34147300656896E-015,             441P   1680
-0.65486073394529,0.,-0.75574957435426;                              441P   1681
141,0,1,433,4,435,1,0,437,1,0,439,1,0,441,1,0;                       443P   1682
143,0,433,1,443;                                                     445P   1683
128,4,2,2,2,0,0,0,0,0,0.,0.,0.,1.5707963267949,1.5707963267949,      447P   1684
3.1415926535898,3.1415926535898,3.1415926535898,0.,0.,0.,            447P   1685
0.64748188766666,0.64748188766666,0.64748188766666,1.,               447P   1686
0.70710678118655,1.,0.70710678118655,1.,0.94805200288601,            447P   1687
0.67037400015818,0.94805200288601,0.67037400015818,                  447P   1688
0.94805200288601,1.,0.70710678118655,1.,0.70710678118655,1.,         447P   1689
9.7648680716624,-4.,-7.642470251367,9.7648680716624,-1.6,            447P   1690
-7.642470251367,7.8748936061793,-1.6,-6.1632824607798,               447P   1691
5.9849191406963,-1.6,-4.6840946701927,5.9849191406963,-4.,           447P   1692
-4.6840946701927,7.2004650866095,-4.,-10.91903607472,                447P   1693
7.2004650866095,-1.6,-10.91903607472,5.8068266827496,-1.6,           447P   1694
-8.8056742538061,4.4131882788897,-1.6,-6.6923124328926,              447P   1695
4.4131882788897,-4.,-6.6923124328926,3.1787254129824,-4.,            447P   1696
-11.985645779384,3.1787254129824,-1.6,-11.985645779384,              447P   1697
2.5634882362762,-1.6,-9.6658433704708,1.9482510595699,-1.6,          447P   1698
-7.3460409615578,1.9482510595699,-4.,-7.3460409615578,0.,            447P   1699
3.1415926535898,0.,0.64748188766666;                                 447P   1700
126,2,2,1,0,0,0,-2.8559933214453,-2.8559933214453,                   449P   1701
-2.8559933214453,-2.2847946571562,-2.2847946571562,                  449P   1702
-2.2847946571562,1.,0.9594929736145,1.,3.4934837048337,-4.,          449P   1703
-11.89771287282,6.9869674096674,-4.,-10.871933504432,                449P   1704
9.3712947219928,-4.,-8.1202731009215,-2.8559933214453,               449P   1705
-2.2847946571562,0.,-1.,0.;                                          449P   1706
126,2,2,1,0,0,0,-1.33226762955019E-015,-1.33226762955019E-015,       451P   1707
-1.33226762955019E-015,1.0471975511966,1.0471975511966,              451P   1708
1.0471975511966,1.,0.86602540378443,1.,9.3712947219928,-4.,          451P   1709
-8.1202731009215,9.3712947219928,-2.6143593539449,                   451P   1710
-8.1202731009216,8.4643952327677,-1.9215390309174,                   451P   1711
-7.3344402201872,-1.34147300656896E-015,1.0471975511966,             451P   1712
0.65486073394529,0.,0.75574957435426;                                451P   1713
126,2,2,1,0,0,0,2.2847946571562,2.2847946571562,                     453P   1714
2.2847946571562,2.8559933214453,2.8559933214453,                     453P   1715
2.8559933214453,1.,0.9594929736145,1.,8.4643952327677,               453P   1716
-1.9215390309174,-7.3344402201872,6.310809273248,                    453P   1717
-1.9215390309174,-9.819810907229,3.155404636624,                     453P   1718
-1.9215390309174,-10.746321304482,2.2847946571562,                   453P   1719
2.8559933214453,0.,1.,0.;                                            453P   1720
126,2,2,1,0,0,0,-1.0471975511966,-1.0471975511966,                   455P   1721
-1.0471975511966,1.77635683940025E-015,1.77635683940025E-015,        455P   1722
1.77635683940025E-015,1.,0.86602540378444,1.,3.155404636624,         455P   1723
-1.9215390309174,-10.746321304482,3.4934837048337,                   455P   1724
-2.6143593539449,-11.89771287282,3.4934837048337,-4.,                455P   1725
-11.89771287282,-1.0471975511966,1.79861998583060E-015,              455P   1726
-0.9594929736145,0.,-0.28173255684143;                               455P   1727
141,0,1,447,4,449,1,0,451,1,0,453,1,0,455,1,0;                       457P   1728
143,0,447,1,457;                                                     459P   1729
128,2,2,2,2,0,0,0,0,0,0.,0.,0.,1.0471975511966,1.0471975511966,      461P   1730
1.0471975511966,0.,0.,0.,0.6286202203306,0.6286202203306,            461P   1731
0.6286202203306,1.,0.86602540378444,1.,0.95100989186642,             461P   1732
0.82359872560661,0.95100989186642,1.,0.86602540378444,1.,            461P   1733
3.8335896146542,-4.,-11.792522659144,3.8335896146542,                461P   1734
-2.6143593539449,-11.792522659144,3.4625970713006,                   461P   1735
-1.9215390309173,-10.651310788904,-1.24344978758018E-014,-4.,        461P   1736
-13.038770790979,-1.28785870856518E-014,-2.6143593539449,            461P   1737
-13.038770790979,-1.11022302462516E-014,-1.9215390309173,            461P   1738
-11.77695426282,-3.8335896146542,-4.,-11.792522659144,               461P   1739
-3.8335896146542,-2.6143593539449,-11.792522659144,                  461P   1740
-3.4625970713006,-1.9215390309173,-10.651310788904,0.,               461P   1741
1.0471975511966,0.,0.6286202203306;                                  461P   1742
126,2,2,1,0,0,0,-3.4271919857343,-3.4271919857343,                   463P   1743
-3.4271919857343,-2.8559933214453,-2.8559933214453,                  463P   1744
-2.8559933214453,1.,0.95949297361449,1.,-3.4934837048337,-4.,        463P   1745
-11.89771287282,-1.26565424807268E-014,-4.,-12.923492241207,         463P   1746
3.4934837048337,-4.,-11.89771287282,-3.4271919857343,                463P   1747
-2.8559933214453,0.,-1.,0.;                                          463P   1748
126,2,2,1,0,0,0,-1.77635683940025E-015,-1.77635683940025E-015,       465P   1749
-1.77635683940025E-015,1.0471975511966,1.0471975511966,              465P   1750
1.0471975511966,1.,0.86602540378444,1.,3.4934837048337,-4.,          465P   1751
-11.89771287282,3.4934837048337,-2.6143593539449,                    465P   1752
-11.89771287282,3.155404636624,-1.9215390309174,                     465P   1753
-10.746321304482,-1.79861998583060E-015,1.0471975511966,             465P   1754
0.9594929736145,0.,0.28173255684143;                                 465P   1755
126,2,2,1,0,0,0,2.8559933214453,2.8559933214453,                     467P   1756
2.8559933214453,3.1415926535898,3.1415926535898,                     467P   1757
3.1415926535898,1.,0.98982144188093,1.,3.155404636624,               467P   1758
-1.9215390309174,-10.746321304482,1.6103168927437,                   467P   1759
-1.9215390309174,-11.2,0.,-1.9215390309174,-11.2,                    467P   1760
2.8559933214453,3.1415926535898,0.,1.,0.;                            467P   1761
126,2,2,1,0,0,0,3.1415926535898,3.1415926535898,                     469P   1762
3.1415926535898,3.4271919857343,3.4271919857343,                     469P   1763
3.4271919857343,1.,0.98982144188092,1.,0.,-1.9215390309174,          469P   1764
-11.2,-1.6103168927437,-1.9215390309174,-11.2,-3.155404636624,       469P   1765
-1.9215390309173,-10.746321304482,3.1415926535898,                   469P   1766
3.4271919857343,0.,1.,0.;                                            469P   1767
126,2,2,1,0,0,0,-1.0471975511966,-1.0471975511966,                   471P   1768
-1.0471975511966,1.99840144432528E-015,1.99840144432528E-015,        471P   1769
1.99840144432528E-015,1.,0.86602540378444,1.,-3.155404636624,        471P   1770
-1.9215390309174,-10.746321304482,-3.4934837048337,                  471P   1771
-2.6143593539449,-11.89771287282,-3.4934837048337,-4.,               471P   1772
-11.89771287282,-1.0471975511966,1.90212342958659E-015,              471P   1773
-0.9594929736145,0.,0.28173255684143;                                471P   1774
141,0,1,461,5,463,1,0,465,1,0,467,1,0,469,1,0,471,1,0;               473P   1775
143,0,461,1,473;                                                     475P   1776
128,4,2,2,2,0,0,0,0,0,0.,0.,0.,1.5707963267949,1.5707963267949,      477P   1777
3.1415926535898,3.1415926535898,3.1415926535898,0.,0.,0.,            477P   1778
0.64748188766666,0.64748188766666,0.64748188766666,1.,               477P   1779
0.70710678118655,1.,0.70710678118655,1.,0.94805200288601,            477P   1780
0.67037400015818,0.94805200288601,0.67037400015818,                  477P   1781
0.94805200288601,1.,0.70710678118655,1.,0.70710678118655,1.,         477P   1782
-3.1787254129825,-4.,-11.985645779384,-3.1787254129825,-1.6,         477P   1783
-11.985645779384,-2.5634882362762,-1.6,-9.6658433704708,             477P   1784
-1.9482510595699,-1.6,-7.3460409615578,-1.9482510595699,-4.,         477P   1785
-7.3460409615578,-7.2004650866096,-4.,-10.91903607472,               477P   1786
-7.2004650866096,-1.6,-10.91903607472,-5.8068266827496,-1.6,         477P   1787
-8.8056742538061,-4.4131882788897,-1.6,-6.6923124328926,             477P   1788
-4.4131882788897,-4.,-6.6923124328926,-9.7648680716624,-4.,          477P   1789
-7.642470251367,-9.7648680716624,-1.6,-7.642470251367,               477P   1790
-7.8748936061793,-1.6,-6.1632824607798,-5.9849191406963,-1.6,        477P   1791
-4.6840946701926,-5.9849191406963,-4.,-4.6840946701926,0.,           477P   1792
3.1415926535898,0.,0.64748188766666;                                 477P   1793
126,2,2,1,0,0,0,2.2847946571562,2.2847946571562,                     479P   1794
2.2847946571562,2.8559933214453,2.8559933214453,                     479P   1795
2.8559933214453,1.,0.9594929736145,1.,-9.3712947219928,-4.,          479P   1796
-8.1202731009215,-6.9869674096675,-4.,-10.871933504432,              479P   1797
-3.4934837048337,-4.,-11.89771287282,2.2847946571562,                479P   1798
2.8559933214453,0.,-1.,0.;                                           479P   1799
126,2,2,1,0,0,0,-1.99840144432528E-015,-1.99840144432528E-015,       481P   1800
-1.99840144432528E-015,1.0471975511966,1.0471975511966,              481P   1801
1.0471975511966,1.,0.86602540378444,1.,-3.4934837048337,-4.,         481P   1802
-11.89771287282,-3.4934837048337,-2.6143593539449,                   481P   1803
-11.89771287282,-3.155404636624,-1.9215390309174,                    481P   1804
-10.746321304482,-1.90212342958659E-015,1.0471975511966,             481P   1805
0.9594929736145,0.,-0.28173255684143;                                481P   1806
126,2,2,1,0,0,0,-2.8559933214453,-2.8559933214453,                   483P   1807
-2.8559933214453,-2.2847946571562,-2.2847946571562,                  483P   1808
-2.2847946571562,1.,0.9594929736145,1.,-3.155404636624,              483P   1809
-1.9215390309173,-10.746321304482,-6.310809273248,                   483P   1810
-1.9215390309173,-9.819810907229,-8.4643952327677,                   483P   1811
-1.9215390309173,-7.3344402201872,-2.8559933214453,                  483P   1812
-2.2847946571562,0.,1.,0.;                                           483P   1813
126,2,2,1,0,0,0,-1.0471975511966,-1.0471975511966,                   485P   1814
-1.0471975511966,1.99840144432528E-015,1.99840144432528E-015,        485P   1815
1.99840144432528E-015,1.,0.86602540378444,1.,-8.4643952327677,       485P   1816
-1.9215390309174,-7.3344402201872,-9.3712947219928,                  485P   1817
-2.6143593539449,-8.1202731009215,-9.3712947219928,-4.,              485P   1818
-8.1202731009215,-1.0471975511966,1.98919606730651E-015,             485P   1819
-0.65486073394528,0.,0.75574957435426;                               485P   1820
141,0,1,477,4,479,1,0,481,1,0,483,1,0,485,1,0;                       487P   1821
143,0,477,1,487;                                                     489P   1822
128,4,2,2,2,0,0,0,0,0,0.,0.,0.,1.5707963267949,1.5707963267949,      491P   1823
3.1415926535898,3.1415926535898,3.1415926535898,0.,0.,0.,            491P   1824
0.63551020441984,0.63551020441984,0.63551020441984,1.,               491P   1825
0.70710678118655,1.,0.70710678118655,1.,0.94993919539976,            491P   1826
0.67170844678207,0.94993919539976,0.67170844678206,                  491P   1827
0.94993919539976,1.,0.70710678118655,1.,0.70710678118655,1.,         491P   1828
-8.9481314655184,-4.,-8.5843429146207,-8.9481314655184,-1.6,         491P   1829
-8.5843429146207,-7.2162350528374,-1.6,-6.9228571892103,             491P   1830
-5.4843386401565,-1.6,-5.2613714637998,-5.4843386401565,-4.,         491P   1831
-5.2613714637998,-11.771520331131,-4.,-5.6413040589907,              491P   1832
-11.771520331131,-1.6,-5.6413040589908,-9.4931615573636,-1.6,        491P   1833
-4.5494387572506,-7.2148027835963,-1.6,-3.4575734555105,             491P   1834
-7.2148027835963,-4.,-3.4575734555105,-12.296742921382,-4.,          491P   1835
-1.5969074880668,-12.296742921382,-1.6,-1.5969074880668,             491P   1836
-9.9167281624048,-1.6,-1.2878286194087,-7.5367134034276,-1.6,        491P   1837
-0.97874975075059,-7.5367134034276,-4.,-0.97874975075059,0.,         491P   1838
3.1415926535898,0.,0.63551020441984;                                 491P   1839
126,2,2,1,0,0,0,1.7135959928672,1.7135959928672,                     493P   1840
1.7135959928672,2.2847946571562,2.2847946571562,                     493P   1841
2.2847946571562,1.,0.95949297361451,1.,-12.273785879324,-4.,         493P   1842
-1.7647039945887,-11.755622034318,-4.,-5.368612697411,               493P   1843
-9.3712947219928,-4.,-8.1202731009215,1.7135959928672,               493P   1844
2.2847946571562,0.,-1.,0.;                                           493P   1845
126,2,2,1,0,0,0,-1.99840144432528E-015,-1.99840144432528E-015,       495P   1846
-1.99840144432528E-015,1.0471975511966,1.0471975511966,              495P   1847
1.0471975511966,1.,0.86602540378444,1.,-9.3712947219928,-4.,         495P   1848
-8.1202731009215,-9.3712947219928,-2.6143593539449,                  495P   1849
-8.1202731009215,-8.4643952327677,-1.9215390309174,                  495P   1850
-7.3344402201872,-1.98919606730651E-015,1.0471975511966,             495P   1851
0.65486073394528,0.,-0.75574957435426;                               495P   1852
126,2,2,1,0,0,0,-2.2847946571562,-2.2847946571562,                   497P   1853
-2.2847946571562,-1.7135959928672,-1.7135959928672,                  497P   1854
-1.7135959928672,1.,0.9594929736145,1.,-8.4643952327677,             497P   1855
-1.9215390309173,-7.3344402201872,-10.617981192287,                  497P   1856
-1.9215390309173,-4.8490695331454,-11.086000149066,                  497P   1857
-1.9215390309173,-1.5939261886608,-2.2847946571562,                  497P   1858
-1.7135959928672,0.,1.,0.;                                           497P   1859
126,2,2,1,0,0,0,-1.0471975511966,-1.0471975511966,                   499P   1860
-1.0471975511966,1.99840144432528E-015,1.99840144432528E-015,        499P   1861
1.99840144432528E-015,1.,0.86602540378444,1.,-11.086000149066,       499P   1862
-1.9215390309173,-1.5939261886608,-12.273785879324,                  499P   1863
-2.6143593539449,-1.7647039945887,-12.273785879324,-4.,              499P   1864
-1.7647039945887,-1.0471975511966,2.03219295174015E-015,             499P   1865
-0.14231483827329,0.,0.98982144188093;                               499P   1866
141,0,1,491,4,493,1,0,495,1,0,497,1,0,499,1,0;                       501P   1867
143,0,491,1,501;                                                     503P   1868
128,2,2,2,2,0,0,0,0,0,0.,0.,0.,1.0471975511966,1.0471975511966,      505P   1869
1.0471975511966,0.,0.,0.,0.31346664147037,0.31346664147037,          505P   1870
0.31346664147037,1.,0.86602540378444,1.,0.9877424564901,             505P   1871
0.85541005971687,0.9877424564901,1.,0.86602540378444,1.,             505P   1872
-12.245820555137,-4.,-1.9493278152704,-12.245820555137,              505P   1873
-2.6143593539449,-1.9493278152704,-11.060741146575,                  505P   1874
-1.9215390309173,-1.7606831879862,-12.553871777894,-4.,              505P   1875
-0.014127400992402,-12.553871777894,-2.6143593539449,                505P   1876
-0.014127400992402,-11.338980960679,-1.9215390309173,                505P   1877
-0.012760233154427,-12.250176855019,-4.,1.9217614370052,             505P   1878
-12.250176855019,-2.6143593539449,1.9217614370052,                   505P   1879
-11.064675869049,-1.9215390309173,1.7357845237466,0.,                505P   1880
1.0471975511966,0.,0.31346664147037;                                 505P   1881
126,2,2,1,0,0,0,1.430079994056,1.430079994056,1.430079994056,        507P   1882
1.7135959928672,1.7135959928672,1.7135959928672,1.,                  507P   1883
0.98996914946487,1.,-12.277435707509,-4.,1.7391297961859,            507P   1884
-12.525636055702,-4.,-0.013047542277185,-12.273785879324,-4.,        507P   1885
-1.7647039945887,1.430079994056,1.7135959928672,0.,-1.,0.;           507P   1886
126,2,2,1,0,0,0,-1.99840144432528E-015,-1.99840144432528E-015,       509P   1887
-1.99840144432528E-015,1.0471975511966,1.0471975511966,              509P   1888
1.0471975511966,1.,0.86602540378444,1.,-12.273785879324,-4.,         509P   1889
-1.7647039945887,-12.273785879324,-2.6143593539449,                  509P   1890
-1.7647039945887,-11.086000149066,-1.9215390309173,                  509P   1891
-1.5939261886608,-2.03219295174015E-015,1.0471975511966,             509P   1892
0.14231483827329,0.,-0.98982144188093;                               509P   1893
126,2,2,1,0,0,0,-1.7135959928672,-1.7135959928672,                   511P   1894
-1.7135959928672,-1.430079994056,-1.430079994056,                    511P   1895
-1.430079994056,1.,0.98996914946486,1.,-11.086000149066,             511P   1896
-1.9215390309173,-1.5939261886608,-11.313477727731,                  511P   1897
-1.9215390309173,-0.011784876895513,-11.089296768073,                511P   1898
-1.9215390309173,1.570826912684,-1.7135959928672,                    511P   1899
-1.430079994056,0.,1.,0.;                                            511P   1900
126,2,2,1,0,0,0,-1.0471975511966,-1.0471975511966,                   513P   1901
-1.0471975511966,0.,0.,0.,1.,0.86602540378444,1.,                    513P   1902
-11.089296768073,-1.9215390309173,1.570826912684,                    513P   1903
-12.277435707509,-2.6143593539449,1.7391297961859,                   513P   1904
-12.277435707509,-4.,1.7391297961859,-1.0471975511966,0.,            513P   1905
0.14025240291821,0.,0.99011578286363;                                513P   1906
141,0,1,505,4,507,1,0,509,1,0,511,1,0,513,1,0;                       515P   1907
143,0,505,1,515;                                                     517P   1908
128,2,2,2,2,0,0,0,0,0,0.,0.,0.,1.0471975511966,1.0471975511966,      519P   1909
1.0471975511966,0.,0.,0.,0.34087681399525,0.34087681399525,          519P   1910
0.34087681399525,1.,0.86602540378443,1.,0.98551050147119,            519P   1911
0.85347712997039,0.98551050147119,1.,0.86602540378443,1.,            519P   1912
-12.299737010062,-4.,1.5736802354033,-12.299737010062,               519P   1913
-2.6143593539449,1.5736802354033,-11.109439880056,                   519P   1914
-1.9215390309173,1.4213885997191,-12.028893766811,-4.,               519P   1915
3.6905656025859,-12.028893766811,-2.6143593539449,                   519P   1916
3.6905656025859,-10.864807273248,-1.9215390309173,                   519P   1917
3.3334140926582,-11.065930795269,-4.,5.5951028260724,                519P   1918
-11.065930795269,-2.6143593539449,5.5951028260724,                   519P   1919
-9.9950342666943,-1.9215390309173,5.0536412622589,0.,                519P   1920
1.0471975511966,0.,0.34087681399525;                                 519P   1921
126,2,2,1,0,0,0,1.1423973285781,1.1423973285781,                     521P   1922
1.1423973285781,1.430079994056,1.430079994056,1.430079994056,        521P   1923
1.,0.98967266027211,1.,-11.279436742396,-4.,5.1511461612234,         521P   1924
-12.02553727158,-4.,3.5174138890254,-12.277435707509,-4.,            521P   1925
1.7391297961859,1.1423973285781,1.430079994056,                      521P   1926
-1.72569651937497E-015,-1.,0.;                                       521P   1927
126,2,2,1,0,0,0,0.,0.,0.,1.0471975511966,1.0471975511966,            523P   1928
1.0471975511966,1.,0.86602540378444,1.,-12.277435707509,-4.,         523P   1929
1.7391297961859,-12.277435707509,-2.6143593539449,                   523P   1930
1.7391297961859,-11.089296768073,-1.9215390309173,                   523P   1931
1.570826912684,0.,1.0471975511966,-0.14025240291821,0.,              523P   1932
-0.99011578286363;                                                   523P   1933
126,2,2,1,0,0,0,-1.430079994056,-1.430079994056,                     525P   1934
-1.430079994056,-1.1423973285781,-1.1423973285781,                   525P   1935
-1.1423973285781,1.,0.98967266027209,1.,-11.089296768073,            525P   1936
-1.9215390309173,1.570826912684,-10.861775600137,                    525P   1937
-1.9215390309173,3.1770189965391,-10.187878347971,                   525P   1938
-1.9215390309173,4.6526481456211,-1.430079994056,                    525P   1939
-1.1423973285781,0.,1.,0.;                                           525P   1940
126,2,2,1,0,0,0,-1.0471975511966,-1.0471975511966,                   527P   1941
-1.0471975511966,2.22044604925031E-015,2.22044604925031E-015,        527P   1942
2.22044604925031E-015,1.,0.86602540378444,1.,-10.187878347971,       527P   1943
-1.9215390309173,4.6526481456211,-11.279436742396,                   527P   1944
-2.6143593539449,5.1511461612234,-11.279436742396,-4.,               527P   1945
5.1511461612234,-1.0471975511966,2.20250004665214E-015,              527P   1946
0.41541501300189,0.,0.90963199535452;                                527P   1947
141,0,1,519,4,521,1,0,523,1,0,525,1,0,527,1,0;                       529P   1948
143,0,519,1,529;                                                     531P   1949
128,2,2,2,2,0,0,0,0,0,-1.0471975511966,-1.0471975511966,             533P   1950
-1.0471975511966,0.,0.,0.,0.,0.,0.,0.31346664147037,                 533P   1951
0.31346664147037,0.31346664147037,1.,0.86602540378444,1.,            533P   1952
0.9877424564901,0.85541005971688,0.9877424564901,1.,                 533P   1953
0.86602540378444,1.,-11.060741146575,-6.0784609690827,               533P   1954
-1.7606831879862,-12.245820555137,-5.3856406460551,                  533P   1955
-1.9493278152704,-12.245820555137,-4.,-1.9493278152704,              533P   1956
-11.338980960679,-6.0784609690827,-0.012760233154428,                533P   1957
-12.553871777894,-5.3856406460551,-0.014127400992403,                533P   1958
-12.553871777894,-4.,-0.014127400992402,-11.064675869049,            533P   1959
-6.0784609690827,1.7357845237466,-12.250176855019,                   533P   1960
-5.3856406460551,1.9217614370052,-12.250176855019,-4.,               533P   1961
1.9217614370052,-1.0471975511966,0.,0.,0.31346664147037;             533P   1962
126,2,2,1,0,0,0,-1.7135959928672,-1.7135959928672,                   535P   1963
-1.7135959928672,-1.430079994056,-1.430079994056,                    535P   1964
-1.430079994056,1.,0.98996914946487,1.,-12.273785879324,-4.,         535P   1965
-1.7647039945887,-12.525636055702,-4.,-0.013047542277185,            535P   1966
-12.277435707509,-4.,1.7391297961859,-1.7135959928672,               535P   1967
-1.430079994056,0.,1.,0.;                                            535P   1968
126,2,2,1,0,0,0,0.,0.,0.,1.0471975511966,1.0471975511966,            537P   1969
1.0471975511966,1.,0.86602540378444,1.,-12.277435707509,-4.,         537P   1970
1.7391297961859,-12.277435707509,-5.3856406460551,                   537P   1971
1.7391297961859,-11.089296768073,-6.0784609690827,                   537P   1972
1.570826912684,0.,1.0471975511966,0.14025240291821,0.,               537P   1973
0.99011578286363;                                                    537P   1974
126,2,2,1,0,0,0,1.430079994056,1.430079994056,1.430079994056,        539P   1975
1.7135959928672,1.7135959928672,1.7135959928672,1.,                  539P   1976
0.98996914946486,1.,-11.089296768073,-6.0784609690827,               539P   1977
1.570826912684,-11.313477727731,-6.0784609690827,                    539P   1978
-0.011784876895513,-11.086000149066,-6.0784609690827,                539P   1979
-1.5939261886608,1.430079994056,1.7135959928672,0.,-1.,0.;           539P   1980
126,2,2,1,0,0,0,-1.0471975511966,-1.0471975511966,                   541P   1981
-1.0471975511966,-2.03219295174015E-015,-2.03219295174015E-015,      541P   1982
-2.03219295174015E-015,1.,0.86602540378443,1.,-11.086000149066,      541P   1983
-6.0784609690827,-1.5939261886608,-12.273785879324,                  541P   1984
-5.3856406460551,-1.7647039945887,-12.273785879324,-4.,              541P   1985
-1.7647039945887,-1.0471975511966,-2.03219295174015E-015,            541P   1986
0.14231483827328,0.,-0.98982144188093;                               541P   1987
141,0,1,533,4,535,1,0,537,1,0,539,1,0,541,1,0;                       543P   1988
143,0,533,1,543;                                                     545P   1989
128,4,2,2,2,0,0,0,0,0,0.,0.,0.,1.5707963267949,1.5707963267949,      547P   1990
3.1415926535898,3.1415926535898,3.1415926535898,0.,0.,0.,            547P   1991
0.65363590087519,0.65363590087519,0.65363590087519,1.,               547P   1992
0.70710678118655,1.,0.70710678118655,1.,0.94706867322182,            547P   1993
0.6696786810845,0.94706867322182,0.6696786810845,                    547P   1994
0.94706867322182,1.,0.70710678118655,1.,0.70710678118655,1.,         547P   1995
-11.463081468598,-4.,4.7283996493825,-11.463081468598,-1.6,          547P   1996
4.7283996493825,-9.2444205391921,-1.6,3.8132255236956,               547P   1997
-7.025759609786,-1.6,2.8980513980086,-7.025759609786,-4.,            547P   1998
2.8980513980086,-9.8602800069464,-4.,8.6140787575988,                547P   1999
-9.8602800069464,-1.6,8.6140787575988,-7.9518387152793,-1.6,         547P   2000
6.946837707741,-6.0433974236123,-1.6,5.2795966578832,                547P   2001
-6.0433974236123,-4.,5.2795966578832,-6.2250593256024,-4.,           547P   2002
10.724207961091,-6.2250593256024,-1.6,10.724207961091,               547P   2003
-5.0202091335503,-1.6,8.6485548073316,-3.8153589414982,-1.6,         547P   2004
6.572901653572,-3.8153589414982,-4.,6.572901653572,0.,               547P   2005
3.1415926535898,0.,0.65363590087519;                                 547P   2006
126,2,2,1,0,0,0,0.57119866428905,0.57119866428905,                   549P   2007
0.57119866428905,1.1423973285781,1.1423973285781,                    549P   2008
1.1423973285781,1.,0.9594929736145,1.,-6.7039461364494,-4.,          549P   2009
10.431543807107,-9.7669237604631,-4.,8.4630876142133,                549P   2010
-11.279436742396,-4.,5.1511461612234,0.57119866428905,               549P   2011
1.1423973285781,0.,-1.,0.;                                           549P   2012
126,2,2,1,0,0,0,-2.22044604925031E-015,-2.22044604925031E-015,       551P   2013
-2.22044604925031E-015,1.0471975511966,1.0471975511966,              551P   2014
1.0471975511966,1.,0.86602540378444,1.,-11.279436742396,-4.,         551P   2015
5.1511461612234,-11.279436742396,-2.6143593539449,                   551P   2016
5.1511461612234,-10.187878347971,-1.9215390309173,                   551P   2017
4.6526481456211,-2.20250004665214E-015,1.0471975511966,              551P   2018
-0.41541501300189,0.,-0.90963199535452;                              551P   2019
126,2,2,1,0,0,0,-1.1423973285781,-1.1423973285781,                   553P   2020
-1.1423973285781,-0.57119866428905,-0.57119866428905,                553P   2021
-0.57119866428905,1.,0.9594929736145,1.,-10.187878347971,            553P   2022
-1.9215390309173,4.6526481456211,-8.8217375900957,                   553P   2023
-1.9215390309173,7.6440791354185,-6.0551771555027,                   553P   2024
-1.9215390309173,9.4220395677092,-1.1423973285781,                   553P   2025
-0.57119866428905,0.,1.,0.;                                          553P   2026
126,2,2,1,0,0,0,-1.0471975511966,-1.0471975511966,                   555P   2027
-1.0471975511966,2.22044604925031E-015,2.22044604925031E-015,        555P   2028
2.22044604925031E-015,1.,0.86602540378443,1.,-6.0551771555027,       555P   2029
-1.9215390309173,9.4220395677092,-6.7039461364494,                   555P   2030
-2.6143593539449,10.431543807107,-6.7039461364494,-4.,               555P   2031
10.431543807107,-1.0471975511966,2.13471970550823E-015,              555P   2032
0.84125353283118,0.,0.5406408174556;                                 555P   2033
141,0,1,547,4,549,1,0,551,1,0,553,1,0,555,1,0;                       557P   2034
143,0,547,1,557;                                                     559P   2035
128,1,8,1,2,0,1,0,0,1,-0.045454545454546,-0.045454545454546,         561P   2036
0.17290216260424,0.17290216260424,0.,0.,0.,13.823007675795,          561P   2037
13.823007675795,27.64601535159,27.64601535159,41.469023027385,       561P   2038
41.469023027385,55.29203070318,55.29203070318,55.29203070318,        561P   2039
1.,1.,0.70710678118655,0.70710678118655,1.,1.,0.70710678118655,      561P   2040
0.70710678118655,1.,1.,0.70710678118655,0.70710678118655,1.,1.,      561P   2041
0.70710678118655,0.70710678118655,1.,1.,-1.61648038704554E-015,      561P   2042
1.05471187339390E-015,-8.8,-1.96944972300240E-015,                   561P   2043
-1.9215390309173,-8.8,-8.8,2.67119226043944E-015,-8.8,-8.8,          561P   2044
-1.9215390309173,-8.8,-8.8,2.67119226043944E-015,                    561P   2045
1.61648038704554E-015,-8.8,-1.9215390309173,                         561P   2046
1.61648038704554E-015,-8.8,2.67119226043944E-015,8.8,-8.8,           561P   2047
-1.9215390309173,8.8,1.61648038704554E-015,                          561P   2048
1.05471187339390E-015,8.8,1.26351105108868E-015,                     561P   2049
-1.9215390309173,8.8,8.8,0.,8.8,8.8,-1.9215390309173,8.8,8.8,        561P   2050
0.,-1.61648038704554E-015,8.8,-1.9215390309173,                      561P   2051
-1.61648038704554E-015,8.8,0.,-8.8,8.8,-1.9215390309173,-8.8,        561P   2052
-1.61648038704554E-015,1.05471187339390E-015,-8.8,                   561P   2053
-1.96944972300240E-015,-1.9215390309173,-8.8,                        561P   2054
-0.045454545454546,0.17290216260424,0.,55.29203070318;               561P   2055
126,1,1,0,0,1,0,-0.4,-0.4,1.5215390309173,1.5215390309173,1.,        563P   2056
1.,0.,0.,8.8,0.,-1.9215390309173,8.8,-0.4,1.5215390309173,0.,        563P   2057
0.,1.;                                                               563P   2058
126,2,2,1,0,0,0,0.,0.,0.,0.57119866428906,0.57119866428906,          565P   2059
0.57119866428906,1.,0.9594929736145,1.,0.,-1.9215390309173,8.8,      565P   2060
2.5839131378576,-1.9215390309173,8.8,4.7576391936093,                565P   2061
-1.9215390309173,7.4030310889144,0.,0.57119866428906,0.,1.,0.;       565P   2062
126,2,2,1,0,0,0,0.57119866428906,0.57119866428906,                   567P   2063
0.57119866428906,1.1423973285781,1.1423973285781,                    567P   2064
1.1423973285781,1.,0.9594929736145,1.,4.7576391936093,               567P   2065
-1.9215390309173,7.4030310889144,6.9313652493609,                    567P   2066
-1.9215390309173,6.0060621778288,8.0047615591198,                    567P   2067
-1.9215390309173,3.6556521144166,0.57119866428906,                   567P   2068
1.1423973285781,0.,1.,0.;                                            567P   2069
126,2,2,1,0,0,0,1.1423973285781,1.1423973285781,                     569P   2070
1.1423973285781,1.7135959928672,1.7135959928672,                     569P   2071
1.7135959928672,1.,0.9594929736145,1.,8.0047615591198,               569P   2072
-1.9215390309173,3.6556521144166,9.0781578688786,                    569P   2073
-1.9215390309173,1.3052420510044,8.7104286885522,                    569P   2074
-1.9215390309173,-1.2523705768049,1.1423973285781,                   569P   2075
1.7135959928672,0.,1.,0.;                                            569P   2076
126,2,2,1,0,0,0,1.7135959928672,1.7135959928672,                     571P   2077
1.7135959928672,2.2827113238229,2.2827113238229,                     571P   2078
2.2827113238229,1.,0.9597859244166,1.,8.7104286885522,               571P   2079
-1.9215390309173,-1.2523705768049,8.3441161021307,                   571P   2080
-1.9215390309173,-3.8001305775898,6.6625875930427,                   571P   2081
-1.9215390309173,-5.7489065538616,1.7135959928672,                   571P   2082
2.2827113238229,0.,1.,0.;                                            571P   2083
126,2,2,0,0,0,0,2.2827113238229,2.2827113238229,                     573P   2084
2.2827113238229,2.2847946571562,2.2847946571562,                     573P   2085
2.2847946571562,1.,0.99999945746533,1.,6.6625875930427,              573P   2086
-1.9215390309173,-5.7489065538616,6.6565991465498,                   573P   2087
-1.9215390309173,-5.7558467517813,6.6505962543175,                   573P   2088
-1.9215390309173,-5.7627744587185,2.2827113238229,                   573P   2089
2.2847946571562,0.,0.,1.;                                            573P   2090
126,2,2,1,0,0,0,2.2847946571562,2.2847946571562,                     575P   2091
2.2847946571562,2.8559933214453,2.8559933214453,                     575P   2092
2.8559933214453,1.,0.9594929736145,1.,6.6505962543175,               575P   2093
-1.9215390309173,-5.7627744587185,4.9584930004092,                   575P   2094
-1.9215390309173,-7.7155657128228,2.4792465002046,                   575P   2095
-1.9215390309173,-8.4435381678076,2.2847946571562,                   575P   2096
2.8559933214453,0.,1.,0.;                                            575P   2097
126,2,2,1,0,0,0,2.8559933214453,2.8559933214453,                     577P   2098
2.8559933214453,3.1415926535898,3.1415926535898,                     577P   2099
3.1415926535898,1.,0.98982144188094,1.,2.4792465002046,              577P   2100
-1.9215390309173,-8.4435381678076,1.2652489871558,                   577P   2101
-1.9215390309173,-8.8,0.,-1.9215390309173,-8.8,2.8559933214453,      577P   2102
3.1415926535898,0.,1.,0.;                                            577P   2103
126,1,1,0,0,1,0,-1.5215390309173,-1.5215390309173,0.4,0.4,1.,        579P   2104
1.,0.,-1.9215390309173,-8.8,0.,0.,-8.8,-1.5215390309173,0.4,0.,      579P   2105
0.,1.;                                                               579P   2106
126,4,2,1,0,0,0,-3.1415926535898,-3.1415926535898,                   581P   2107
-3.1415926535898,-1.5707963267949,-1.5707963267949,0.,0.,0.,1.,      581P   2108
0.70710678118655,1.,0.70710678118655,1.,0.,0.,-8.8,8.8,              581P   2109
-2.15530718272738E-015,-8.8,8.8,-2.15530718272738E-015,0.,8.8,       581P   2110
-2.15530718272738E-015,8.8,0.,0.,8.8,-3.1415926535898,0.,0.,         581P   2111
-1.,0.;                                                              581P   2112
141,0,1,561,10,563,1,0,565,1,0,567,1,0,569,1,0,571,1,0,573,1,0,      583P   2113
575,1,0,577,1,0,579,1,0,581,1,0;                                     583P   2114
143,0,561,1,583;                                                     585P   2115
128,4,2,2,2,0,0,0,0,0,0.,0.,0.,1.5707963267949,1.5707963267949,      587P   2116
3.1415926535898,3.1415926535898,3.1415926535898,0.,0.,0.,            587P   2117
0.68842532082655,0.68842532082655,0.68842532082655,1.,               587P   2118
0.70710678118655,1.,0.70710678118655,1.,0.94134143652307,            587P   2119
0.66562891317735,0.94134143652307,0.66562891317735,                  587P   2120
0.94134143652307,1.,0.70710678118655,1.,0.70710678118655,1.,         587P   2121
6.017579469628,-4.,10.841989546514,6.017579469628,-1.6,              587P   2122
10.841989546514,4.8528866690548,-1.6,8.7435399568659,                587P   2123
3.6881938684817,-1.6,6.6450903672181,3.6881938684817,-4.,            587P   2124
6.6450903672181,9.9042567510313,-4.,8.684784975037,                  587P   2125
9.9042567510313,-1.6,8.684784975037,7.9873038314769,-1.6,            587P   2126
7.0038588508363,6.0703509119224,-1.6,5.3229327266355,                587P   2127
6.0703509119224,-4.,5.3229327266355,11.535213808604,-4.,             587P   2128
4.5495980470577,11.535213808604,-1.6,4.5495980470577,                587P   2129
9.3025917811323,-1.6,3.669030683111,7.0699697536605,-1.6,            587P   2130
2.7884633191644,7.0699697536605,-4.,2.7884633191644,0.,              587P   2131
3.1415926535898,0.,0.68842532082655;                                 587P   2132
126,2,2,1,0,0,0,0.57119866428906,0.57119866428906,                   589P   2133
0.57119866428906,1.1423973285781,1.1423973285781,                    589P   2134
1.1423973285781,1.,0.9594929736145,1.,4.1088702126626,-4.,           589P   2135
6.393526849517,5.9861790789935,-4.,5.1870536990339,                  589P   2136
6.9132031646943,-4.,3.1571540988143,0.57119866428906,                589P   2137
1.1423973285781,0.,1.,0.;                                            589P   2138
126,2,2,1,0,0,0,3.1415926535898,3.1415926535898,                     591P   2139
3.1415926535898,4.1887902047864,4.1887902047864,                     591P   2140
4.1887902047864,1.,0.86602540378444,1.,6.9132031646943,-4.,          591P   2141
3.1571540988143,6.9132031646943,-2.6143593539449,                    591P   2142
3.1571540988143,8.0047615591198,-1.9215390309173,                    591P   2143
3.6556521144166,3.1415926535898,4.1887902047864,                     591P   2144
0.41541501300188,0.,-0.90963199535452;                               591P   2145
126,2,2,1,0,0,0,-1.1423973285781,-1.1423973285781,                   593P   2146
-1.1423973285781,-0.57119866428906,-0.57119866428906,                593P   2147
-0.57119866428906,1.,0.9594929736145,1.,8.0047615591198,             593P   2148
-1.9215390309173,3.6556521144166,6.9313652493609,                    593P   2149
-1.9215390309173,6.0060621778288,4.7576391936093,                    593P   2150
-1.9215390309173,7.4030310889144,-1.1423973285781,                   593P   2151
-0.57119866428906,0.,-1.,0.;                                         593P   2152
126,2,2,1,0,0,0,-4.1887902047864,-4.1887902047864,                   595P   2153
-4.1887902047864,-3.1415926535898,-3.1415926535898,                  595P   2154
-3.1415926535898,1.,0.86602540378444,1.,4.7576391936093,             595P   2155
-1.9215390309173,7.4030310889144,4.1088702126626,                    595P   2156
-2.6143593539449,6.393526849517,4.1088702126626,-4.,                 595P   2157
6.393526849517,-4.1887902047864,-3.1415926535898,                    595P   2158
-0.84125353283118,0.,0.5406408174556;                                595P   2159
141,0,1,587,4,589,1,0,591,1,0,593,1,0,595,1,0;                       597P   2160
143,0,587,1,597;                                                     599P   2161
128,1,8,1,2,0,1,0,0,1,-0.063723808574849,-0.063723808574849,         601P   2162
0.063723808574849,0.063723808574849,0.,0.,0.,13.823007675795,        601P   2163
13.823007675795,27.64601535159,27.64601535159,41.469023027385,       601P   2164
41.469023027385,55.29203070318,55.29203070318,55.29203070318,        601P   2165
1.,1.,0.70710678118655,0.70710678118655,1.,1.,0.70710678118655,      601P   2166
0.70710678118655,1.,1.,0.70710678118655,0.70710678118655,1.,1.,      601P   2167
0.70710678118655,0.70710678118655,1.,1.,-2.73303867567553E-015,      601P   2168
-6.0784609690827,-8.8,-2.93905524917371E-015,-7.2,-8.8,-8.8,         601P   2169
-6.0784609690826,-8.8,-8.8,-7.2,-8.8,-8.8,-6.0784609690826,          601P   2170
1.61648038704554E-015,-8.8,-7.2,1.61648038704554E-015,-8.8,          601P   2171
-6.0784609690826,8.8,-8.8,-7.2,8.8,0.,-6.0784609690827,8.8,0.,       601P   2172
-7.2,8.8,8.8,-6.0784609690827,8.8,8.8,-7.2,8.8,8.8,                  601P   2173
-6.0784609690827,-1.61648038704554E-015,8.8,-7.2,                    601P   2174
-1.61648038704554E-015,8.8,-6.0784609690827,-8.8,8.8,-7.2,-8.8,      601P   2175
-2.73303867567553E-015,-6.0784609690827,-8.8,                        601P   2176
-2.93905524917371E-015,-7.2,-8.8,-0.063723808574849,                 601P   2177
0.063723808574849,0.,55.29203070318;                                 601P   2178
126,1,1,0,0,1,0,-0.56076951545867,-0.56076951545867,                 603P   2179
0.56076951545867,0.56076951545867,1.,1.,-1.65538508431184E-015,      603P   2180
-6.0784609690827,8.8,-1.86140165781001E-015,-7.2,8.8,                603P   2181
-0.56076951545867,0.56076951545867,0.,0.,1.;                         603P   2182
126,4,2,1,0,0,0,0.,0.,0.,1.5707963267949,1.5707963267949,            605P   2183
3.1415926535898,3.1415926535898,3.1415926535898,1.,                  605P   2184
0.70710678118655,1.,0.70710678118655,1.,0.,-7.2,8.8,8.8,-7.2,        605P   2185
8.8,8.8,-7.2,0.,8.8,-7.2,-8.8,0.,-7.2,-8.8,0.,3.1415926535898,       605P   2186
0.,1.,0.;                                                            605P   2187
126,1,1,0,0,1,0,-0.56076951545867,-0.56076951545867,                 607P   2188
0.56076951545867,0.56076951545867,1.,1.,0.,-7.2,-8.8,0.,             607P   2189
-6.0784609690827,-8.8,-0.56076951545867,0.56076951545867,0.,0.,      607P   2190
1.;                                                                  607P   2191
126,2,2,1,0,0,0,-3.1415926535898,-3.1415926535898,                   609P   2192
-3.1415926535898,-2.8559933214453,-2.8559933214453,                  609P   2193
-2.8559933214453,1.,0.98982144188094,1.,0.,-6.0784609690827,         609P   2194
-8.8,1.2652489871558,-6.0784609690827,-8.8,2.4792465002046,          609P   2195
-6.0784609690827,-8.4435381678076,-3.1415926535898,                  609P   2196
-2.8559933214453,0.,-1.,2.39072146315591E-015;                       609P   2197
126,2,2,1,0,0,0,-2.8559933214453,-2.8559933214453,                   611P   2198
-2.8559933214453,-2.2847946571562,-2.2847946571562,                  611P   2199
-2.2847946571562,1.,0.9594929736145,1.,2.4792465002046,              611P   2200
-6.0784609690827,-8.4435381678076,4.9584930004092,                   611P   2201
-6.0784609690827,-7.7155657128228,6.6505962543175,                   611P   2202
-6.0784609690827,-5.7627744587185,-2.8559933214453,                  611P   2203
-2.2847946571562,0.,-1.,0.;                                          611P   2204
126,2,2,0,0,0,0,-2.2847946571562,-2.2847946571562,                   613P   2205
-2.2847946571562,-2.2827113238229,-2.2827113238229,                  613P   2206
-2.2827113238229,1.,0.99999945746533,1.,6.6505962543175,             613P   2207
-6.0784609690827,-5.7627744587185,6.6565991465498,                   613P   2208
-6.0784609690827,-5.7558467517813,6.6625875930427,                   613P   2209
-6.0784609690827,-5.7489065538616,-2.2847946571562,                  613P   2210
-2.2827113238229,0.,0.,1.;                                           613P   2211
126,2,2,1,0,0,0,-2.2827113238229,-2.2827113238229,                   615P   2212
-2.2827113238229,-1.7135959928672,-1.7135959928672,                  615P   2213
-1.7135959928672,1.,0.95978592441659,1.,6.6625875930427,             615P   2214
-6.0784609690827,-5.7489065538616,8.3441161021307,                   615P   2215
-6.0784609690827,-3.8001305775898,8.7104286885522,                   615P   2216
-6.0784609690827,-1.2523705768049,-2.2827113238229,                  615P   2217
-1.7135959928672,0.,-1.,0.;                                          615P   2218
126,2,2,1,0,0,0,-1.7135959928672,-1.7135959928672,                   617P   2219
-1.7135959928672,-1.1423973285781,-1.1423973285781,                  617P   2220
-1.1423973285781,1.,0.9594929736145,1.,8.7104286885522,              617P   2221
-6.0784609690827,-1.2523705768049,9.0781578688786,                   617P   2222
-6.0784609690827,1.3052420510044,8.0047615591198,                    617P   2223
-6.0784609690827,3.6556521144166,-1.7135959928672,                   617P   2224
-1.1423973285781,0.,-1.,0.;                                          617P   2225
126,2,2,1,0,0,0,-1.1423973285781,-1.1423973285781,                   619P   2226
-1.1423973285781,-0.57119866428906,-0.57119866428906,                619P   2227
-0.57119866428906,1.,0.9594929736145,1.,8.0047615591198,             619P   2228
-6.0784609690827,3.6556521144166,6.9313652493609,                    619P   2229
-6.0784609690827,6.0060621778288,4.7576391936093,                    619P   2230
-6.0784609690827,7.4030310889144,-1.1423973285781,                   619P   2231
-0.57119866428906,0.,-1.,0.;                                         619P   2232
126,2,2,1,0,0,0,-0.57119866428906,-0.57119866428906,                 621P   2233
-0.57119866428906,0.,0.,0.,1.,0.9594929736145,1.,                    621P   2234
4.7576391936093,-6.0784609690827,7.4030310889144,                    621P   2235
2.5839131378576,-6.0784609690827,8.8,0.,-6.0784609690827,8.8,        621P   2236
-0.57119866428906,0.,0.,-1.,0.;                                      621P   2237
141,0,1,601,10,603,1,0,605,1,0,607,1,0,609,1,0,611,1,0,613,1,0,      623P   2238
615,1,0,617,1,0,619,1,0,621,1,0;                                     623P   2239
143,0,601,1,623;                                                     625P   2240
128,1,8,1,2,0,1,0,0,1,-0.046382189239332,-0.046382189239332,         627P   2241
0.046382189239332,0.046382189239332,0.,0.,0.,13.546547522279,        627P   2242
13.546547522279,27.093095044558,27.093095044558,                     627P   2243
40.639642566838,40.639642566838,54.186190089117,                     627P   2244
54.186190089117,54.186190089117,1.,1.,0.70710678118655,              627P   2245
0.70710678118655,1.,1.,0.70710678118655,0.70710678118655,1.,1.,      627P   2246
0.70710678118655,0.70710678118655,1.,1.,0.70710678118655,            627P   2247
0.70710678118655,1.,1.,-2.90672564143279E-015,-7.2,-8.624,           627P   2248
-3.05367840389148E-015,-8.,-8.624,-8.624,-7.2,-8.624,-8.624,         627P   2249
-8.,-8.624,-8.624,-7.2,1.58415077930463E-015,-8.624,-8.,             627P   2250
1.58415077930463E-015,-8.624,-7.2,8.624,-8.624,-8.,8.624,0.,         627P   2251
-7.2,8.624,0.,-8.,8.624,8.624,-7.2,8.624,8.624,-8.,8.624,8.624,      627P   2252
-7.2,-1.58415077930463E-015,8.624,-8.,-1.58415077930463E-015,        627P   2253
8.624,-7.2,-8.624,8.624,-8.,-8.624,-2.90672564143279E-015,-7.2,      627P   2254
-8.624,-3.05367840389148E-015,-8.,-8.624,-0.046382189239332,         627P   2255
0.046382189239332,0.,54.186190089117;                                627P   2256
126,1,1,0,0,1,0,-0.4,-0.4,0.4,0.4,1.,1.,-1.85062512189638E-015,      629P   2257
-7.2,8.624,-1.99757788435506E-015,-8.,8.624,-0.4,0.4,0.,0.,1.;       629P   2258
126,4,2,1,0,0,0,0.,0.,0.,1.5707963267949,1.5707963267949,            631P   2259
3.1415926535898,3.1415926535898,3.1415926535898,1.,                  631P   2260
0.70710678118655,1.,0.70710678118655,1.,0.,-8.,8.624,8.624,-8.,      631P   2261
8.624,8.624,-8.,0.,8.624,-8.,-8.624,0.,-8.,-8.624,0.,                631P   2262
3.1415926535898,0.,1.,0.;                                            631P   2263
126,1,1,0,0,1,0,-0.4,-0.4,0.4,0.4,1.,1.,0.,-8.,-8.624,0.,-7.2,       633P   2264
-8.624,-0.4,0.4,0.,0.,1.;                                            633P   2265
126,4,2,1,0,0,0,-3.1415926535898,-3.1415926535898,                   635P   2266
-3.1415926535898,-1.5707963267949,-1.5707963267949,0.,0.,0.,1.,      635P   2267
0.70710678118655,1.,0.70710678118655,1.,0.,-7.2,-8.624,8.624,        635P   2268
-7.2,-8.624,8.624,-7.2,0.,8.624,-7.2,8.624,0.,-7.2,8.624,            635P   2269
-3.1415926535898,0.,0.,-1.,0.;                                       635P   2270
141,0,1,627,4,629,1,0,631,1,0,633,1,0,635,1,0;                       637P   2271
143,0,627,1,637;                                                     639P   2272
128,4,8,2,2,0,1,0,0,1,-3.1415926535898,-3.1415926535898,             641P   2273
-3.1415926535898,-1.5707963267949,-1.5707963267949,                  641P   2274
3.99680288865056E-015,3.99680288865056E-015,                         641P   2275
3.99680288865056E-015,0.,0.,0.,1.5707963267949,1.5707963267949,      641P   2276
3.1415926535898,3.1415926535898,4.7123889803847,                     641P   2277
4.7123889803847,6.2831853071796,6.2831853071796,                     641P   2278
6.2831853071796,1.,0.70710678118655,1.,0.70710678118655,1.,          641P   2279
0.70710678118655,0.5,0.70710678118655,0.5,0.70710678118655,1.,       641P   2280
0.70710678118655,1.,0.70710678118655,1.,0.70710678118655,0.5,        641P   2281
0.70710678118655,0.5,0.70710678118655,1.,0.70710678118655,1.,        641P   2282
0.70710678118655,1.,0.70710678118655,0.5,0.70710678118655,0.5,       641P   2283
0.70710678118655,1.,0.70710678118655,1.,0.70710678118655,1.,         641P   2284
0.70710678118655,0.5,0.70710678118655,0.5,0.70710678118655,1.,       641P   2285
0.70710678118655,1.,0.70710678118655,1.,0.,-7.7,-6.,0.,-8.,-6.,      641P   2286
0.,-8.,-6.3,0.,-8.,-6.6,0.,-7.7,-6.6,6.,-7.7,-6.,6.,-8.,-6.,         641P   2287
6.3,-8.,-6.3,6.6,-8.,-6.6,6.6,-7.7,-6.6,6.,-7.7,0.,6.,-8.,0.,        641P   2288
6.3,-8.,0.,6.6,-8.,0.,6.6,-7.7,0.,6.,-7.7,6.,6.,-8.,6.,6.3,-8.,      641P   2289
6.3,6.6,-8.,6.6,6.6,-7.7,6.6,-2.14918415095827E-015,-7.7,6.,         641P   2290
-2.20429143688028E-015,-8.,6.,-2.24102962749495E-015,-8.,6.3,        641P   2291
-2.27776781810962E-015,-8.,6.6,-2.22266053218761E-015,-7.7,6.6,      641P   2292
-6.,-7.7,6.,-6.,-8.,6.,-6.3,-8.,6.3,-6.6,-8.,6.6,-6.6,-7.7,6.6,      641P   2293
-6.,-7.7,0.,-6.,-8.,0.,-6.3,-8.,0.,-6.6,-8.,0.,-6.6,-7.7,0.,         641P   2294
-6.,-7.7,-6.,-6.,-8.,-6.,-6.3,-8.,-6.3,-6.6,-8.,-6.6,-6.6,-7.7,      641P   2295
-6.6,0.,-7.7,-6.,0.,-8.,-6.,0.,-8.,-6.3,0.,-8.,-6.6,0.,-7.7,         641P   2296
-6.6,-3.1415926535898,3.99680288865056E-015,0.,6.2831853071796;      641P   2297
126,2,2,1,0,0,0,1.5707963267949,1.5707963267949,                     643P   2298
1.5707963267949,3.1415926535898,3.1415926535898,                     643P   2299
3.1415926535898,1.,0.70710678118655,1.,-2.24102962749495E-015,       643P   2300
-8.,6.3,-2.20429143688028E-015,-8.,6.,-2.14918415095827E-015,        643P   2301
-7.7,6.,1.5707963267949,3.1415926535898,1.,0.,0.;                    643P   2302
126,4,2,1,0,0,0,0.,0.,0.,1.5707963267949,1.5707963267949,            645P   2303
3.1415926535898,3.1415926535898,3.1415926535898,1.,                  645P   2304
0.70710678118655,1.,0.70710678118655,1.,-1.04703843251813E-015,      645P   2305
-7.7,6.,6.,-7.7,6.,6.,-7.7,0.,6.,-7.7,-6.,                           645P   2306
-1.04703843251813E-015,-7.7,-6.,0.,3.1415926535898,0.,1.,0.;         645P   2307
126,2,2,1,0,0,0,-3.1415926535898,-3.1415926535898,                   647P   2308
-3.1415926535898,-1.5707963267949,-1.5707963267949,                  647P   2309
-1.5707963267949,1.,0.70710678118655,1.,0.,-7.7,-6.,0.,-8.,-6.,      647P   2310
0.,-8.,-6.3,-3.1415926535898,-1.5707963267949,1.,0.,0.;              647P   2311
126,4,2,1,0,0,0,-3.1415926535898,-3.1415926535898,                   649P   2312
-3.1415926535898,-1.5707963267949,-1.5707963267949,0.,0.,0.,1.,      649P   2313
0.70710678118655,1.,0.70710678118655,1.,-1.08377662313280E-015,      649P   2314
-8.,-6.3,6.3,-8.,-6.3,6.3,-8.,0.,6.3,-8.,6.3,                        649P   2315
-1.08377662313280E-015,-8.,6.3,-3.1415926535898,0.,0.,-1.,0.;        649P   2316
141,0,1,641,4,643,1,0,645,1,0,647,1,0,649,1,0;                       651P   2317
143,0,641,1,651;                                                     653P   2318
128,1,8,1,2,0,1,0,0,1,-0.61666666666667,-0.61666666666667,           655P   2319
0.61666666666667,0.61666666666667,0.,0.,0.,9.4247779607694,          655P   2320
9.4247779607694,18.849555921539,18.849555921539,                     655P   2321
28.274333882308,28.274333882308,37.699111843078,                     655P   2322
37.699111843078,37.699111843078,1.,1.,0.70710678118655,              655P   2323
0.70710678118655,1.,1.,0.70710678118655,0.70710678118655,1.,1.,      655P   2324
0.70710678118655,0.70710678118655,1.,1.,0.70710678118655,            655P   2325
0.70710678118655,1.,1.,-2.51656605710499E-015,-7.7,-6.,              655P   2326
-1.15725300436215E-015,-0.3,-6.,-6.,-7.7,-6.,-6.,-0.3,-6.,-6.,       655P   2327
-7.7,1.10214571844014E-015,-6.,-0.3,1.10214571844014E-015,-6.,       655P   2328
-7.7,6.,-6.,-0.3,6.,0.,-7.7,6.,1.04703843251813E-015,-0.3,6.,        655P   2329
6.,-7.7,6.,6.,-0.3,6.,6.,-7.7,-1.10214571844014E-015,6.,-0.3,        655P   2330
-1.10214571844014E-015,6.,-7.7,-6.,6.,-0.3,-6.,                      655P   2331
-2.51656605710499E-015,-7.7,-6.,-1.15725300436215E-015,-0.3,         655P   2332
-6.,-0.61666666666667,0.61666666666667,0.,37.699111843078;           655P   2333
126,1,1,0,0,1,0,-3.7,-3.7,3.7,3.7,1.,1.,0.,-0.3,6.,                  657P   2334
-1.78180224481156E-015,-7.7,6.,-3.7,3.7,0.,0.,1.;                    657P   2335
126,4,2,1,0,0,0,0.,0.,0.,1.5707963267949,1.5707963267949,            659P   2336
3.1415926535898,3.1415926535898,3.1415926535898,1.,                  659P   2337
0.70710678118655,1.,0.70710678118655,1.,-1.04703843251813E-015,      659P   2338
-7.7,6.,-6.,-7.7,6.,-6.,-7.7,0.,-6.,-7.7,-6.,                        659P   2339
-2.51656605710499E-015,-7.7,-6.,0.,3.1415926535898,0.,-1.,0.;        659P   2340
126,1,1,0,0,1,0,-3.7,-3.7,3.7,3.7,1.,1.,-1.04703843251813E-015,      661P   2341
-7.7,-6.,0.,-0.3,-6.,-3.7,3.7,0.,0.,1.;                              661P   2342
126,4,2,1,0,0,0,-3.1415926535898,-3.1415926535898,                   663P   2343
-3.1415926535898,-1.5707963267949,-1.5707963267949,0.,0.,0.,1.,      663P   2344
0.70710678118655,1.,0.70710678118655,1.,-1.15725300436215E-015,      663P   2345
-0.3,-6.,-6.,-0.3,-6.,-6.,-0.3,0.,-6.,-0.3,6.,0.,-0.3,6.,            663P   2346
-3.1415926535898,0.,0.,1.,0.;                                        663P   2347
141,0,1,655,4,657,1,0,659,1,0,661,1,0,663,1,0;                       665P   2348
143,0,655,1,665;                                                     667P   2349
128,4,8,2,2,0,1,0,0,1,-2.40548322002117E-015,                        669P   2350
-2.40548322002117E-015,-2.40548322002117E-015,1.5707963267949,       669P   2351
1.5707963267949,3.1415926535898,3.1415926535898,                     669P   2352
3.1415926535898,0.,0.,0.,1.5707963267949,1.5707963267949,            669P   2353
3.1415926535898,3.1415926535898,4.7123889803847,                     669P   2354
4.7123889803847,6.2831853071796,6.2831853071796,                     669P   2355
6.2831853071796,1.,0.70710678118654,1.,0.70710678118654,1.,          669P   2356
0.70710678118655,0.5,0.70710678118655,0.5,0.70710678118655,1.,       669P   2357
0.70710678118654,1.,0.70710678118654,1.,0.70710678118655,0.5,        669P   2358
0.70710678118655,0.5,0.70710678118655,1.,0.70710678118654,1.,        669P   2359
0.70710678118654,1.,0.70710678118655,0.5,0.70710678118655,0.5,       669P   2360
0.70710678118655,1.,0.70710678118654,1.,0.70710678118654,1.,         669P   2361
0.70710678118655,0.5,0.70710678118655,0.5,0.70710678118655,1.,       669P   2362
0.70710678118654,1.,0.70710678118654,1.,0.,-0.3,-6.6,0.,0.,          669P   2363
-6.6,0.,0.,-6.3,0.,0.,-6.,0.,-0.3,-6.,6.6,-0.3,-6.6,6.6,0.,          669P   2364
-6.6,6.3,0.,-6.3,6.,0.,-6.,6.,-0.3,-6.,6.6,-0.3,0.,6.6,0.,0.,        669P   2365
6.3,0.,0.,6.,0.,0.,6.,-0.3,0.,6.6,-0.3,6.6,6.6,0.,6.6,6.3,0.,        669P   2366
6.3,6.,0.,6.,6.,-0.3,6.,0.,-0.3,6.6,0.,0.,6.6,0.,0.,6.3,0.,0.,       669P   2367
6.,0.,-0.3,6.,-6.6,-0.3,6.6,-6.6,1.49910059409411E-015,6.6,          669P   2368
-6.3,1.43480876051844E-015,6.3,-6.,1.37051692694276E-015,6.,         669P   2369
-6.,-0.3,6.,-6.6,-0.3,0.,-6.6,1.48991604644044E-015,0.,-6.3,         669P   2370
1.43480876051844E-015,0.,-6.,1.37970147459643E-015,0.,-6.,-0.3,      669P   2371
0.,-6.6,-0.3,-6.6,-6.6,1.48073149878678E-015,-6.6,-6.3,              669P   2372
1.43480876051844E-015,-6.3,-6.,1.38888602225010E-015,-6.,-6.,        669P   2373
-0.3,-6.,0.,-0.3,-6.6,0.,0.,-6.6,0.,0.,-6.3,0.,0.,-6.,0.,-0.3,       669P   2374
-6.,-2.40548322002117E-015,3.1415926535898,0.,6.2831853071796;       669P   2375
126,2,2,1,0,0,0,-3.1415926535898,-3.1415926535898,                   671P   2376
-3.1415926535898,-1.5707963267949,-1.5707963267949,                  671P   2377
-1.5707963267949,1.,0.70710678118655,1.,0.,-0.3,6.,0.,0.,6.,0.,      671P   2378
0.,6.3,-3.1415926535898,-1.5707963267949,1.,0.,0.;                   671P   2379
126,4,2,1,0,0,0,0.,0.,0.,1.5707963267949,1.5707963267949,            673P   2380
3.1415926535898,3.1415926535898,3.1415926535898,1.,                  673P   2381
0.70710678118655,1.,0.70710678118655,1.,0.,0.,6.3,6.3,               673P   2382
-1.23685241736060E-015,6.3,6.3,-1.23685241736060E-015,0.,6.3,        673P   2383
-1.23685241736060E-015,-6.3,0.,0.,-6.3,0.,3.1415926535898,0.,        673P   2384
1.,0.;                                                               673P   2385
126,2,2,1,0,0,0,1.5707963267949,1.5707963267949,                     675P   2386
1.5707963267949,3.1415926535898,3.1415926535898,                     675P   2387
3.1415926535898,1.,0.70710678118655,1.,0.,0.,-6.3,0.,0.,-6.,0.,      675P   2388
-0.3,-6.,1.5707963267949,3.1415926535898,1.,0.,0.;                   675P   2389
126,4,2,1,0,0,0,-3.1415926535898,-3.1415926535898,                   677P   2390
-3.1415926535898,-1.5707963267949,-1.5707963267949,0.,0.,0.,1.,      677P   2391
0.70710678118655,1.,0.70710678118655,1.,0.,-0.3,-6.,6.,-0.3,         677P   2392
-6.,6.,-0.3,0.,6.,-0.3,6.,0.,-0.3,6.,-3.1415926535898,0.,0.,         677P   2393
-1.,0.;                                                              677P   2394
141,0,1,669,4,671,1,0,673,1,0,675,1,0,677,1,0;                       679P   2395
143,0,669,1,679;                                                     681P   2396
128,2,2,2,2,0,0,0,0,0,2.0943951023932,2.0943951023932,               683P   2397
2.0943951023932,3.1415926535898,3.1415926535898,                     683P   2398
3.1415926535898,0.,0.,0.,0.66562841428043,0.66562841428043,          683P   2399
0.66562841428043,1.,0.86602540378444,1.,0.9451266743153,             683P   2400
0.81850370975135,0.9451266743153,1.,0.86602540378444,1.,             683P   2401
7.7793238484833,-1.9215390309173,4.1136505029498,                    683P   2402
6.7185069600537,-2.6143593539449,3.5526981616385,                    683P   2403
6.7185069600537,-4.,3.5526981616385,9.2012988336457,                 683P   2404
-1.9215390309173,1.424553822012,7.9465762654213,                     683P   2405
-2.6143593539449,1.2302964826468,7.9465762654213,-4.,                683P   2406
1.2302964826468,8.6590620765526,-1.9215390309173,                    683P   2407
-1.5686439858709,7.4782808842954,-2.6143593539449,                   683P   2408
-1.3547379877976,7.4782808842954,-4.,-1.3547379877976,               683P   2409
2.0943951023932,3.1415926535898,0.,0.66562841428043;                 683P   2410
126,2,2,1,0,0,0,1.1423973285781,1.1423973285781,                     685P   2411
1.1423973285781,1.7135959928672,1.7135959928672,                     685P   2412
1.7135959928672,1.,0.9594929736145,1.,6.9132031646943,-4.,           685P   2413
3.1571540988143,7.8402272503952,-4.,1.1272544985947,                 685P   2414
7.5226429582951,-4.,-1.081592770877,1.1423973285781,                 685P   2415
1.7135959928672,0.,1.,0.;                                            685P   2416
126,2,2,1,0,0,0,3.1415926535898,3.1415926535898,                     687P   2417
3.1415926535898,4.1887902047864,4.1887902047864,                     687P   2418
4.1887902047864,1.,0.86602540378444,1.,7.5226429582951,-4.,          687P   2419
-1.081592770877,7.5226429582951,-2.6143593539449,                    687P   2420
-1.081592770877,8.7104286885522,-1.9215390309173,                    687P   2421
-1.2523705768049,3.1415926535898,4.1887902047864,                    687P   2422
-0.14231483827329,0.,-0.98982144188093;                              687P   2423
126,2,2,1,0,0,0,-1.7135959928672,-1.7135959928672,                   689P   2424
-1.7135959928672,-1.1423973285781,-1.1423973285781,                  689P   2425
-1.1423973285781,1.,0.9594929736145,1.,8.7104286885522,              689P   2426
-1.9215390309173,-1.2523705768049,9.0781578688786,                   689P   2427
-1.9215390309173,1.3052420510044,8.0047615591198,                    689P   2428
-1.9215390309173,3.6556521144166,-1.7135959928672,                   689P   2429
-1.1423973285781,0.,-1.,0.;                                          689P   2430
126,2,2,1,0,0,0,-4.1887902047864,-4.1887902047864,                   691P   2431
-4.1887902047864,-3.1415926535898,-3.1415926535898,                  691P   2432
-3.1415926535898,1.,0.86602540378444,1.,8.0047615591198,             691P   2433
-1.9215390309173,3.6556521144166,6.9132031646943,                    691P   2434
-2.6143593539449,3.1571540988143,6.9132031646943,-4.,                691P   2435
3.1571540988143,-4.1887902047864,-3.1415926535898,                   691P   2436
-0.41541501300188,0.,0.90963199535452;                               691P   2437
141,0,1,683,4,685,1,0,687,1,0,689,1,0,691,1,0;                       693P   2438
143,0,683,1,693;                                                     695P   2439
128,4,2,2,2,0,0,0,0,0,0.,0.,0.,1.5707963267949,1.5707963267949,      697P   2440
3.1415926535898,3.1415926535898,3.1415926535898,0.,0.,0.,            697P   2441
0.63973613348262,0.63973613348262,0.63973613348262,1.,               697P   2442
0.70710678118655,1.,0.70710678118655,1.,0.94927691161236,            697P   2443
0.67124014142492,0.94927691161236,0.67124014142492,                  697P   2444
0.94927691161236,1.,0.70710678118655,1.,0.70710678118655,1.,         697P   2445
-2.79977863809622E-015,-4.,12.4,-2.35892035072016E-015,-1.6,         697P   2446
12.4,-1.95924006185511E-015,-1.6,10.,-1.55955977299005E-015,         697P   2447
-1.6,7.6,-2.00041806036610E-015,-4.,7.6,4.1074130709883,-4.,         697P   2448
12.4,4.1074130709883,-1.6,12.4,3.3124298959583,-1.6,10.,             697P   2449
2.5174467209283,-1.6,7.6,2.5174467209283,-4.,7.6,                    697P   2450
7.4025988020713,-4.,9.9479410420234,7.4025988020713,-1.6,            697P   2451
9.9479410420234,5.9698377436059,-1.6,8.0225330984059,                697P   2452
4.5370766851405,-1.6,6.0971251547885,4.5370766851404,-4.,            697P   2453
6.0971251547885,0.,3.1415926535898,0.,0.63973613348262;              697P   2454
126,2,2,1,0,0,0,0.,0.,0.,0.57119866428906,0.57119866428906,          699P   2455
0.57119866428906,1.,0.9594929736145,1.,0.,-4.,7.6,                   699P   2456
2.2315613463316,-4.,7.6,4.1088702126626,-4.,6.393526849517,0.,       699P   2457
0.57119866428906,0.,1.,0.;                                           699P   2458
126,2,2,1,0,0,0,3.1415926535898,3.1415926535898,                     701P   2459
3.1415926535898,4.1887902047864,4.1887902047864,                     701P   2460
4.1887902047864,1.,0.86602540378444,1.,4.1088702126626,-4.,          701P   2461
6.393526849517,4.1088702126626,-2.6143593539449,6.393526849517,      701P   2462
4.7576391936093,-1.9215390309173,7.4030310889144,                    701P   2463
3.1415926535898,4.1887902047864,0.84125353283118,0.,                 701P   2464
-0.5406408174556;                                                    701P   2465
126,2,2,1,0,0,0,-0.57119866428906,-0.57119866428906,                 703P   2466
-0.57119866428906,0.,0.,0.,1.,0.9594929736145,1.,                    703P   2467
4.7576391936093,-1.9215390309173,7.4030310889144,                    703P   2468
2.5839131378576,-1.9215390309173,8.8,0.,-1.9215390309173,8.8,        703P   2469
-0.57119866428906,0.,0.,-1.,0.;                                      703P   2470
126,2,2,1,0,0,0,-4.1887902047864,-4.1887902047864,                   705P   2471
-4.1887902047864,-3.1415926535898,-3.1415926535898,                  705P   2472
-3.1415926535898,1.,0.86602540378444,1.,0.,-1.9215390309173,         705P   2473
8.8,0.,-2.6143593539449,7.6,0.,-4.,7.6,-4.1887902047864,             705P   2474
-3.1415926535898,-1.,0.,0.;                                          705P   2475
141,0,1,697,4,699,1,0,701,1,0,703,1,0,705,1,0;                       707P   2476
143,0,697,1,707;                                                     709P   2477
128,2,2,2,2,0,0,0,0,0,2.0943951023932,2.0943951023932,               711P   2478
2.0943951023932,3.1415926535898,3.1415926535898,                     711P   2479
3.1415926535898,0.,0.,0.,0.14663370247481,0.14663370247481,          711P   2480
0.14663370247481,1.,0.86602540378444,1.,0.99731352338422,            711P   2481
0.8636988467885,0.99731352338422,1.,0.86602540378444,1.,             711P   2482
7.0562218965755,-1.9215390309173,-5.2583012985458,                   711P   2483
6.0940098197698,-2.6143593539449,-4.5412602123805,                   711P   2484
6.0940098197698,-4.,-4.5412602123805,6.6700075405728,                711P   2485
-1.9215390309173,-5.776570230064,5.7604610577674,                    711P   2486
-2.6143593539449,-4.9888561077826,5.7604610577674,-4.,               711P   2487
-4.9888561077826,6.2122141844086,-1.9215390309173,                   711P   2488
-6.2328480590363,5.3650940683529,-2.6143593539449,                   711P   2489
-5.3829142328041,5.3650940683529,-4.,-5.3829142328041,               711P   2490
2.0943951023932,3.1415926535898,0.,0.14663370247481;                 711P   2491
126,2,2,0,0,0,0,2.2827113238229,2.2827113238229,                     713P   2492
2.2827113238229,2.2847946571562,2.2847946571562,                     713P   2493
2.2847946571562,1.,0.99999945746533,1.,5.7540529212642,-4.,          713P   2494
-4.9649647510623,5.7488810811112,-4.,-4.9709585583565,               713P   2495
5.7436967650924,-4.,-4.9769415779842,2.2827113238229,                713P   2496
2.2847946571562,0.,0.,1.;                                            713P   2497
126,2,2,1,0,0,0,3.1415926535898,3.1415926535898,                     715P   2498
3.1415926535898,4.1887902047864,4.1887902047864,                     715P   2499
4.1887902047864,1.,0.86602540378444,1.,5.7436967650924,-4.,          715P   2500
-4.9769415779842,5.7436967650924,-2.6143593539449,                   715P   2501
-4.9769415779842,6.6505962543175,-1.9215390309173,                   715P   2502
-5.7627744587185,3.1415926535898,4.1887902047864,                    715P   2503
-0.65486073394529,0.,-0.75574957435426;                              715P   2504
126,2,2,0,0,0,0,-2.2847946571562,-2.2847946571562,                   717P   2505
-2.2847946571562,-2.2827113238229,-2.2827113238229,                  717P   2506
-2.2827113238229,1.,0.99999945746533,1.,6.6505962543175,             717P   2507
-1.9215390309173,-5.7627744587185,6.6565991465498,                   717P   2508
-1.9215390309173,-5.7558467517813,6.6625875930427,                   717P   2509
-1.9215390309173,-5.7489065538616,-2.2847946571562,                  717P   2510
-2.2827113238229,0.,0.,1.;                                           717P   2511
126,2,2,1,0,0,0,2.0943951023932,2.0943951023932,                     719P   2512
2.0943951023932,3.1415926535898,3.1415926535898,                     719P   2513
3.1415926535898,1.,0.86602540378444,1.,6.6625875930427,              719P   2514
-1.9215390309173,-5.7489065538616,5.7540529212642,                   719P   2515
-2.6143593539449,-4.9649647510623,5.7540529212642,-4.,               719P   2516
-4.9649647510623,2.0943951023932,3.1415926535898,                    719P   2517
0.6532848356661,0.,0.75711222648213;                                 719P   2518
141,0,1,711,4,713,1,0,715,1,0,717,1,0,719,1,0;                       721P   2519
143,0,711,1,721;                                                     723P   2520
128,4,2,2,2,0,0,0,0,0,0.,0.,0.,1.5707963267949,1.5707963267949,      725P   2521
3.1415926535898,3.1415926535898,3.1415926535898,0.,0.,0.,            725P   2522
0.66141095773384,0.66141095773384,0.66141095773384,1.,               725P   2523
0.70710678118655,1.,0.70710678118655,1.,0.94581350261601,            725P   2524
0.66879114143758,0.94581350261601,0.66879114143758,                  725P   2525
0.94581350261601,1.,0.70710678118655,1.,0.70710678118655,1.,         725P   2526
12.305495360786,-4.,-1.5279999756818,12.305495360786,-1.6,           725P   2527
-1.5279999756818,9.9237865812787,-1.6,-1.2322580449047,              725P   2528
7.5420778017718,-1.6,-0.93651611412757,7.5420778017718,-4.,          725P   2529
-0.93651611412757,11.780912637341,-4.,-5.7526402717739,              725P   2530
11.780912637341,-1.6,-5.7526402717739,9.5007359978558,-1.6,          725P   2531
-4.6392260256241,7.2205593583704,-1.6,-3.5258117794743,              725P   2532
7.2205593583704,-4.,-3.5258117794743,8.7720460243188,-4.,            725P   2533
-8.7642003940595,8.7720460243188,-1.6,-8.7642003940595,              725P   2534
7.0742306647732,-1.6,-7.0679035435964,5.3764153052277,-1.6,          725P   2535
-5.3716066931332,5.3764153052277,-4.,-5.3716066931332,0.,            725P   2536
3.1415926535898,0.,0.66141095773384;                                 725P   2537
126,2,2,1,0,0,0,1.7135959928672,1.7135959928672,                     727P   2538
1.7135959928672,2.2827113238229,2.2827113238229,                     727P   2539
2.2827113238229,1.,0.95978592441659,1.,7.5226429582951,-4.,          727P   2540
-1.081592770877,7.2062820882038,-4.,-3.281930953373,                 727P   2541
5.7540529212642,-4.,-4.9649647510623,1.7135959928672,                727P   2542
2.2827113238229,0.,1.,0.;                                            727P   2543
126,2,2,1,0,0,0,-3.1415926535898,-3.1415926535898,                   729P   2544
-3.1415926535898,-2.0943951023932,-2.0943951023932,                  729P   2545
-2.0943951023932,1.,0.86602540378444,1.,5.7540529212642,-4.,         729P   2546
-4.9649647510623,5.7540529212642,-2.6143593539449,                   729P   2547
-4.9649647510623,6.6625875930427,-1.9215390309173,                   729P   2548
-5.7489065538616,-3.1415926535898,-2.0943951023932,                  729P   2549
-0.6532848356661,0.,-0.75711222648213;                               729P   2550
126,2,2,1,0,0,0,-2.2827113238229,-2.2827113238229,                   731P   2551
-2.2827113238229,-1.7135959928672,-1.7135959928672,                  731P   2552
-1.7135959928672,1.,0.9597859244166,1.,6.6625875930427,              731P   2553
-1.9215390309173,-5.7489065538616,8.3441161021307,                   731P   2554
-1.9215390309173,-3.8001305775898,8.7104286885522,                   731P   2555
-1.9215390309173,-1.2523705768049,-2.2827113238229,                  731P   2556
-1.7135959928672,0.,-1.,0.;                                          731P   2557
126,2,2,1,0,0,0,-4.1887902047864,-4.1887902047864,                   733P   2558
-4.1887902047864,-3.1415926535898,-3.1415926535898,                  733P   2559
-3.1415926535898,1.,0.86602540378444,1.,8.7104286885522,             733P   2560
-1.9215390309173,-1.2523705768049,7.5226429582951,                   733P   2561
-2.6143593539449,-1.081592770877,7.5226429582951,-4.,                733P   2562
-1.081592770877,-4.1887902047864,-3.1415926535898,                   733P   2563
0.14231483827329,0.,0.98982144188093;                                733P   2564
141,0,1,725,4,727,1,0,729,1,0,731,1,0,733,1,0;                       735P   2565
143,0,725,1,735;                                                     737P   2566
128,2,2,2,2,0,0,0,0,0,3.1415926535898,3.1415926535898,               739P   2567
3.1415926535898,4.1887902047864,4.1887902047864,                     739P   2568
4.1887902047864,0.,0.,0.,0.14663370247482,0.14663370247482,          739P   2569
0.14663370247482,1.,0.86602540378444,1.,0.99731352338422,            739P   2570
0.8636988467885,0.99731352338422,1.,0.86602540378444,1.,             739P   2571
6.0940098197698,-4.,-4.5412602123805,6.0940098197698,                739P   2572
-5.3856406460551,-4.5412602123805,7.0562218965755,                   739P   2573
-6.0784609690827,-5.2583012985458,5.7604610577674,-4.,               739P   2574
-4.9888561077826,5.7604610577674,-5.3856406460551,                   739P   2575
-4.9888561077826,6.6700075405728,-6.0784609690827,                   739P   2576
-5.776570230064,5.3650940683529,-4.,-5.3829142328041,                739P   2577
5.3650940683529,-5.3856406460551,-5.3829142328041,                   739P   2578
6.2122141844086,-6.0784609690827,-6.2328480590363,                   739P   2579
3.1415926535898,4.1887902047864,0.,0.14663370247482;                 739P   2580
126,2,2,0,0,0,0,-2.2847946571562,-2.2847946571562,                   741P   2581
-2.2847946571562,-2.2827113238229,-2.2827113238229,                  741P   2582
-2.2827113238229,1.,0.99999945746533,1.,5.7436967650924,-4.,         741P   2583
-4.9769415779842,5.7488810811112,-4.,-4.9709585583565,               741P   2584
5.7540529212642,-4.,-4.9649647510623,-2.2847946571562,               741P   2585
-2.2827113238229,0.,0.,1.;                                           741P   2586
126,2,2,1,0,0,0,-3.1415926535898,-3.1415926535898,                   743P   2587
-3.1415926535898,-2.0943951023932,-2.0943951023932,                  743P   2588
-2.0943951023932,1.,0.86602540378444,1.,5.7540529212642,-4.,         743P   2589
-4.9649647510623,5.7540529212642,-5.3856406460551,                   743P   2590
-4.9649647510623,6.6625875930427,-6.0784609690827,                   743P   2591
-5.7489065538616,-3.1415926535898,-2.0943951023932,                  743P   2592
0.6532848356661,0.,0.75711222648213;                                 743P   2593
126,2,2,0,0,0,0,2.2827113238229,2.2827113238229,                     745P   2594
2.2827113238229,2.2847946571562,2.2847946571562,                     745P   2595
2.2847946571562,1.,0.99999945746533,1.,6.6625875930427,              745P   2596
-6.0784609690827,-5.7489065538616,6.6565991465498,                   745P   2597
-6.0784609690827,-5.7558467517813,6.6505962543175,                   745P   2598
-6.0784609690827,-5.7627744587185,2.2827113238229,                   745P   2599
2.2847946571562,0.,0.,1.;                                            745P   2600
126,2,2,1,0,0,0,2.0943951023932,2.0943951023932,                     747P   2601
2.0943951023932,3.1415926535898,3.1415926535898,                     747P   2602
3.1415926535898,1.,0.86602540378444,1.,6.6505962543175,              747P   2603
-6.0784609690827,-5.7627744587185,5.7436967650924,                   747P   2604
-5.3856406460551,-4.9769415779842,5.7436967650924,-4.,               747P   2605
-4.9769415779842,2.0943951023932,3.1415926535898,                    747P   2606
-0.65486073394529,0.,-0.75574957435426;                              747P   2607
141,0,1,739,4,741,1,0,743,1,0,745,1,0,747,1,0;                       749P   2608
143,0,739,1,749;                                                     751P   2609
128,4,2,2,2,0,0,0,0,0,0.,0.,0.,1.5707963267949,1.5707963267949,      753P   2610
3.1415926535898,3.1415926535898,3.1415926535898,0.,0.,0.,            753P   2611
0.68000380213419,0.68000380213419,0.68000380213419,1.,               753P   2612
0.70710678118655,1.,0.70710678118655,1.,0.94275403154531,            753P   2613
0.66662776869664,0.94275403154531,0.66662776869664,                  753P   2614
0.94275403154531,1.,0.70710678118655,1.,0.70710678118655,1.,         753P   2615
9.9278803303611,-4.,-7.4294812837795,9.9278803303611,-1.6,           753P   2616
-7.4294812837795,8.0063551051299,-1.6,-5.9915171643383,              753P   2617
6.0848298798987,-1.6,-4.5535530448971,6.0848298798987,-4.,           753P   2618
-4.5535530448971,7.299782924308,-4.,-10.941359912614,                753P   2619
7.299782924308,-1.6,-10.941359912614,5.8869217131516,-1.6,           753P   2620
-8.8236773488819,4.4740605019952,-1.6,-6.7059947851502,              753P   2621
4.4740605019952,-4.,-6.7059947851502,3.0479971966558,-4.,            753P   2622
-12.01955544474,3.0479971966558,-1.6,-12.01955544474,                753P   2623
2.4580622553676,-1.6,-9.6931898747903,1.8681273140794,-1.6,          753P   2624
-7.3668243048406,1.8681273140794,-4.,-7.3668243048406,0.,            753P   2625
3.1415926535898,0.,0.68000380213419;                                 753P   2626
126,2,2,1,0,0,0,2.2847946571562,2.2847946571562,                     755P   2627
2.2847946571562,2.8559933214453,2.8559933214453,                     755P   2628
2.8559933214453,1.,0.95949297361449,1.,5.7436967650924,-4.,          755P   2629
-4.9769415779842,4.2823348639897,-4.,-6.6634431156197,               755P   2630
2.1411674319949,-4.,-7.2921465994702,2.2847946571562,                755P   2631
2.8559933214453,0.,1.,0.;                                            755P   2632
126,2,2,1,0,0,0,3.1415926535898,3.1415926535898,                     757P   2633
3.1415926535898,4.1887902047864,4.1887902047864,                     757P   2634
4.1887902047864,1.,0.86602540378444,1.,2.1411674319949,-4.,          757P   2635
-7.2921465994702,2.1411674319949,-2.6143593539449,                   757P   2636
-7.2921465994702,2.4792465002046,-1.9215390309173,                   757P   2637
-8.4435381678076,3.1415926535898,4.1887902047864,                    757P   2638
-0.9594929736145,0.,-0.28173255684143;                               757P   2639
126,2,2,1,0,0,0,-2.8559933214453,-2.8559933214453,                   759P   2640
-2.8559933214453,-2.2847946571562,-2.2847946571562,                  759P   2641
-2.2847946571562,1.,0.9594929736145,1.,2.4792465002046,              759P   2642
-1.9215390309173,-8.4435381678076,4.9584930004092,                   759P   2643
-1.9215390309173,-7.7155657128228,6.6505962543175,                   759P   2644
-1.9215390309173,-5.7627744587185,-2.8559933214453,                  759P   2645
-2.2847946571562,0.,-1.,0.;                                          759P   2646
126,2,2,1,0,0,0,-4.1887902047864,-4.1887902047864,                   761P   2647
-4.1887902047864,-3.1415926535898,-3.1415926535898,                  761P   2648
-3.1415926535898,1.,0.86602540378444,1.,6.6505962543175,             761P   2649
-1.9215390309173,-5.7627744587185,5.7436967650924,                   761P   2650
-2.6143593539449,-4.9769415779842,5.7436967650924,-4.,               761P   2651
-4.9769415779842,-4.1887902047864,-3.1415926535898,                  761P   2652
0.65486073394529,0.,0.75574957435426;                                761P   2653
141,0,1,753,4,755,1,0,757,1,0,759,1,0,761,1,0;                       763P   2654
143,0,753,1,763;                                                     765P   2655
128,2,2,2,2,0,0,0,0,0,2.0943951023932,2.0943951023932,               767P   2656
2.0943951023932,3.1415926535898,3.1415926535898,                     767P   2657
3.1415926535898,0.,0.,0.,0.655456523656,0.655456523656,              767P   2658
0.655456523656,1.,0.86602540378444,1.,0.94677604264826,              767P   2659
0.81993210462789,0.94677604264826,1.,0.86602540378444,1.,            767P   2660
2.8326586955036,-1.9215390309173,-8.3316291753047,                   767P   2661
2.4463870552077,-2.6143593539449,-7.1954979241267,                   767P   2662
2.4463870552077,-4.,-7.1954979241267,-7.99360577730113E-015,         767P   2663
-1.9215390309173,-9.2947007566702,-6.66133814775094E-015,            767P   2664
-2.6143593539449,-8.0272415625788,-7.54951656745106E-015,-4.,        767P   2665
-8.0272415625788,-2.8326586955036,-1.9215390309173,                  767P   2666
-8.3316291753046,-2.4463870552077,-2.6143593539449,                  767P   2667
-7.1954979241267,-2.4463870552077,-4.,-7.1954979241267,              767P   2668
2.0943951023932,3.1415926535898,0.,0.655456523656;                   767P   2669
126,2,2,1,0,0,0,-3.4271919857343,-3.4271919857343,                   769P   2670
-3.4271919857343,-2.8559933214453,-2.8559933214453,                  769P   2671
-2.8559933214453,1.,0.9594929736145,1.,2.1411674319949,-4.,          769P   2672
-7.2921465994702,-9.76996261670138E-015,-4.,-7.9208500833207,        769P   2673
-2.1411674319949,-4.,-7.2921465994702,-3.4271919857343,              769P   2674
-2.8559933214453,0.,1.,0.;                                           769P   2675
126,2,2,1,0,0,0,3.1415926535898,3.1415926535898,                     771P   2676
3.1415926535898,4.1887902047864,4.1887902047864,                     771P   2677
4.1887902047864,1.,0.86602540378444,1.,-2.1411674319949,-4.,         771P   2678
-7.2921465994702,-2.1411674319949,-2.6143593539449,                  771P   2679
-7.2921465994702,-2.4792465002046,-1.9215390309173,                  771P   2680
-8.4435381678076,3.1415926535898,4.1887902047864,                    771P   2681
-0.9594929736145,0.,0.28173255684143;                                771P   2682
126,2,2,1,0,0,0,-3.4271919857343,-3.4271919857343,                   773P   2683
-3.4271919857343,-3.1415926535898,-3.1415926535898,                  773P   2684
-3.1415926535898,1.,0.98982144188092,1.,-2.4792465002046,            773P   2685
-1.9215390309173,-8.4435381678076,-1.2652489871558,                  773P   2686
-1.9215390309173,-8.8,0.,-1.9215390309173,-8.8,                      773P   2687
-3.4271919857343,-3.1415926535898,0.,-1.,0.;                         773P   2688
126,2,2,1,0,0,0,-3.1415926535898,-3.1415926535898,                   775P   2689
-3.1415926535898,-2.8559933214453,-2.8559933214453,                  775P   2690
-2.8559933214453,1.,0.98982144188094,1.,0.,-1.9215390309173,         775P   2691
-8.8,1.2652489871558,-1.9215390309173,-8.8,2.4792465002046,          775P   2692
-1.9215390309173,-8.4435381678076,-3.1415926535898,                  775P   2693
-2.8559933214453,0.,-1.,0.;                                          775P   2694
126,2,2,1,0,0,0,-4.1887902047864,-4.1887902047864,                   777P   2695
-4.1887902047864,-3.1415926535898,-3.1415926535898,                  777P   2696
-3.1415926535898,1.,0.86602540378444,1.,2.4792465002046,             777P   2697
-1.9215390309173,-8.4435381678076,2.1411674319949,                   777P   2698
-2.6143593539449,-7.2921465994702,2.1411674319949,-4.,               777P   2699
-7.2921465994702,-4.1887902047864,-3.1415926535898,                  777P   2700
0.9594929736145,0.,0.28173255684143;                                 777P   2701
141,0,1,767,5,769,1,0,771,1,0,773,1,0,775,1,0,777,1,0;               779P   2702
143,0,767,1,779;                                                     781P   2703
128,4,2,2,2,0,0,0,0,0,0.,0.,0.,1.5707963267949,1.5707963267949,      783P   2704
3.1415926535898,3.1415926535898,3.1415926535898,0.,0.,0.,            783P   2705
0.68000380213419,0.68000380213419,0.68000380213419,1.,               783P   2706
0.70710678118655,1.,0.70710678118655,1.,0.94275403154531,            783P   2707
0.66662776869664,0.94275403154531,0.66662776869664,                  783P   2708
0.94275403154531,1.,0.70710678118655,1.,0.70710678118655,1.,         783P   2709
-3.0479971966558,-4.,-12.01955544474,-3.0479971966558,-1.6,          783P   2710
-12.01955544474,-2.4580622553676,-1.6,-9.6931898747903,              783P   2711
-1.8681273140794,-1.6,-7.3668243048406,-1.8681273140794,-4.,         783P   2712
-7.3668243048406,-7.299782924308,-4.,-10.941359912613,               783P   2713
-7.299782924308,-1.6,-10.941359912613,-5.8869217131516,-1.6,         783P   2714
-8.8236773488819,-4.4740605019952,-1.6,-6.7059947851502,             783P   2715
-4.4740605019952,-4.,-6.7059947851502,-9.9278803303611,-4.,          783P   2716
-7.4294812837794,-9.9278803303611,-1.6,-7.4294812837794,             783P   2717
-8.0063551051299,-1.6,-5.9915171643383,-6.0848298798987,-1.6,        783P   2718
-4.5535530448971,-6.0848298798987,-4.,-4.5535530448971,0.,           783P   2719
3.1415926535898,0.,0.68000380213419;                                 783P   2720
126,2,2,1,0,0,0,-2.8559933214453,-2.8559933214453,                   785P   2721
-2.8559933214453,-2.2847946571562,-2.2847946571562,                  785P   2722
-2.2847946571562,1.,0.9594929736145,1.,-2.1411674319949,-4.,         785P   2723
-7.2921465994702,-4.2823348639897,-4.,-6.6634431156197,              785P   2724
-5.7436967650924,-4.,-4.9769415779842,-2.8559933214453,              785P   2725
-2.2847946571562,0.,1.,0.;                                           785P   2726
126,2,2,1,0,0,0,3.1415926535898,3.1415926535898,                     787P   2727
3.1415926535898,4.1887902047864,4.1887902047864,                     787P   2728
4.1887902047864,1.,0.86602540378444,1.,-5.7436967650924,-4.,         787P   2729
-4.9769415779842,-5.7436967650924,-2.6143593539449,                  787P   2730
-4.9769415779842,-6.6505962543175,-1.9215390309173,                  787P   2731
-5.7627744587185,3.1415926535898,4.1887902047864,                    787P   2732
-0.65486073394528,0.,0.75574957435426;                               787P   2733
126,2,2,1,0,0,0,2.2847946571562,2.2847946571562,                     789P   2734
2.2847946571562,2.8559933214453,2.8559933214453,                     789P   2735
2.8559933214453,1.,0.95949297361449,1.,-6.6505962543175,             789P   2736
-1.9215390309173,-5.7627744587185,-4.9584930004092,                  789P   2737
-1.9215390309173,-7.7155657128228,-2.4792465002046,                  789P   2738
-1.9215390309173,-8.4435381678076,2.2847946571562,                   789P   2739
2.8559933214453,0.,-1.,0.;                                           789P   2740
126,2,2,1,0,0,0,-4.1887902047864,-4.1887902047864,                   791P   2741
-4.1887902047864,-3.1415926535898,-3.1415926535898,                  791P   2742
-3.1415926535898,1.,0.86602540378444,1.,-2.4792465002046,            791P   2743
-1.9215390309173,-8.4435381678076,-2.1411674319949,                  791P   2744
-2.6143593539449,-7.2921465994702,-2.1411674319949,-4.,              791P   2745
-7.2921465994702,-4.1887902047864,-3.1415926535898,                  791P   2746
0.9594929736145,0.,-0.28173255684143;                                791P   2747
141,0,1,783,4,785,1,0,787,1,0,789,1,0,791,1,0;                       793P   2748
143,0,783,1,793;                                                     795P   2749
128,4,2,2,2,0,0,0,0,0,0.,0.,0.,1.5707963267949,1.5707963267949,      797P   2750
3.1415926535898,3.1415926535898,3.1415926535898,0.,0.,0.,            797P   2751
0.66351634815909,0.66351634815909,0.66351634815909,1.,               797P   2752
0.70710678118655,1.,0.70710678118655,1.,0.94547115757736,            797P   2753
0.66854906693925,0.94547115757736,0.66854906693925,                  797P   2754
0.94547115757736,1.,0.70710678118655,1.,0.70710678118655,1.,         797P   2755
-8.7535745325758,-4.,-8.7826495377329,-8.7535745325758,-1.6,         797P   2756
-8.7826495377329,-7.0593343004644,-1.6,-7.0827818852685,             797P   2757
-5.3650940683529,-1.6,-5.3829142328041,-5.3650940683529,-4.,         797P   2758
-5.3829142328041,-11.779113881901,-4.,-5.7671262515335,              797P   2759
-11.779113881901,-1.6,-5.7671262515335,-9.4992853886302,-1.6,        797P   2760
-4.6509082673657,-7.2194568953589,-1.6,-3.5346902831979,             797P   2761
-7.2194568953589,-4.,-3.5346902831979,-12.305495360786,-4.,          797P   2762
-1.5279999756818,-12.305495360786,-1.6,-1.5279999756818,             797P   2763
-9.9237865812787,-1.6,-1.2322580449047,-7.5420778017718,-1.6,        797P   2764
-0.93651611412755,-7.5420778017718,-4.,-0.93651611412755,0.,         797P   2765
3.1415926535898,0.,0.66351634815909;                                 797P   2766
126,2,2,1,0,0,0,-2.2847946571562,-2.2847946571562,                   799P   2767
-2.2847946571562,-1.7135959928672,-1.7135959928672,                  799P   2768
-1.7135959928672,1.,0.9594929736145,1.,-5.7436967650924,-4.,         799P   2769
-4.9769415779842,-7.205058666195,-4.,-3.2904400403487,               799P   2770
-7.5226429582951,-4.,-1.081592770877,-2.2847946571562,               799P   2771
-1.7135959928672,0.,1.,0.;                                           799P   2772
126,2,2,1,0,0,0,3.1415926535898,3.1415926535898,                     801P   2773
3.1415926535898,4.1887902047864,4.1887902047864,                     801P   2774
4.1887902047864,1.,0.86602540378443,1.,-7.5226429582951,-4.,         801P   2775
-1.081592770877,-7.5226429582951,-2.6143593539449,                   801P   2776
-1.081592770877,-8.7104286885522,-1.9215390309173,                   801P   2777
-1.2523705768049,3.1415926535898,4.1887902047864,                    801P   2778
-0.14231483827328,0.,0.98982144188093;                               801P   2779
126,2,2,1,0,0,0,1.7135959928672,1.7135959928672,                     803P   2780
1.7135959928672,2.2847946571562,2.2847946571562,                     803P   2781
2.2847946571562,1.,0.9594929736145,1.,-8.7104286885522,              803P   2782
-1.9215390309173,-1.2523705768049,-8.3426995082258,                  803P   2783
-1.9215390309173,-3.8099832046142,-6.6505962543175,                  803P   2784
-1.9215390309173,-5.7627744587185,1.7135959928672,                   803P   2785
2.2847946571562,0.,-1.,0.;                                           803P   2786
126,2,2,1,0,0,0,-4.1887902047864,-4.1887902047864,                   805P   2787
-4.1887902047864,-3.1415926535898,-3.1415926535898,                  805P   2788
-3.1415926535898,1.,0.86602540378444,1.,-6.6505962543175,            805P   2789
-1.9215390309173,-5.7627744587185,-5.7436967650924,                  805P   2790
-2.6143593539449,-4.9769415779842,-5.7436967650924,-4.,              805P   2791
-4.9769415779842,-4.1887902047864,-3.1415926535898,                  805P   2792
0.65486073394528,0.,-0.75574957435426;                               805P   2793
141,0,1,797,4,799,1,0,801,1,0,803,1,0,805,1,0;                       807P   2794
143,0,797,1,807;                                                     809P   2795
128,2,2,2,2,0,0,0,0,0,2.0943951023932,2.0943951023932,               811P   2796
2.0943951023932,3.1415926535898,3.1415926535898,                     811P   2797
3.1415926535898,0.,0.,0.,0.66562841428043,0.66562841428043,          811P   2798
0.66562841428043,1.,0.86602540378444,1.,0.9451266743153,             811P   2799
0.81850370975135,0.9451266743153,1.,0.86602540378444,1.,             811P   2800
-8.6590620765526,-1.9215390309173,-1.5686439858709,                  811P   2801
-7.4782808842954,-2.6143593539449,-1.3547379877976,                  811P   2802
-7.4782808842954,-4.,-1.3547379877976,-9.2012988336457,              811P   2803
-1.9215390309173,1.424553822012,-7.9465762654213,                    811P   2804
-2.6143593539449,1.2302964826468,-7.9465762654213,-4.,               811P   2805
1.2302964826468,-7.7793238484833,-1.9215390309173,                   811P   2806
4.1136505029498,-6.7185069600537,-2.6143593539449,                   811P   2807
3.5526981616385,-6.7185069600537,-4.,3.5526981616385,                811P   2808
2.0943951023932,3.1415926535898,0.,0.66562841428043;                 811P   2809
126,2,2,1,0,0,0,-1.7135959928672,-1.7135959928672,                   813P   2810
-1.7135959928672,-1.1423973285781,-1.1423973285781,                  813P   2811
-1.1423973285781,1.,0.95949297361449,1.,-7.5226429582951,-4.,        813P   2812
-1.081592770877,-7.8402272503952,-4.,1.1272544985947,                813P   2813
-6.9132031646943,-4.,3.1571540988143,-1.7135959928672,               813P   2814
-1.1423973285781,0.,1.,0.;                                           813P   2815
126,2,2,1,0,0,0,3.1415926535898,3.1415926535898,                     815P   2816
3.1415926535898,4.1887902047864,4.1887902047864,                     815P   2817
4.1887902047864,1.,0.86602540378444,1.,-6.9132031646943,-4.,         815P   2818
3.1571540988143,-6.9132031646943,-2.6143593539449,                   815P   2819
3.1571540988143,-8.0047615591198,-1.9215390309173,                   815P   2820
3.6556521144166,3.1415926535898,4.1887902047864,                     815P   2821
0.41541501300189,0.,0.90963199535452;                                815P   2822
126,2,2,1,0,0,0,1.1423973285781,1.1423973285781,                     817P   2823
1.1423973285781,1.7135959928672,1.7135959928672,                     817P   2824
1.7135959928672,1.,0.95949297361449,1.,-8.0047615591198,             817P   2825
-1.9215390309173,3.6556521144166,-9.0781578688786,                   817P   2826
-1.9215390309173,1.3052420510044,-8.7104286885522,                   817P   2827
-1.9215390309173,-1.2523705768049,1.1423973285781,                   817P   2828
1.7135959928672,0.,-1.,0.;                                           817P   2829
126,2,2,1,0,0,0,-4.1887902047864,-4.1887902047864,                   819P   2830
-4.1887902047864,-3.1415926535898,-3.1415926535898,                  819P   2831
-3.1415926535898,1.,0.86602540378443,1.,-8.7104286885522,            819P   2832
-1.9215390309173,-1.2523705768049,-7.5226429582951,                  819P   2833
-2.6143593539449,-1.081592770877,-7.5226429582951,-4.,               819P   2834
-1.081592770877,-4.1887902047864,-3.1415926535898,                   819P   2835
0.14231483827328,0.,-0.98982144188093;                               819P   2836
141,0,1,811,4,813,1,0,815,1,0,817,1,0,819,1,0;                       821P   2837
143,0,811,1,821;                                                     823P   2838
128,2,2,2,2,0,0,0,0,0,2.0943951023932,2.0943951023932,               825P   2839
2.0943951023932,3.1415926535898,3.1415926535898,                     825P   2840
3.1415926535898,0.,0.,0.,0.40927304860823,0.40927304860823,          825P   2841
0.40927304860823,1.,0.86602540378444,1.,0.97913491155887,            825P   2842
0.84795570714221,0.97913491155887,1.,0.86602540378444,1.,            825P   2843
-8.1862807673964,-1.9215390309173,3.2287470011377,                   825P   2844
-7.0699697536605,-2.6143593539449,2.7884633191644,                   825P   2845
-7.0699697536605,-4.,2.7884633191644,-7.516181265995,                825P   2846
-1.9215390309173,4.9277412731049,-6.4912474569957,                   825P   2847
-2.6143593539449,4.2557765540451,-6.4912474569957,-4.,               825P   2848
4.2557765540451,-6.2253229850005,-1.9215390309173,                   825P   2849
6.2197551183648,-5.3764153052277,-2.6143593539449,                   825P   2850
5.3716066931332,-5.3764153052277,-4.,5.3716066931332,                825P   2851
2.0943951023932,3.1415926535898,0.,0.40927304860823;                 825P   2852
126,2,2,1,0,0,0,-1.1423973285781,-1.1423973285781,                   827P   2853
-1.1423973285781,-0.85888132976691,-0.85888132976691,                827P   2854
-0.85888132976691,1.,0.98996914946487,1.,-6.9132031646943,-4.,       827P   2855
3.1571540988143,-6.4626291199372,-4.,4.1437736348433,                827P   2856
-5.7540529212642,-4.,4.9649647510623,-1.1423973285781,               827P   2857
-0.85888132976691,1.33139909730782E-015,1.,0.;                       827P   2858
126,2,2,1,0,0,0,-3.1415926535898,-3.1415926535898,                   829P   2859
-3.1415926535898,-2.0943951023932,-2.0943951023932,                  829P   2860
-2.0943951023932,1.,0.86602540378444,1.,-5.7540529212642,-4.,        829P   2861
4.9649647510623,-5.7540529212642,-2.6143593539449,                   829P   2862
4.9649647510623,-6.6625875930427,-1.9215390309173,                   829P   2863
5.7489065538616,-3.1415926535898,-2.0943951023932,                   829P   2864
0.6532848356661,0.,0.75711222648213;                                 829P   2865
126,2,2,1,0,0,0,0.85888132976691,0.85888132976691,                   831P   2866
0.85888132976691,1.1423973285781,1.1423973285781,                    831P   2867
1.1423973285781,1.,0.98996914946489,1.,-6.6625875930427,             831P   2868
-1.9215390309173,5.7489065538616,-7.4830442441378,                   831P   2869
-1.9215390309173,4.7980536824502,-8.0047615591198,                   831P   2870
-1.9215390309173,3.6556521144166,0.85888132976691,                   831P   2871
1.1423973285781,0.,-1.,0.;                                           831P   2872
126,2,2,1,0,0,0,-4.1887902047864,-4.1887902047864,                   833P   2873
-4.1887902047864,-3.1415926535898,-3.1415926535898,                  833P   2874
-3.1415926535898,1.,0.86602540378444,1.,-8.0047615591198,            833P   2875
-1.9215390309173,3.6556521144166,-6.9132031646943,                   833P   2876
-2.6143593539449,3.1571540988143,-6.9132031646943,-4.,               833P   2877
3.1571540988143,-4.1887902047864,-3.1415926535898,                   833P   2878
-0.41541501300189,0.,-0.90963199535452;                              833P   2879
141,0,1,825,4,827,1,0,829,1,0,831,1,0,833,1,0;                       835P   2880
143,0,825,1,835;                                                     837P   2881
128,2,2,2,2,0,0,0,0,0,2.0943951023932,2.0943951023932,               839P   2882
2.0943951023932,3.1415926535898,3.1415926535898,                     839P   2883
3.1415926535898,0.,0.,0.,0.42368058426788,0.42368058426788,          839P   2884
0.42368058426788,1.,0.86602540378444,1.,0.97764563169073,            839P   2885
0.84666595294306,0.97764563169073,1.,0.86602540378444,1.,            839P   2886
-7.0562218965755,-1.9215390309173,5.2583012985458,                   839P   2887
-6.0940098197698,-2.6143593539449,4.5412602123805,                   839P   2888
-6.0940098197698,-4.,4.5412602123805,-5.925334298274,                839P   2889
-1.9215390309173,6.775862461484,-5.1173341666912,                    839P   2890
-2.6143593539449,5.8518812167362,-5.1173341666912,-4.,               839P   2891
5.8518812167362,-4.2705402687682,-1.9215390309173,                   839P   2892
7.694315162042,-3.6881938684816,-2.6143593539449,                    839P   2893
6.6450903672181,-3.6881938684816,-4.,6.6450903672181,                839P   2894
2.0943951023932,3.1415926535898,0.,0.42368058426788;                 839P   2895
126,2,2,1,0,0,0,-0.85888132976691,-0.85888132976691,                 841P   2896
-0.85888132976691,-0.57119866428905,-0.57119866428905,               841P   2897
-0.57119866428905,1.,0.98967266027209,1.,-5.7540529212642,-4.,       841P   2898
4.9649647510623,-5.0349192154429,-4.,5.7983912924844,                841P   2899
-4.1088702126625,-4.,6.393526849517,-0.85888132976691,               841P   2900
-0.57119866428905,0.,1.,0.;                                          841P   2901
126,2,2,1,0,0,0,3.1415926535898,3.1415926535898,                     843P   2902
3.1415926535898,4.1887902047864,4.1887902047864,                     843P   2903
4.1887902047864,1.,0.86602540378444,1.,-4.1088702126625,-4.,         843P   2904
6.393526849517,-4.1088702126625,-2.6143593539449,                    843P   2905
6.393526849517,-4.7576391936093,-1.9215390309173,                    843P   2906
7.4030310889144,3.1415926535898,4.1887902047864,                     843P   2907
0.84125353283118,0.,0.5406408174556;                                 843P   2908
126,2,2,1,0,0,0,0.57119866428905,0.57119866428905,                   845P   2909
0.57119866428905,0.85888132976691,0.85888132976691,                  845P   2910
0.85888132976691,1.,0.98967266027209,1.,-4.7576391936093,            845P   2911
-1.9215390309173,7.4030310889144,-5.8299064599865,                   845P   2912
-1.9215390309173,6.7139267597188,-6.6625875930427,                   845P   2913
-1.9215390309173,5.7489065538616,0.57119866428905,                   845P   2914
0.85888132976691,0.,-1.,0.;                                          845P   2915
126,2,2,1,0,0,0,2.0943951023932,2.0943951023932,                     847P   2916
2.0943951023932,3.1415926535898,3.1415926535898,                     847P   2917
3.1415926535898,1.,0.86602540378444,1.,-6.6625875930427,             847P   2918
-1.9215390309173,5.7489065538616,-5.7540529212642,                   847P   2919
-2.6143593539449,4.9649647510623,-5.7540529212642,-4.,               847P   2920
4.9649647510623,2.0943951023932,3.1415926535898,                     847P   2921
-0.6532848356661,0.,-0.75711222648213;                               847P   2922
141,0,1,839,4,841,1,0,843,1,0,845,1,0,847,1,0;                       849P   2923
143,0,839,1,849;                                                     851P   2924
128,2,2,2,2,0,0,0,0,0,3.1415926535898,3.1415926535898,               853P   2925
3.1415926535898,4.1887902047864,4.1887902047864,                     853P   2926
4.1887902047864,0.,0.,0.,0.40927304860823,0.40927304860823,          853P   2927
0.40927304860823,1.,0.86602540378444,1.,0.97913491155887,            853P   2928
0.84795570714221,0.97913491155887,1.,0.86602540378444,1.,            853P   2929
-7.0699697536605,-4.,2.7884633191644,-7.0699697536605,               853P   2930
-5.3856406460551,2.7884633191644,-8.1862807673964,                   853P   2931
-6.0784609690827,3.2287470011377,-6.4912474569957,-4.,               853P   2932
4.2557765540451,-6.4912474569957,-5.3856406460551,                   853P   2933
4.2557765540451,-7.516181265995,-6.0784609690827,                    853P   2934
4.9277412731049,-5.3764153052277,-4.,5.3716066931332,                853P   2935
-5.3764153052277,-5.3856406460551,5.3716066931332,                   853P   2936
-6.2253229850005,-6.0784609690827,6.2197551183648,                   853P   2937
3.1415926535898,4.1887902047864,0.,0.40927304860823;                 853P   2938
126,2,2,1,0,0,0,0.85888132976691,0.85888132976691,                   855P   2939
0.85888132976691,1.1423973285781,1.1423973285781,                    855P   2940
1.1423973285781,1.,0.98996914946487,1.,-5.7540529212642,-4.,         855P   2941
4.9649647510623,-6.4626291199372,-4.,4.1437736348433,                855P   2942
-6.9132031646943,-4.,3.1571540988143,0.85888132976691,               855P   2943
1.1423973285781,-1.33139909730782E-015,-1.,0.;                       855P   2944
126,2,2,1,0,0,0,-3.1415926535898,-3.1415926535898,                   857P   2945
-3.1415926535898,-2.0943951023932,-2.0943951023932,                  857P   2946
-2.0943951023932,1.,0.86602540378444,1.,-6.9132031646943,-4.,        857P   2947
3.1571540988143,-6.9132031646943,-5.3856406460551,                   857P   2948
3.1571540988143,-8.0047615591198,-6.0784609690827,                   857P   2949
3.6556521144166,-3.1415926535898,-2.0943951023932,                   857P   2950
-0.41541501300189,0.,-0.90963199535452;                              857P   2951
126,2,2,1,0,0,0,-1.1423973285781,-1.1423973285781,                   859P   2952
-1.1423973285781,-0.85888132976691,-0.85888132976691,                859P   2953
-0.85888132976691,1.,0.98996914946488,1.,-8.0047615591198,           859P   2954
-6.0784609690827,3.6556521144166,-7.4830442441378,                   859P   2955
-6.0784609690827,4.7980536824502,-6.6625875930427,                   859P   2956
-6.0784609690827,5.7489065538616,-1.1423973285781,                   859P   2957
-0.85888132976691,-1.91409595617611E-015,1.,                         859P   2958
1.65160437045084E-015;                                               859P   2959
126,2,2,1,0,0,0,2.0943951023932,2.0943951023932,                     861P   2960
2.0943951023932,3.1415926535898,3.1415926535898,                     861P   2961
3.1415926535898,1.,0.86602540378444,1.,-6.6625875930427,             861P   2962
-6.0784609690827,5.7489065538616,-5.7540529212642,                   861P   2963
-5.3856406460551,4.9649647510623,-5.7540529212642,-4.,               861P   2964
4.9649647510623,2.0943951023932,3.1415926535898,                     861P   2965
0.6532848356661,0.,0.75711222648213;                                 861P   2966
141,0,1,853,4,855,1,0,857,1,0,859,1,0,861,1,0;                       863P   2967
143,0,853,1,863;                                                     865P   2968
128,4,2,2,2,0,0,0,0,0,0.,0.,0.,1.5707963267949,1.5707963267949,      867P   2969
3.1415926535898,3.1415926535898,3.1415926535898,0.,0.,0.,            867P   2970
0.63973613348262,0.63973613348262,0.63973613348262,1.,               867P   2971
0.70710678118655,1.,0.70710678118655,1.,0.94927691161236,            867P   2972
0.67124014142492,0.94927691161236,0.67124014142492,                  867P   2973
0.94927691161236,1.,0.70710678118655,1.,0.70710678118655,1.,         867P   2974
-7.4025988020712,-4.,9.9479410420234,-7.4025988020712,-1.6,          867P   2975
9.9479410420234,-5.9698377436058,-1.6,8.022533098406,                867P   2976
-4.5370766851404,-1.6,6.0971251547885,-4.5370766851404,-4.,          867P   2977
6.0971251547885,-4.1074130709883,-4.,12.4,-4.1074130709883,          867P   2978
-1.6,12.4,-3.3124298959583,-1.6,10.,-2.5174467209283,-1.6,7.6,       867P   2979
-2.5174467209283,-4.,7.6,0.,-4.,12.4,0.,-1.6,12.4,0.,-1.6,10.,       867P   2980
0.,-1.6,7.6,0.,-4.,7.6,0.,3.1415926535898,0.,0.63973613348262;       867P   2981
126,2,2,1,0,0,0,-0.57119866428905,-0.57119866428905,                 869P   2982
-0.57119866428905,0.,0.,0.,1.,0.9594929736145,1.,                    869P   2983
-4.1088702126625,-4.,6.393526849517,-2.2315613463316,-4.,7.6,        869P   2984
0.,-4.,7.6,-0.57119866428905,0.,0.,1.,0.;                            869P   2985
126,2,2,1,0,0,0,3.1415926535898,3.1415926535898,                     871P   2986
3.1415926535898,4.1887902047864,4.1887902047864,                     871P   2987
4.1887902047864,1.,0.86602540378444,1.,0.,-4.,7.6,0.,                871P   2988
-2.6143593539449,7.6,0.,-1.9215390309173,8.8,3.1415926535898,        871P   2989
4.1887902047864,1.,0.,0.;                                            871P   2990
126,2,2,1,0,0,0,0.,0.,0.,0.57119866428905,0.57119866428905,          873P   2991
0.57119866428905,1.,0.9594929736145,1.,0.,-1.9215390309173,8.8,      873P   2992
-2.5839131378576,-1.9215390309173,8.8,-4.7576391936093,              873P   2993
-1.9215390309173,7.4030310889144,0.,0.57119866428905,0.,-1.,0.;      873P   2994
126,2,2,1,0,0,0,-4.1887902047864,-4.1887902047864,                   875P   2995
-4.1887902047864,-3.1415926535898,-3.1415926535898,                  875P   2996
-3.1415926535898,1.,0.86602540378444,1.,-4.7576391936093,            875P   2997
-1.9215390309173,7.4030310889144,-4.1088702126625,                   875P   2998
-2.6143593539449,6.393526849517,-4.1088702126625,-4.,                875P   2999
6.393526849517,-4.1887902047864,-3.1415926535898,                    875P   3000
-0.84125353283118,0.,-0.5406408174556;                               875P   3001
141,0,1,867,4,869,1,0,871,1,0,873,1,0,875,1,0;                       877P   3002
143,0,867,1,877;                                                     879P   3003
128,4,2,2,2,0,0,0,0,0,-3.1415926535898,-3.1415926535898,             881P   3004
-3.1415926535898,-1.5707963267949,-1.5707963267949,0.,0.,0.,0.,      881P   3005
0.,0.,0.63973613348262,0.63973613348262,0.63973613348262,1.,         881P   3006
0.70710678118655,1.,0.70710678118655,1.,0.94927691161236,            881P   3007
0.67124014142492,0.94927691161236,0.67124014142492,                  881P   3008
0.94927691161236,1.,0.70710678118655,1.,0.70710678118655,1.,         881P   3009
-4.5370766851404,-4.,6.0971251547885,-4.5370766851404,-6.4,          881P   3010
6.0971251547885,-5.9698377436058,-6.4,8.022533098406,                881P   3011
-7.4025988020712,-6.4,9.9479410420234,-7.4025988020712,-4.,          881P   3012
9.9479410420234,-2.5174467209283,-4.,7.6,-2.5174467209283,-6.4,      881P   3013
7.6,-3.3124298959583,-6.4,10.,-4.1074130709883,-6.4,12.4,            881P   3014
-4.1074130709883,-4.,12.4,1.77635683940025E-015,-4.,7.6,0.,          881P   3015
-6.4,7.6,0.,-6.4,10.,1.77635683940025E-015,-6.4,12.4,0.,-4.,         881P   3016
12.4,-3.1415926535898,0.,0.,0.63973613348262;                        881P   3017
126,2,2,1,0,0,0,0.,0.,0.,0.57119866428905,0.57119866428905,          883P   3018
0.57119866428905,1.,0.9594929736145,1.,0.,-4.,7.6,                   883P   3019
-2.2315613463316,-4.,7.6,-4.1088702126625,-4.,6.393526849517,        883P   3020
0.,0.57119866428905,0.,-1.,0.;                                       883P   3021
126,2,2,1,0,0,0,-3.1415926535898,-3.1415926535898,                   885P   3022
-3.1415926535898,-2.0943951023932,-2.0943951023932,                  885P   3023
-2.0943951023932,1.,0.86602540378444,1.,-4.1088702126625,-4.,        885P   3024
6.393526849517,-4.1088702126625,-5.3856406460551,                    885P   3025
6.393526849517,-4.7576391936093,-6.0784609690827,                    885P   3026
7.4030310889144,-3.1415926535898,-2.0943951023932,                   885P   3027
-0.84125353283118,0.,-0.5406408174556;                               885P   3028
126,2,2,1,0,0,0,-0.57119866428905,-0.57119866428905,                 887P   3029
-0.57119866428905,0.,0.,0.,1.,0.9594929736145,1.,                    887P   3030
-4.7576391936093,-6.0784609690827,7.4030310889144,                   887P   3031
-2.5839131378576,-6.0784609690827,8.8,0.,-6.0784609690827,8.8,       887P   3032
-0.57119866428905,0.,0.,1.,0.;                                       887P   3033
126,2,2,1,0,0,0,2.0943951023932,2.0943951023932,                     889P   3034
2.0943951023932,3.1415926535898,3.1415926535898,                     889P   3035
3.1415926535898,1.,0.86602540378444,1.,-1.11655828862999E-015,       889P   3036
-6.0784609690827,8.8,0.,-5.3856406460551,7.6,0.,-4.,7.6,             889P   3037
2.0943951023932,3.1415926535898,1.,0.,0.;                            889P   3038
141,0,1,881,4,883,1,0,885,1,0,887,1,0,889,1,0;                       891P   3039
143,0,881,1,891;                                                     893P   3040
128,2,2,2,2,0,0,0,0,0,3.1415926535898,3.1415926535898,               895P   3041
3.1415926535898,4.1887902047864,4.1887902047864,                     895P   3042
4.1887902047864,0.,0.,0.,0.42368058426788,0.42368058426788,          895P   3043
0.42368058426788,1.,0.86602540378444,1.,0.97764563169073,            895P   3044
0.84666595294306,0.97764563169073,1.,0.86602540378444,1.,            895P   3045
-6.0940098197698,-4.,4.5412602123805,-6.0940098197698,               895P   3046
-5.3856406460551,4.5412602123805,-7.0562218965755,                   895P   3047
-6.0784609690827,5.2583012985458,-5.1173341666912,-4.,               895P   3048
5.8518812167362,-5.1173341666912,-5.3856406460551,                   895P   3049
5.8518812167362,-5.925334298274,-6.0784609690827,                    895P   3050
6.775862461484,-3.6881938684816,-4.,6.6450903672181,                 895P   3051
-3.6881938684816,-5.3856406460551,6.6450903672181,                   895P   3052
-4.2705402687682,-6.0784609690827,7.694315162042,                    895P   3053
3.1415926535898,4.1887902047864,0.,0.42368058426788;                 895P   3054
126,2,2,1,0,0,0,0.57119866428905,0.57119866428905,                   897P   3055
0.57119866428905,0.85888132976691,0.85888132976691,                  897P   3056
0.85888132976691,1.,0.98967266027209,1.,-4.1088702126625,-4.,        897P   3057
6.393526849517,-5.0349192154429,-4.,5.7983912924844,                 897P   3058
-5.7540529212642,-4.,4.9649647510623,0.57119866428905,               897P   3059
0.85888132976691,0.,-1.,0.;                                          897P   3060
126,2,2,1,0,0,0,-3.1415926535898,-3.1415926535898,                   899P   3061
-3.1415926535898,-2.0943951023932,-2.0943951023932,                  899P   3062
-2.0943951023932,1.,0.86602540378444,1.,-5.7540529212642,-4.,        899P   3063
4.9649647510623,-5.7540529212642,-5.3856406460551,                   899P   3064
4.9649647510623,-6.6625875930427,-6.0784609690827,                   899P   3065
5.7489065538616,-3.1415926535898,-2.0943951023932,                   899P   3066
-0.6532848356661,0.,-0.75711222648213;                               899P   3067
126,2,2,1,0,0,0,-0.85888132976691,-0.85888132976691,                 901P   3068
-0.85888132976691,-0.57119866428905,-0.57119866428905,               901P   3069
-0.57119866428905,1.,0.9896726602721,1.,-6.6625875930427,            901P   3070
-6.0784609690827,5.7489065538616,-5.8299064599865,                   901P   3071
-6.0784609690827,6.7139267597188,-4.7576391936093,                   901P   3072
-6.0784609690827,7.4030310889144,-0.85888132976691,                  901P   3073
-0.57119866428905,0.,1.,0.;                                          901P   3074
126,2,2,1,0,0,0,2.0943951023932,2.0943951023932,                     903P   3075
2.0943951023932,3.1415926535898,3.1415926535898,                     903P   3076
3.1415926535898,1.,0.86602540378444,1.,-4.7576391936093,             903P   3077
-6.0784609690827,7.4030310889144,-4.1088702126625,                   903P   3078
-5.3856406460551,6.393526849517,-4.1088702126625,-4.,                903P   3079
6.393526849517,2.0943951023932,3.1415926535898,                      903P   3080
0.84125353283118,0.,0.5406408174556;                                 903P   3081
141,0,1,895,4,897,1,0,899,1,0,901,1,0,903,1,0;                       905P   3082
143,0,895,1,905;                                                     907P   3083
128,2,2,2,2,0,0,0,0,0,3.1415926535898,3.1415926535898,               909P   3084
3.1415926535898,4.1887902047864,4.1887902047864,                     909P   3085
4.1887902047864,0.,0.,0.,0.66562841428043,0.66562841428043,          909P   3086
0.66562841428043,1.,0.86602540378444,1.,0.9451266743153,             909P   3087
0.81850370975135,0.9451266743153,1.,0.86602540378444,1.,             909P   3088
-7.4782808842954,-4.,-1.3547379877976,-7.4782808842954,              909P   3089
-5.3856406460551,-1.3547379877976,-8.6590620765526,                  909P   3090
-6.0784609690827,-1.5686439858709,-7.9465762654213,-4.,              909P   3091
1.2302964826468,-7.9465762654213,-5.3856406460551,                   909P   3092
1.2302964826468,-9.2012988336457,-6.0784609690827,                   909P   3093
1.424553822012,-6.7185069600537,-4.,3.5526981616385,                 909P   3094
-6.7185069600537,-5.3856406460551,3.5526981616385,                   909P   3095
-7.7793238484833,-6.0784609690827,4.1136505029498,                   909P   3096
3.1415926535898,4.1887902047864,0.,0.66562841428043;                 909P   3097
126,2,2,1,0,0,0,1.1423973285781,1.1423973285781,                     911P   3098
1.1423973285781,1.7135959928672,1.7135959928672,                     911P   3099
1.7135959928672,1.,0.95949297361449,1.,-6.9132031646943,-4.,         911P   3100
3.1571540988143,-7.8402272503952,-4.,1.1272544985947,                911P   3101
-7.5226429582951,-4.,-1.081592770877,1.1423973285781,                911P   3102
1.7135959928672,0.,-1.,0.;                                           911P   3103
126,2,2,1,0,0,0,-3.1415926535898,-3.1415926535898,                   913P   3104
-3.1415926535898,-2.0943951023932,-2.0943951023932,                  913P   3105
-2.0943951023932,1.,0.86602540378444,1.,-7.5226429582951,-4.,        913P   3106
-1.081592770877,-7.5226429582951,-5.3856406460551,                   913P   3107
-1.081592770877,-8.7104286885522,-6.0784609690827,                   913P   3108
-1.2523705768049,-3.1415926535898,-2.0943951023932,                  913P   3109
0.14231483827328,0.,-0.98982144188093;                               913P   3110
126,2,2,1,0,0,0,-1.7135959928672,-1.7135959928672,                   915P   3111
-1.7135959928672,-1.1423973285781,-1.1423973285781,                  915P   3112
-1.1423973285781,1.,0.9594929736145,1.,-8.7104286885522,             915P   3113
-6.0784609690827,-1.2523705768049,-9.0781578688786,                  915P   3114
-6.0784609690827,1.3052420510044,-8.0047615591198,                   915P   3115
-6.0784609690827,3.6556521144166,-1.7135959928672,                   915P   3116
-1.1423973285781,0.,1.,0.;                                           915P   3117
126,2,2,1,0,0,0,2.0943951023932,2.0943951023932,                     917P   3118
2.0943951023932,3.1415926535898,3.1415926535898,                     917P   3119
3.1415926535898,1.,0.86602540378444,1.,-8.0047615591198,             917P   3120
-6.0784609690827,3.6556521144166,-6.9132031646943,                   917P   3121
-5.3856406460551,3.1571540988143,-6.9132031646943,-4.,               917P   3122
3.1571540988143,2.0943951023932,3.1415926535898,                     917P   3123
0.41541501300189,0.,0.90963199535452;                                917P   3124
141,0,1,909,4,911,1,0,913,1,0,915,1,0,917,1,0;                       919P   3125
143,0,909,1,919;                                                     921P   3126
128,4,2,2,2,0,0,0,0,0,-3.1415926535898,-3.1415926535898,             923P   3127
-3.1415926535898,-1.5707963267949,-1.5707963267949,0.,0.,0.,0.,      923P   3128
0.,0.,0.66351634815909,0.66351634815909,0.66351634815909,1.,         923P   3129
0.70710678118655,1.,0.70710678118655,1.,0.94547115757736,            923P   3130
0.66854906693925,0.94547115757736,0.66854906693925,                  923P   3131
0.94547115757736,1.,0.70710678118655,1.,0.70710678118655,1.,         923P   3132
-5.3650940683529,-4.,-5.3829142328041,-5.3650940683529,-6.4,         923P   3133
-5.3829142328041,-7.0593343004644,-6.4,-7.0827818852685,             923P   3134
-8.7535745325758,-6.4,-8.7826495377329,-8.7535745325758,-4.,         923P   3135
-8.7826495377329,-7.2194568953589,-4.,-3.5346902831979,              923P   3136
-7.2194568953589,-6.4,-3.5346902831979,-9.4992853886302,-6.4,        923P   3137
-4.6509082673657,-11.779113881901,-6.4,-5.7671262515335,             923P   3138
-11.779113881901,-4.,-5.7671262515335,-7.5420778017718,-4.,          923P   3139
-0.93651611412755,-7.5420778017718,-6.4,-0.93651611412755,           923P   3140
-9.9237865812787,-6.4,-1.2322580449047,-12.305495360786,-6.4,        923P   3141
-1.5279999756818,-12.305495360786,-4.,-1.5279999756818,              923P   3142
-3.1415926535898,0.,0.,0.66351634815909;                             923P   3143
126,2,2,1,0,0,0,1.7135959928672,1.7135959928672,                     925P   3144
1.7135959928672,2.2847946571562,2.2847946571562,                     925P   3145
2.2847946571562,1.,0.9594929736145,1.,-7.5226429582951,-4.,          925P   3146
-1.081592770877,-7.205058666195,-4.,-3.2904400403487,                925P   3147
-5.7436967650924,-4.,-4.9769415779842,1.7135959928672,               925P   3148
2.2847946571562,0.,-1.,0.;                                           925P   3149
126,2,2,1,0,0,0,-3.1415926535898,-3.1415926535898,                   927P   3150
-3.1415926535898,-2.0943951023932,-2.0943951023932,                  927P   3151
-2.0943951023932,1.,0.86602540378444,1.,-5.7436967650924,-4.,        927P   3152
-4.9769415779842,-5.7436967650924,-5.3856406460551,                  927P   3153
-4.9769415779842,-6.6505962543175,-6.0784609690827,                  927P   3154
-5.7627744587185,-3.1415926535898,-2.0943951023932,                  927P   3155
0.65486073394528,0.,-0.75574957435426;                               927P   3156
126,2,2,1,0,0,0,-2.2847946571562,-2.2847946571562,                   929P   3157
-2.2847946571562,-1.7135959928672,-1.7135959928672,                  929P   3158
-1.7135959928672,1.,0.9594929736145,1.,-6.6505962543175,             929P   3159
-6.0784609690827,-5.7627744587185,-8.3426995082258,                  929P   3160
-6.0784609690827,-3.8099832046142,-8.7104286885522,                  929P   3161
-6.0784609690827,-1.2523705768049,-2.2847946571562,                  929P   3162
-1.7135959928672,0.,1.,0.;                                           929P   3163
126,2,2,1,0,0,0,2.0943951023932,2.0943951023932,                     931P   3164
2.0943951023932,3.1415926535898,3.1415926535898,                     931P   3165
3.1415926535898,1.,0.86602540378444,1.,-8.7104286885522,             931P   3166
-6.0784609690827,-1.2523705768049,-7.5226429582951,                  931P   3167
-5.3856406460551,-1.081592770877,-7.5226429582951,-4.,               931P   3168
-1.081592770877,2.0943951023932,3.1415926535898,                     931P   3169
-0.14231483827328,0.,0.98982144188093;                               931P   3170
141,0,1,923,4,925,1,0,927,1,0,929,1,0,931,1,0;                       933P   3171
143,0,923,1,933;                                                     935P   3172
128,4,2,2,2,0,0,0,0,0,-3.1415926535898,-3.1415926535898,             937P   3173
-3.1415926535898,-1.5707963267949,-1.5707963267949,0.,0.,0.,0.,      937P   3174
0.,0.,0.68000380213419,0.68000380213419,0.68000380213419,1.,         937P   3175
0.70710678118655,1.,0.70710678118655,1.,0.94275403154531,            937P   3176
0.66662776869664,0.94275403154531,0.66662776869664,                  937P   3177
0.94275403154531,1.,0.70710678118655,1.,0.70710678118655,1.,         937P   3178
-1.8681273140794,-4.,-7.3668243048406,-1.8681273140794,-6.4,         937P   3179
-7.3668243048406,-2.4580622553676,-6.4,-9.6931898747903,             937P   3180
-3.0479971966558,-6.4,-12.01955544474,-3.0479971966558,-4.,          937P   3181
-12.01955544474,-4.4740605019952,-4.,-6.7059947851502,               937P   3182
-4.4740605019952,-6.4,-6.7059947851502,-5.8869217131516,-6.4,        937P   3183
-8.8236773488819,-7.299782924308,-6.4,-10.941359912613,              937P   3184
-7.299782924308,-4.,-10.941359912613,-6.0848298798987,-4.,           937P   3185
-4.5535530448971,-6.0848298798987,-6.4,-4.5535530448971,             937P   3186
-8.0063551051299,-6.4,-5.9915171643383,-9.9278803303611,-6.4,        937P   3187
-7.4294812837794,-9.9278803303611,-4.,-7.4294812837794,              937P   3188
-3.1415926535898,0.,0.,0.68000380213419;                             937P   3189
126,2,2,1,0,0,0,2.2847946571562,2.2847946571562,                     939P   3190
2.2847946571562,2.8559933214453,2.8559933214453,                     939P   3191
2.8559933214453,1.,0.9594929736145,1.,-5.7436967650924,-4.,          939P   3192
-4.9769415779842,-4.2823348639897,-4.,-6.6634431156197,              939P   3193
-2.1411674319949,-4.,-7.2921465994702,2.2847946571562,               939P   3194
2.8559933214453,0.,-1.,0.;                                           939P   3195
126,2,2,1,0,0,0,-3.1415926535898,-3.1415926535898,                   941P   3196
-3.1415926535898,-2.0943951023932,-2.0943951023932,                  941P   3197
-2.0943951023932,1.,0.86602540378444,1.,-2.1411674319949,-4.,        941P   3198
-7.2921465994702,-2.1411674319949,-5.3856406460551,                  941P   3199
-7.2921465994702,-2.4792465002046,-6.0784609690827,                  941P   3200
-8.4435381678076,-3.1415926535898,-2.0943951023932,                  941P   3201
0.9594929736145,0.,-0.28173255684143;                                941P   3202
126,2,2,1,0,0,0,-2.8559933214453,-2.8559933214453,                   943P   3203
-2.8559933214453,-2.2847946571562,-2.2847946571562,                  943P   3204
-2.2847946571562,1.,0.95949297361449,1.,-2.4792465002046,            943P   3205
-6.0784609690827,-8.4435381678076,-4.9584930004092,                  943P   3206
-6.0784609690827,-7.7155657128228,-6.6505962543175,                  943P   3207
-6.0784609690827,-5.7627744587185,-2.8559933214453,                  943P   3208
-2.2847946571562,0.,1.,0.;                                           943P   3209
126,2,2,1,0,0,0,2.0943951023932,2.0943951023932,                     945P   3210
2.0943951023932,3.1415926535898,3.1415926535898,                     945P   3211
3.1415926535898,1.,0.86602540378444,1.,-6.6505962543175,             945P   3212
-6.0784609690827,-5.7627744587185,-5.7436967650924,                  945P   3213
-5.3856406460551,-4.9769415779842,-5.7436967650924,-4.,              945P   3214
-4.9769415779842,2.0943951023932,3.1415926535898,                    945P   3215
-0.65486073394528,0.,0.75574957435426;                               945P   3216
141,0,1,937,4,939,1,0,941,1,0,943,1,0,945,1,0;                       947P   3217
143,0,937,1,947;                                                     949P   3218
128,2,2,2,2,0,0,0,0,0,3.1415926535898,3.1415926535898,               951P   3219
3.1415926535898,4.1887902047864,4.1887902047864,                     951P   3220
4.1887902047864,0.,0.,0.,0.655456523656,0.655456523656,              951P   3221
0.655456523656,1.,0.86602540378444,1.,0.94677604264826,              951P   3222
0.81993210462789,0.94677604264826,1.,0.86602540378444,1.,            951P   3223
2.4463870552077,-4.,-7.1954979241267,2.4463870552077,                951P   3224
-5.3856406460551,-7.1954979241267,2.8326586955036,                   951P   3225
-6.0784609690827,-8.3316291753047,-7.54951656745106E-015,-4.,        951P   3226
-8.0272415625788,-7.54951656745106E-015,-5.3856406460551,            951P   3227
-8.0272415625788,-9.32587340685131E-015,-6.0784609690827,            951P   3228
-9.2947007566702,-2.4463870552077,-4.,-7.1954979241267,              951P   3229
-2.4463870552077,-5.3856406460551,-7.1954979241267,                  951P   3230
-2.8326586955036,-6.0784609690827,-8.3316291753046,                  951P   3231
3.1415926535898,4.1887902047864,0.,0.655456523656;                   951P   3232
126,2,2,1,0,0,0,2.8559933214453,2.8559933214453,                     953P   3233
2.8559933214453,3.4271919857343,3.4271919857343,                     953P   3234
3.4271919857343,1.,0.9594929736145,1.,-2.1411674319949,-4.,          953P   3235
-7.2921465994702,-9.76996261670138E-015,-4.,-7.9208500833207,        953P   3236
2.1411674319949,-4.,-7.2921465994702,2.8559933214453,                953P   3237
3.4271919857343,0.,-1.,0.;                                           953P   3238
126,2,2,1,0,0,0,-3.1415926535898,-3.1415926535898,                   955P   3239
-3.1415926535898,-2.0943951023932,-2.0943951023932,                  955P   3240
-2.0943951023932,1.,0.86602540378444,1.,2.1411674319949,-4.,         955P   3241
-7.2921465994702,2.1411674319949,-5.3856406460551,                   955P   3242
-7.2921465994702,2.4792465002046,-6.0784609690827,                   955P   3243
-8.4435381678076,-3.1415926535898,-2.0943951023932,                  955P   3244
0.9594929736145,0.,0.28173255684143;                                 955P   3245
126,2,2,1,0,0,0,2.8559933214453,2.8559933214453,                     957P   3246
2.8559933214453,3.1415926535898,3.1415926535898,                     957P   3247
3.1415926535898,1.,0.98982144188094,1.,2.4792465002046,              957P   3248
-6.0784609690827,-8.4435381678076,1.2652489871558,                   957P   3249
-6.0784609690827,-8.8,0.,-6.0784609690827,-8.8,2.8559933214453,      957P   3250
3.1415926535898,0.,1.,-2.39072146315591E-015;                        957P   3251
126,2,2,1,0,0,0,3.1415926535898,3.1415926535898,                     959P   3252
3.1415926535898,3.4271919857343,3.4271919857343,                     959P   3253
3.4271919857343,1.,0.98982144188092,1.,0.,-6.0784609690827,          959P   3254
-8.8,-1.2652489871558,-6.0784609690827,-8.8,-2.4792465002046,        959P   3255
-6.0784609690827,-8.4435381678076,3.1415926535898,                   959P   3256
3.4271919857343,0.,1.,2.39072146315589E-015;                         959P   3257
126,2,2,1,0,0,0,2.0943951023932,2.0943951023932,                     961P   3258
2.0943951023932,3.1415926535898,3.1415926535898,                     961P   3259
3.1415926535898,1.,0.86602540378444,1.,-2.4792465002046,             961P   3260
-6.0784609690827,-8.4435381678076,-2.1411674319949,                  961P   3261
-5.3856406460551,-7.2921465994702,-2.1411674319949,-4.,              961P   3262
-7.2921465994702,2.0943951023932,3.1415926535898,                    961P   3263
-0.9594929736145,0.,0.28173255684143;                                961P   3264
141,0,1,951,5,953,1,0,955,1,0,957,1,0,959,1,0,961,1,0;               963P   3265
143,0,951,1,963;                                                     965P   3266
128,4,2,2,2,0,0,0,0,0,-3.1415926535898,-3.1415926535898,             967P   3267
-3.1415926535898,-1.5707963267949,-1.5707963267949,0.,0.,0.,0.,      967P   3268
0.,0.,0.68000380213419,0.68000380213419,0.68000380213419,1.,         967P   3269
0.70710678118655,1.,0.70710678118655,1.,0.94275403154531,            967P   3270
0.66662776869664,0.94275403154531,0.66662776869664,                  967P   3271
0.94275403154531,1.,0.70710678118655,1.,0.70710678118655,1.,         967P   3272
6.0848298798987,-4.,-4.5535530448971,6.0848298798987,-6.4,           967P   3273
-4.5535530448971,8.0063551051299,-6.4,-5.9915171643383,              967P   3274
9.9278803303611,-6.4,-7.4294812837795,9.9278803303611,-4.,           967P   3275
-7.4294812837795,4.4740605019952,-4.,-6.7059947851502,               967P   3276
4.4740605019952,-6.4,-6.7059947851502,5.8869217131516,-6.4,          967P   3277
-8.8236773488819,7.299782924308,-6.4,-10.941359912614,               967P   3278
7.299782924308,-4.,-10.941359912614,1.8681273140794,-4.,             967P   3279
-7.3668243048406,1.8681273140794,-6.4,-7.3668243048406,              967P   3280
2.4580622553676,-6.4,-9.6931898747903,3.0479971966558,-6.4,          967P   3281
-12.01955544474,3.0479971966558,-4.,-12.01955544474,                 967P   3282
-3.1415926535898,0.,0.,0.68000380213419;                             967P   3283
126,2,2,1,0,0,0,-2.8559933214453,-2.8559933214453,                   969P   3284
-2.8559933214453,-2.2847946571562,-2.2847946571562,                  969P   3285
-2.2847946571562,1.,0.95949297361449,1.,2.1411674319949,-4.,         969P   3286
-7.2921465994702,4.2823348639897,-4.,-6.6634431156197,               969P   3287
5.7436967650924,-4.,-4.9769415779842,-2.8559933214453,               969P   3288
-2.2847946571562,0.,-1.,0.;                                          969P   3289
126,2,2,1,0,0,0,-3.1415926535898,-3.1415926535898,                   971P   3290
-3.1415926535898,-2.0943951023932,-2.0943951023932,                  971P   3291
-2.0943951023932,1.,0.86602540378444,1.,5.7436967650924,-4.,         971P   3292
-4.9769415779842,5.7436967650924,-5.3856406460551,                   971P   3293
-4.9769415779842,6.6505962543175,-6.0784609690827,                   971P   3294
-5.7627744587185,-3.1415926535898,-2.0943951023932,                  971P   3295
0.65486073394529,0.,0.75574957435426;                                971P   3296
126,2,2,1,0,0,0,2.2847946571562,2.2847946571562,                     973P   3297
2.2847946571562,2.8559933214453,2.8559933214453,                     973P   3298
2.8559933214453,1.,0.9594929736145,1.,6.6505962543175,               973P   3299
-6.0784609690827,-5.7627744587185,4.9584930004092,                   973P   3300
-6.0784609690827,-7.7155657128228,2.4792465002046,                   973P   3301
-6.0784609690827,-8.4435381678076,2.2847946571562,                   973P   3302
2.8559933214453,0.,1.,0.;                                            973P   3303
126,2,2,1,0,0,0,2.0943951023932,2.0943951023932,                     975P   3304
2.0943951023932,3.1415926535898,3.1415926535898,                     975P   3305
3.1415926535898,1.,0.86602540378444,1.,2.4792465002046,              975P   3306
-6.0784609690827,-8.4435381678076,2.1411674319949,                   975P   3307
-5.3856406460551,-7.2921465994702,2.1411674319949,-4.,               975P   3308
-7.2921465994702,2.0943951023932,3.1415926535898,                    975P   3309
-0.9594929736145,0.,-0.28173255684143;                               975P   3310
141,0,1,967,4,969,1,0,971,1,0,973,1,0,975,1,0;                       977P   3311
143,0,967,1,977;                                                     979P   3312
128,4,2,2,2,0,0,0,0,0,-3.1415926535898,-3.1415926535898,             981P   3313
-3.1415926535898,-1.5707963267949,-1.5707963267949,0.,0.,0.,0.,      981P   3314
0.,0.,0.66141095773384,0.66141095773384,0.66141095773384,1.,         981P   3315
0.70710678118655,1.,0.70710678118655,1.,0.94581350261601,            981P   3316
0.66879114143758,0.94581350261601,0.66879114143758,                  981P   3317
0.94581350261601,1.,0.70710678118655,1.,0.70710678118655,1.,         981P   3318
7.5420778017718,-4.,-0.93651611412756,7.5420778017718,-6.4,          981P   3319
-0.93651611412756,9.9237865812787,-6.4,-1.2322580449047,             981P   3320
12.305495360786,-6.4,-1.5279999756818,12.305495360786,-4.,           981P   3321
-1.5279999756818,7.2205593583704,-4.,-3.5258117794743,               981P   3322
7.2205593583704,-6.4,-3.5258117794743,9.5007359978558,-6.4,          981P   3323
-4.6392260256241,11.780912637341,-6.4,-5.7526402717739,              981P   3324
11.780912637341,-4.,-5.7526402717739,5.3764153052277,-4.,            981P   3325
-5.3716066931332,5.3764153052277,-6.4,-5.3716066931332,              981P   3326
7.0742306647732,-6.4,-7.0679035435964,8.7720460243188,-6.4,          981P   3327
-8.7642003940595,8.7720460243188,-4.,-8.7642003940595,               981P   3328
-3.1415926535898,0.,0.,0.66141095773384;                             981P   3329
126,2,2,1,0,0,0,-2.2827113238229,-2.2827113238229,                   983P   3330
-2.2827113238229,-1.7135959928672,-1.7135959928672,                  983P   3331
-1.7135959928672,1.,0.95978592441659,1.,5.7540529212642,-4.,         983P   3332
-4.9649647510623,7.2062820882038,-4.,-3.281930953373,                983P   3333
7.5226429582951,-4.,-1.081592770877,-2.2827113238229,                983P   3334
-1.7135959928672,0.,-1.,0.;                                          983P   3335
126,2,2,1,0,0,0,-3.1415926535898,-3.1415926535898,                   985P   3336
-3.1415926535898,-2.0943951023932,-2.0943951023932,                  985P   3337
-2.0943951023932,1.,0.86602540378444,1.,7.5226429582951,-4.,         985P   3338
-1.081592770877,7.5226429582951,-5.3856406460551,                    985P   3339
-1.081592770877,8.7104286885522,-6.0784609690827,                    985P   3340
-1.2523705768049,-3.1415926535898,-2.0943951023932,                  985P   3341
0.14231483827329,0.,0.98982144188093;                                985P   3342
126,2,2,1,0,0,0,1.7135959928672,1.7135959928672,                     987P   3343
1.7135959928672,2.2827113238229,2.2827113238229,                     987P   3344
2.2827113238229,1.,0.95978592441659,1.,8.7104286885522,              987P   3345
-6.0784609690827,-1.2523705768049,8.3441161021307,                   987P   3346
-6.0784609690827,-3.8001305775898,6.6625875930427,                   987P   3347
-6.0784609690827,-5.7489065538616,1.7135959928672,                   987P   3348
2.2827113238229,0.,1.,0.;                                            987P   3349
126,2,2,1,0,0,0,2.0943951023932,2.0943951023932,                     989P   3350
2.0943951023932,3.1415926535898,3.1415926535898,                     989P   3351
3.1415926535898,1.,0.86602540378444,1.,6.6625875930427,              989P   3352
-6.0784609690827,-5.7489065538616,5.7540529212642,                   989P   3353
-5.3856406460551,-4.9649647510623,5.7540529212642,-4.,               989P   3354
-4.9649647510623,2.0943951023932,3.1415926535898,                    989P   3355
-0.6532848356661,0.,-0.75711222648213;                               989P   3356
141,0,1,981,4,983,1,0,985,1,0,987,1,0,989,1,0;                       991P   3357
143,0,981,1,991;                                                     993P   3358
128,4,2,2,2,0,0,0,0,0,-3.1415926535898,-3.1415926535898,             995P   3359
-3.1415926535898,-1.5707963267949,-1.5707963267949,0.,0.,0.,0.,      995P   3360
0.,0.,0.63973613348262,0.63973613348262,0.63973613348262,1.,         995P   3361
0.70710678118655,1.,0.70710678118655,1.,0.94927691161236,            995P   3362
0.67124014142492,0.94927691161236,0.67124014142492,                  995P   3363
0.94927691161236,1.,0.70710678118655,1.,0.70710678118655,1.,         995P   3364
-1.15664856165099E-015,-4.,7.6,-1.59750684902704E-015,-6.4,7.6,      995P   3365
-1.73073361198206E-015,-6.4,10.,-1.86396037493708E-015,-6.4,         995P   3366
12.4,-1.42310208756102E-015,-4.,12.4,2.5174467209283,-4.,7.6,        995P   3367
2.5174467209283,-6.4,7.6,3.3124298959583,-6.4,10.,                   995P   3368
4.1074130709883,-6.4,12.4,4.1074130709883,-4.,12.4,                  995P   3369
4.5370766851405,-4.,6.0971251547885,4.5370766851405,-6.4,            995P   3370
6.0971251547885,5.9698377436059,-6.4,8.0225330984059,                995P   3371
7.4025988020713,-6.4,9.9479410420234,7.4025988020713,-4.,            995P   3372
9.9479410420234,-3.1415926535898,0.,0.,0.63973613348262;             995P   3373
126,2,2,1,0,0,0,-0.57119866428906,-0.57119866428906,                 997P   3374
-0.57119866428906,0.,0.,0.,1.,0.9594929736145,1.,                    997P   3375
4.1088702126626,-4.,6.393526849517,2.2315613463316,-4.,7.6,0.,       997P   3376
-4.,7.6,-0.57119866428906,0.,0.,-1.,0.;                              997P   3377
126,2,2,1,0,0,0,-3.1415926535898,-3.1415926535898,                   999P   3378
-3.1415926535898,-2.0943951023932,-2.0943951023932,                  999P   3379
-2.0943951023932,1.,0.86602540378444,1.,0.,-4.,7.6,0.,               999P   3380
-5.3856406460551,7.6,-1.11655828862999E-015,-6.0784609690827,        999P   3381
8.8,-3.1415926535898,-2.0943951023932,-1.,0.,0.;                     999P   3382
126,2,2,1,0,0,0,0.,0.,0.,0.57119866428906,0.57119866428906,         1001P   3383
0.57119866428906,1.,0.9594929736145,1.,0.,-6.0784609690827,8.8,     1001P   3384
2.5839131378576,-6.0784609690827,8.8,4.7576391936093,               1001P   3385
-6.0784609690827,7.4030310889144,0.,0.57119866428906,0.,1.,0.;      1001P   3386
126,2,2,1,0,0,0,2.0943951023932,2.0943951023932,                    1003P   3387
2.0943951023932,3.1415926535898,3.1415926535898,                    1003P   3388
3.1415926535898,1.,0.86602540378444,1.,4.7576391936093,             1003P   3389
-6.0784609690827,7.4030310889144,4.1088702126626,                   1003P   3390
-5.3856406460551,6.393526849517,4.1088702126626,-4.,                1003P   3391
6.393526849517,2.0943951023932,3.1415926535898,                     1003P   3392
0.84125353283118,0.,-0.5406408174556;                               1003P   3393
141,0,1,995,4,997,1,0,999,1,0,1001,1,0,1003,1,0;                    1005P   3394
143,0,995,1,1005;                                                   1007P   3395
128,2,2,2,2,0,0,0,0,0,3.1415926535898,3.1415926535898,              1009P   3396
3.1415926535898,4.1887902047864,4.1887902047864,                    1009P   3397
4.1887902047864,0.,0.,0.,0.66562841428043,0.66562841428043,         1009P   3398
0.66562841428043,1.,0.86602540378444,1.,0.9451266743153,            1009P   3399
0.81850370975135,0.9451266743153,1.,0.86602540378444,1.,            1009P   3400
6.7185069600537,-4.,3.5526981616385,6.7185069600537,                1009P   3401
-5.3856406460551,3.5526981616385,7.7793238484833,                   1009P   3402
-6.0784609690827,4.1136505029498,7.9465762654213,-4.,               1009P   3403
1.2302964826468,7.9465762654213,-5.3856406460551,                   1009P   3404
1.2302964826468,9.2012988336457,-6.0784609690827,                   1009P   3405
1.424553822012,7.4782808842954,-4.,-1.3547379877976,                1009P   3406
7.4782808842954,-5.3856406460551,-1.3547379877976,                  1009P   3407
8.6590620765526,-6.0784609690827,-1.5686439858709,                  1009P   3408
3.1415926535898,4.1887902047864,0.,0.66562841428043;                1009P   3409
126,2,2,1,0,0,0,-1.7135959928672,-1.7135959928672,                  1011P   3410
-1.7135959928672,-1.1423973285781,-1.1423973285781,                 1011P   3411
-1.1423973285781,1.,0.9594929736145,1.,7.5226429582951,-4.,         1011P   3412
-1.081592770877,7.8402272503952,-4.,1.1272544985947,                1011P   3413
6.9132031646943,-4.,3.1571540988143,-1.7135959928672,               1011P   3414
-1.1423973285781,0.,-1.,0.;                                         1011P   3415
126,2,2,1,0,0,0,-3.1415926535898,-3.1415926535898,                  1013P   3416
-3.1415926535898,-2.0943951023932,-2.0943951023932,                 1013P   3417
-2.0943951023932,1.,0.86602540378444,1.,6.9132031646943,-4.,        1013P   3418
3.1571540988143,6.9132031646943,-5.3856406460551,                   1013P   3419
3.1571540988143,8.0047615591198,-6.0784609690827,                   1013P   3420
3.6556521144166,-3.1415926535898,-2.0943951023932,                  1013P   3421
-0.41541501300188,0.,0.90963199535452;                              1013P   3422
126,2,2,1,0,0,0,1.1423973285781,1.1423973285781,                    1015P   3423
1.1423973285781,1.7135959928672,1.7135959928672,                    1015P   3424
1.7135959928672,1.,0.9594929736145,1.,8.0047615591198,              1015P   3425
-6.0784609690827,3.6556521144166,9.0781578688786,                   1015P   3426
-6.0784609690827,1.3052420510044,8.7104286885522,                   1015P   3427
-6.0784609690827,-1.2523705768049,1.1423973285781,                  1015P   3428
1.7135959928672,0.,1.,0.;                                           1015P   3429
126,2,2,1,0,0,0,2.0943951023932,2.0943951023932,                    1017P   3430
2.0943951023932,3.1415926535898,3.1415926535898,                    1017P   3431
3.1415926535898,1.,0.86602540378444,1.,8.7104286885522,             1017P   3432
-6.0784609690827,-1.2523705768049,7.5226429582951,                  1017P   3433
-5.3856406460551,-1.081592770877,7.5226429582951,-4.,               1017P   3434
-1.081592770877,2.0943951023932,3.1415926535898,                    1017P   3435
-0.14231483827329,0.,-0.98982144188093;                             1017P   3436
141,0,1,1009,4,1011,1,0,1013,1,0,1015,1,0,1017,1,0;                 1019P   3437
143,0,1009,1,1019;                                                  1021P   3438
128,4,8,2,2,0,1,0,0,1,-2.56224981914447E-015,                       1023P   3439
-2.56224981914447E-015,-2.56224981914447E-015,1.5707963267949,      1023P   3440
1.5707963267949,3.1415926535898,3.1415926535898,                    1023P   3441
3.1415926535898,0.,0.,0.,1.5707963267949,1.5707963267949,           1023P   3442
3.1415926535898,3.1415926535898,4.7123889803847,                    1023P   3443
4.7123889803847,6.2831853071796,6.2831853071796,                    1023P   3444
6.2831853071796,1.,0.70710678118654,1.,0.70710678118654,1.,         1023P   3445
0.70710678118655,0.5,0.70710678118655,0.5,0.70710678118655,1.,      1023P   3446
0.70710678118654,1.,0.70710678118654,1.,0.70710678118655,0.5,       1023P   3447
0.70710678118655,0.5,0.70710678118655,1.,0.70710678118654,1.,       1023P   3448
0.70710678118654,1.,0.70710678118655,0.5,0.70710678118655,0.5,      1023P   3449
0.70710678118655,1.,0.70710678118654,1.,0.70710678118654,1.,        1023P   3450
0.70710678118655,0.5,0.70710678118655,0.5,0.70710678118655,1.,      1023P   3451
0.70710678118654,1.,0.70710678118654,1.,0.,-0.3,-6.6,0.,0.,         1023P   3452
-6.6,0.,0.,-6.3,0.,0.,-6.,0.,-0.3,-6.,6.6,-0.3,-6.6,6.6,0.,         1023P   3453
-6.6,6.3,0.,-6.3,6.,0.,-6.,6.,-0.3,-6.,6.6,-0.3,0.,6.6,0.,0.,       1023P   3454
6.3,0.,0.,6.,0.,0.,6.,-0.3,0.,6.6,-0.3,6.6,6.6,0.,6.6,6.3,0.,       1023P   3455
6.3,6.,0.,6.,6.,-0.3,6.,0.,-0.3,6.6,0.,0.,6.6,0.,0.,6.3,0.,0.,      1023P   3456
6.,0.,-0.3,6.,-6.6,-0.3,6.6,-6.6,1.49910059409411E-015,6.6,         1023P   3457
-6.3,1.43480876051844E-015,6.3,-6.,1.37051692694276E-015,6.,        1023P   3458
-6.,-0.3,6.,-6.6,-0.3,0.,-6.6,1.48991604644044E-015,0.,-6.3,        1023P   3459
1.43480876051844E-015,0.,-6.,1.37970147459643E-015,0.,-6.,-0.3,     1023P   3460
0.,-6.6,-0.3,-6.6,-6.6,1.48073149878678E-015,-6.6,-6.3,             1023P   3461
1.43480876051844E-015,-6.3,-6.,1.38888602225010E-015,-6.,-6.,       1023P   3462
-0.3,-6.,0.,-0.3,-6.6,0.,0.,-6.6,0.,0.,-6.3,0.,0.,-6.,0.,-0.3,      1023P   3463
-6.,-2.56224981914447E-015,3.1415926535898,0.,6.2831853071796;      1023P   3464
126,2,2,1,0,0,0,1.5707963267949,1.5707963267949,                    1025P   3465
1.5707963267949,3.1415926535898,3.1415926535898,                    1025P   3466
3.1415926535898,1.,0.70710678118655,1.,0.,0.,6.3,0.,0.,6.,0.,       1025P   3467
-0.3,6.,1.5707963267949,3.1415926535898,-1.,0.,0.;                  1025P   3468
126,4,2,1,0,0,0,0.,0.,0.,1.5707963267949,1.5707963267949,           1027P   3469
3.1415926535898,3.1415926535898,3.1415926535898,1.,                 1027P   3470
0.70710678118655,1.,0.70710678118655,1.,0.,-0.3,6.,-6.,-0.3,6.,     1027P   3471
-6.,-0.3,0.,-6.,-0.3,-6.,-1.15725300436215E-015,-0.3,-6.,0.,        1027P   3472
3.1415926535898,0.,-1.,0.;                                          1027P   3473
126,2,2,1,0,0,0,-3.1415926535898,-3.1415926535898,                  1029P   3474
-3.1415926535898,-1.5707963267949,-1.5707963267949,                 1029P   3475
-1.5707963267949,1.,0.70710678118655,1.,0.,-0.3,-6.,0.,0.,-6.,      1029P   3476
0.,0.,-6.3,-3.1415926535898,-1.5707963267949,-1.,0.,0.;             1029P   3477
126,4,2,1,0,0,0,-3.1415926535898,-3.1415926535898,                  1031P   3478
-3.1415926535898,-1.5707963267949,-1.5707963267949,0.,0.,0.,1.,     1031P   3479
0.70710678118655,1.,0.70710678118655,1.,-1.15725300436215E-015,     1031P   3480
0.,-6.3,-6.3,1.07765359136369E-015,-6.3,-6.3,                       1031P   3481
1.07765359136369E-015,0.,-6.3,1.07765359136369E-015,6.3,0.,0.,      1031P   3482
6.3,-3.1415926535898,0.,0.,1.,0.;                                   1031P   3483
141,0,1,1023,4,1025,1,0,1027,1,0,1029,1,0,1031,1,0;                 1033P   3484
143,0,1023,1,1033;                                                  1035P   3485
128,1,8,1,2,0,1,0,0,1,-0.61666666666667,-0.61666666666667,          1037P   3486
0.61666666666667,0.61666666666667,0.,0.,0.,9.4247779607694,         1037P   3487
9.4247779607694,18.849555921539,18.849555921539,                    1037P   3488
28.274333882308,28.274333882308,37.699111843078,                    1037P   3489
37.699111843078,37.699111843078,1.,1.,0.70710678118655,             1037P   3490
0.70710678118655,1.,1.,0.70710678118655,0.70710678118655,1.,1.,     1037P   3491
0.70710678118655,0.70710678118655,1.,1.,0.70710678118655,           1037P   3492
0.70710678118655,1.,1.,-2.51656605710499E-015,-7.7,-6.,             1037P   3493
-1.15725300436215E-015,-0.3,-6.,-6.,-7.7,-6.,-6.,-0.3,-6.,-6.,      1037P   3494
-7.7,1.10214571844014E-015,-6.,-0.3,1.10214571844014E-015,-6.,      1037P   3495
-7.7,6.,-6.,-0.3,6.,0.,-7.7,6.,1.04703843251813E-015,-0.3,6.,       1037P   3496
6.,-7.7,6.,6.,-0.3,6.,6.,-7.7,-1.10214571844014E-015,6.,-0.3,       1037P   3497
-1.10214571844014E-015,6.,-7.7,-6.,6.,-0.3,-6.,                     1037P   3498
-2.51656605710499E-015,-7.7,-6.,-1.15725300436215E-015,-0.3,        1037P   3499
-6.,-0.61666666666667,0.61666666666667,0.,37.699111843078;          1037P   3500
126,1,1,0,0,1,0,-3.7,-3.7,3.7,3.7,1.,1.,-1.78180224481156E-015,     1039P   3501
-7.7,6.,0.,-0.3,6.,-3.7,3.7,0.,0.,1.;                               1039P   3502
126,4,2,1,0,0,0,0.,0.,0.,1.5707963267949,1.5707963267949,           1041P   3503
3.1415926535898,3.1415926535898,3.1415926535898,1.,                 1041P   3504
0.70710678118655,1.,0.70710678118655,1.,0.,-0.3,6.,6.,-0.3,6.,      1041P   3505
6.,-0.3,0.,6.,-0.3,-6.,0.,-0.3,-6.,0.,3.1415926535898,0.,1.,0.;     1041P   3506
126,1,1,0,0,1,0,-3.7,-3.7,3.7,3.7,1.,1.,0.,-0.3,-6.,                1043P   3507
-1.04703843251813E-015,-7.7,-6.,-3.7,3.7,0.,0.,1.;                  1043P   3508
126,4,2,1,0,0,0,-3.1415926535898,-3.1415926535898,                  1045P   3509
-3.1415926535898,-1.5707963267949,-1.5707963267949,0.,0.,0.,1.,     1045P   3510
0.70710678118655,1.,0.70710678118655,1.,-1.04703843251813E-015,     1045P   3511
-7.7,-6.,6.,-7.7,-6.,6.,-7.7,0.,6.,-7.7,6.,                         1045P   3512
-1.04703843251813E-015,-7.7,6.,-3.1415926535898,0.,0.,-1.,0.;       1045P   3513
141,0,1,1037,4,1039,1,0,1041,1,0,1043,1,0,1045,1,0;                 1047P   3514
143,0,1037,1,1047;                                                  1049P   3515
128,4,8,2,2,0,1,0,0,1,-3.1415926535898,-3.1415926535898,            1051P   3516
-3.1415926535898,-1.5707963267949,-1.5707963267949,0.,0.,0.,0.,     1051P   3517
0.,0.,1.5707963267949,1.5707963267949,3.1415926535898,              1051P   3518
3.1415926535898,4.7123889803847,4.7123889803847,                    1051P   3519
6.2831853071796,6.2831853071796,6.2831853071796,1.,                 1051P   3520
0.70710678118655,1.,0.70710678118655,1.,0.70710678118655,0.5,       1051P   3521
0.70710678118655,0.5,0.70710678118655,1.,0.70710678118655,1.,       1051P   3522
0.70710678118655,1.,0.70710678118655,0.5,0.70710678118655,0.5,      1051P   3523
0.70710678118655,1.,0.70710678118655,1.,0.70710678118655,1.,        1051P   3524
0.70710678118655,0.5,0.70710678118655,0.5,0.70710678118655,1.,      1051P   3525
0.70710678118655,1.,0.70710678118655,1.,0.70710678118655,0.5,       1051P   3526
0.70710678118655,0.5,0.70710678118655,1.,0.70710678118655,1.,       1051P   3527
0.70710678118655,1.,0.,-7.7,-6.,0.,-8.,-6.,0.,-8.,-6.3,0.,-8.,      1051P   3528
-6.6,0.,-7.7,-6.6,6.,-7.7,-6.,6.,-8.,-6.,6.3,-8.,-6.3,6.6,-8.,      1051P   3529
-6.6,6.6,-7.7,-6.6,6.,-7.7,0.,6.,-8.,0.,6.3,-8.,0.,6.6,-8.,0.,      1051P   3530
6.6,-7.7,0.,6.,-7.7,6.,6.,-8.,6.,6.3,-8.,6.3,6.6,-8.,6.6,6.6,       1051P   3531
-7.7,6.6,-2.14918415095827E-015,-7.7,6.,-2.20429143688028E-015,     1051P   3532
-8.,6.,-2.24102962749495E-015,-8.,6.3,-2.27776781810962E-015,       1051P   3533
-8.,6.6,-2.22266053218761E-015,-7.7,6.6,-6.,-7.7,6.,-6.,-8.,6.,     1051P   3534
-6.3,-8.,6.3,-6.6,-8.,6.6,-6.6,-7.7,6.6,-6.,-7.7,0.,-6.,-8.,0.,     1051P   3535
-6.3,-8.,0.,-6.6,-8.,0.,-6.6,-7.7,0.,-6.,-7.7,-6.,-6.,-8.,-6.,      1051P   3536
-6.3,-8.,-6.3,-6.6,-8.,-6.6,-6.6,-7.7,-6.6,0.,-7.7,-6.,0.,-8.,      1051P   3537
-6.,0.,-8.,-6.3,0.,-8.,-6.6,0.,-7.7,-6.6,-3.1415926535898,0.,       1051P   3538
0.,6.2831853071796;                                                 1051P   3539
126,2,2,1,0,0,0,-3.1415926535898,-3.1415926535898,                  1053P   3540
-3.1415926535898,-1.5707963267949,-1.5707963267949,                 1053P   3541
-1.5707963267949,1.,0.70710678118655,1.,-2.14918415095827E-015,     1053P   3542
-7.7,6.,-2.20429143688028E-015,-8.,6.,-2.24102962749495E-015,       1053P   3543
-8.,6.3,-3.1415926535898,-1.5707963267949,-1.,0.,0.;                1053P   3544
126,4,2,1,0,0,0,0.,0.,0.,1.5707963267949,1.5707963267949,           1055P   3545
3.1415926535898,3.1415926535898,3.1415926535898,1.,                 1055P   3546
0.70710678118655,1.,0.70710678118655,1.,-1.08377662313280E-015,     1055P   3547
-8.,6.3,-6.3,-8.,6.3,-6.3,-8.,0.,-6.3,-8.,-6.3,                     1055P   3548
-2.62678062894900E-015,-8.,-6.3,0.,3.1415926535898,0.,-1.,0.;       1055P   3549
126,2,2,1,0,0,0,1.5707963267949,1.5707963267949,                    1057P   3550
1.5707963267949,3.1415926535898,3.1415926535898,                    1057P   3551
3.1415926535898,1.,0.70710678118655,1.,0.,-8.,-6.3,0.,-8.,-6.,      1057P   3552
0.,-7.7,-6.,1.5707963267949,3.1415926535898,-1.,0.,0.;              1057P   3553
126,4,2,1,0,0,0,-3.1415926535898,-3.1415926535898,                  1059P   3554
-3.1415926535898,-1.5707963267949,-1.5707963267949,0.,0.,0.,1.,     1059P   3555
0.70710678118655,1.,0.70710678118655,1.,-2.51656605710499E-015,     1059P   3556
-7.7,-6.,-6.,-7.7,-6.,-6.,-7.7,0.,-6.,-7.7,6.,                      1059P   3557
-1.04703843251813E-015,-7.7,6.,-3.1415926535898,0.,0.,1.,0.;        1059P   3558
141,0,1,1051,4,1053,1,0,1055,1,0,1057,1,0,1059,1,0;                 1061P   3559
143,0,1051,1,1061;                                                  1063P   3560
128,1,1,1,1,0,0,1,0,0,0.,0.,17.248,17.248,0.,0.,17.248,17.248,      1065P   3561
1.,1.,1.,1.,-8.624,-8.,8.624,-8.624,-8.,-8.624,8.624,-8.,8.624,     1065P   3562
8.624,-8.,-8.624,0.,17.248,0.,17.248;                               1065P   3563
126,4,2,1,0,0,0,-3.1415926535898,-3.1415926535898,                  1067P   3564
-3.1415926535898,-1.5707963267949,-1.5707963267949,0.,0.,0.,1.,     1067P   3565
0.70710678118655,1.,0.70710678118655,1.,0.,-8.,-8.624,8.624,        1067P   3566
-8.,-8.624,8.624,-8.,0.,8.624,-8.,8.624,0.,-8.,8.624,               1067P   3567
-3.1415926535898,0.,0.,-1.,0.;                                      1067P   3568
126,4,2,1,0,0,0,0.,0.,0.,1.5707963267949,1.5707963267949,           1069P   3569
3.1415926535898,3.1415926535898,3.1415926535898,1.,                 1069P   3570
0.70710678118655,1.,0.70710678118655,1.,0.,-8.,8.624,-8.624,        1069P   3571
-8.,8.624,-8.624,-8.,1.05610051953642E-015,-8.624,-8.,-8.624,       1069P   3572
-3.05367840389148E-015,-8.,-8.624,0.,3.1415926535898,0.,-1.,0.;     1069P   3573
141,0,1,1065,2,1067,1,0,1069,1,0;                                   1071P   3574
126,4,2,1,0,0,0,0.,0.,0.,1.5707963267949,1.5707963267949,           1073P   3575
3.1415926535898,3.1415926535898,3.1415926535898,1.,                 1073P   3576
0.70710678118655,1.,0.70710678118655,1.,-1.08377662313280E-015,     1073P   3577
-8.,6.3,6.3,-8.,6.3,6.3,-8.,0.,6.3,-8.,-6.3,                        1073P   3578
-1.08377662313280E-015,-8.,-6.3,0.,3.1415926535898,0.,1.,0.;        1073P   3579
126,4,2,1,0,0,0,-3.1415926535898,-3.1415926535898,                  1075P   3580
-3.1415926535898,-1.5707963267949,-1.5707963267949,0.,0.,0.,1.,     1075P   3581
0.70710678118655,1.,0.70710678118655,1.,-2.62678062894900E-015,     1075P   3582
-8.,-6.3,-6.3,-8.,-6.3,-6.3,-8.,0.,-6.3,-8.,6.3,                    1075P   3583
-1.08377662313280E-015,-8.,6.3,-3.1415926535898,0.,0.,1.,0.;        1075P   3584
141,0,1,1065,2,1073,1,0,1075,1,0;                                   1077P   3585
143,0,1065,2,1071,1077;                                             1079P   3586
128,1,8,1,2,0,1,0,0,1,-0.046382189239332,-0.046382189239332,        1081P   3587
0.046382189239332,0.046382189239332,0.,0.,0.,13.546547522279,       1081P   3588
13.546547522279,27.093095044558,27.093095044558,                    1081P   3589
40.639642566838,40.639642566838,54.186190089117,                    1081P   3590
54.186190089117,54.186190089117,1.,1.,0.70710678118655,             1081P   3591
0.70710678118655,1.,1.,0.70710678118655,0.70710678118655,1.,1.,     1081P   3592
0.70710678118655,0.70710678118655,1.,1.,0.70710678118655,           1081P   3593
0.70710678118655,1.,1.,-2.90672564143279E-015,-7.2,-8.624,          1081P   3594
-3.05367840389148E-015,-8.,-8.624,-8.624,-7.2,-8.624,-8.624,        1081P   3595
-8.,-8.624,-8.624,-7.2,1.58415077930463E-015,-8.624,-8.,            1081P   3596
1.58415077930463E-015,-8.624,-7.2,8.624,-8.624,-8.,8.624,0.,        1081P   3597
-7.2,8.624,0.,-8.,8.624,8.624,-7.2,8.624,8.624,-8.,8.624,8.624,     1081P   3598
-7.2,-1.58415077930463E-015,8.624,-8.,-1.58415077930463E-015,       1081P   3599
8.624,-7.2,-8.624,8.624,-8.,-8.624,-2.90672564143279E-015,-7.2,     1081P   3600
-8.624,-3.05367840389148E-015,-8.,-8.624,-0.046382189239332,        1081P   3601
0.046382189239332,0.,54.186190089117;                               1081P   3602
126,1,1,0,0,1,0,-0.4,-0.4,0.4,0.4,1.,1.,-1.99757788435506E-015,     1083P   3603
-8.,8.624,-1.85062512189638E-015,-7.2,8.624,-0.4,0.4,0.,0.,1.;      1083P   3604
126,4,2,1,0,0,0,0.,0.,0.,1.5707963267949,1.5707963267949,           1085P   3605
3.1415926535898,3.1415926535898,3.1415926535898,1.,                 1085P   3606
0.70710678118655,1.,0.70710678118655,1.,0.,-7.2,8.624,-8.624,       1085P   3607
-7.2,8.624,-8.624,-7.2,1.05610051953642E-015,-8.624,-7.2,           1085P   3608
-8.624,-2.90672564143280E-015,-7.2,-8.624,0.,3.1415926535898,       1085P   3609
0.,-1.,0.;                                                          1085P   3610
126,1,1,0,0,1,0,-0.4,-0.4,0.4,0.4,1.,1.,0.,-7.2,-8.624,0.,-8.,      1087P   3611
-8.624,-0.4,0.4,0.,0.,1.;                                           1087P   3612
126,4,2,1,0,0,0,-3.1415926535898,-3.1415926535898,                  1089P   3613
-3.1415926535898,-1.5707963267949,-1.5707963267949,0.,0.,0.,1.,     1089P   3614
0.70710678118655,1.,0.70710678118655,1.,-3.05367840389148E-015,     1089P   3615
-8.,-8.624,-8.624,-8.,-8.624,-8.624,-8.,1.05610051953642E-015,      1089P   3616
-8.624,-8.,8.624,0.,-8.,8.624,-3.1415926535898,0.,0.,1.,0.;         1089P   3617
141,0,1,1081,4,1083,1,0,1085,1,0,1087,1,0,1089,1,0;                 1091P   3618
143,0,1081,1,1091;                                                  1093P   3619
128,1,1,1,1,0,0,1,0,0,0.,0.,17.6,17.6,0.,0.,17.6,17.6,1.,1.,1.,     1095P   3620
1.,-8.8,-7.2,8.8,-8.8,-7.2,-8.8,8.8,-7.2,8.8,8.8,-7.2,-8.8,0.,      1095P   3621
17.6,0.,17.6;                                                       1095P   3622
126,4,2,1,0,0,0,-3.1415926535898,-3.1415926535898,                  1097P   3623
-3.1415926535898,-1.5707963267949,-1.5707963267949,0.,0.,0.,1.,     1097P   3624
0.70710678118655,1.,0.70710678118655,1.,0.,-7.2,-8.8,8.8,-7.2,      1097P   3625
-8.8,8.8,-7.2,0.,8.8,-7.2,8.8,0.,-7.2,8.8,-3.1415926535898,0.,      1097P   3626
0.,-1.,0.;                                                          1097P   3627
126,4,2,1,0,0,0,0.,0.,0.,1.5707963267949,1.5707963267949,           1099P   3628
3.1415926535898,3.1415926535898,3.1415926535898,1.,                 1099P   3629
0.70710678118655,1.,0.70710678118655,1.,0.,-7.2,8.8,-8.8,-7.2,      1099P   3630
8.8,-8.8,-7.2,1.07765359136369E-015,-8.8,-7.2,-8.8,                 1099P   3631
-2.93905524917371E-015,-7.2,-8.8,0.,3.1415926535898,0.,-1.,0.;      1099P   3632
141,0,1,1095,2,1097,1,0,1099,1,0;                                   1101P   3633
126,4,2,1,0,0,0,0.,0.,0.,1.5707963267949,1.5707963267949,           1103P   3634
3.1415926535898,3.1415926535898,3.1415926535898,1.,                 1103P   3635
0.70710678118655,1.,0.70710678118655,1.,0.,-7.2,8.624,8.624,        1103P   3636
-7.2,8.624,8.624,-7.2,0.,8.624,-7.2,-8.624,0.,-7.2,-8.624,0.,       1103P   3637
3.1415926535898,0.,1.,0.;                                           1103P   3638
126,4,2,1,0,0,0,-3.1415926535898,-3.1415926535898,                  1105P   3639
-3.1415926535898,-1.5707963267949,-1.5707963267949,0.,0.,0.,1.,     1105P   3640
0.70710678118655,1.,0.70710678118655,1.,-2.90672564143280E-015,     1105P   3641
-7.2,-8.624,-8.624,-7.2,-8.624,-8.624,-7.2,                         1105P   3642
1.05610051953642E-015,-8.624,-7.2,8.624,0.,-7.2,8.624,              1105P   3643
-3.1415926535898,0.,0.,1.,0.;                                       1105P   3644
141,0,1,1095,2,1103,1,0,1105,1,0;                                   1107P   3645
143,0,1095,2,1101,1107;                                             1109P   3646
128,1,8,1,2,0,1,0,0,1,-0.063723808574849,-0.063723808574849,        1111P   3647
0.063723808574849,0.063723808574849,0.,0.,0.,13.823007675795,       1111P   3648
13.823007675795,27.64601535159,27.64601535159,41.469023027385,      1111P   3649
41.469023027385,55.29203070318,55.29203070318,55.29203070318,       1111P   3650
1.,1.,0.70710678118655,0.70710678118655,1.,1.,0.70710678118655,     1111P   3651
0.70710678118655,1.,1.,0.70710678118655,0.70710678118655,1.,1.,     1111P   3652
0.70710678118655,0.70710678118655,1.,1.,-2.73303867567553E-015,     1111P   3653
-6.0784609690827,-8.8,-2.93905524917371E-015,-7.2,-8.8,-8.8,        1111P   3654
-6.0784609690826,-8.8,-8.8,-7.2,-8.8,-8.8,-6.0784609690826,         1111P   3655
1.61648038704554E-015,-8.8,-7.2,1.61648038704554E-015,-8.8,         1111P   3656
-6.0784609690826,8.8,-8.8,-7.2,8.8,0.,-6.0784609690827,8.8,0.,      1111P   3657
-7.2,8.8,8.8,-6.0784609690827,8.8,8.8,-7.2,8.8,8.8,                 1111P   3658
-6.0784609690827,-1.61648038704554E-015,8.8,-7.2,                   1111P   3659
-1.61648038704554E-015,8.8,-6.0784609690827,-8.8,8.8,-7.2,-8.8,     1111P   3660
-2.73303867567553E-015,-6.0784609690827,-8.8,                       1111P   3661
-2.93905524917371E-015,-7.2,-8.8,-0.063723808574849,                1111P   3662
0.063723808574849,0.,55.29203070318;                                1111P   3663
126,1,1,0,0,1,0,-0.56076951545867,-0.56076951545867,                1113P   3664
0.56076951545867,0.56076951545867,1.,1.,-1.86140165781001E-015,     1113P   3665
-7.2,8.8,-1.65538508431184E-015,-6.0784609690827,8.8,               1113P   3666
-0.56076951545867,0.56076951545867,0.,0.,1.;                        1113P   3667
126,2,2,1,0,0,0,0.,0.,0.,0.57119866428905,0.57119866428905,         1115P   3668
0.57119866428905,1.,0.9594929736145,1.,0.,-6.0784609690827,8.8,     1115P   3669
-2.5839131378576,-6.0784609690827,8.8,-4.7576391936093,             1115P   3670
-6.0784609690827,7.4030310889144,0.,0.57119866428905,0.,-1.,0.;     1115P   3671
126,2,2,1,0,0,0,0.57119866428905,0.57119866428905,                  1117P   3672
0.57119866428905,0.85888132976691,0.85888132976691,                 1117P   3673
0.85888132976691,1.,0.9896726602721,1.,-4.7576391936093,            1117P   3674
-6.0784609690827,7.4030310889144,-5.8299064599865,                  1117P   3675
-6.0784609690827,6.7139267597188,-6.6625875930427,                  1117P   3676
-6.0784609690827,5.7489065538616,0.57119866428905,                  1117P   3677
0.85888132976691,0.,-1.,0.;                                         1117P   3678
126,2,2,1,0,0,0,0.85888132976691,0.85888132976691,                  1119P   3679
0.85888132976691,1.1423973285781,1.1423973285781,                   1119P   3680
1.1423973285781,1.,0.98996914946488,1.,-6.6625875930427,            1119P   3681
-6.0784609690827,5.7489065538616,-7.4830442441378,                  1119P   3682
-6.0784609690827,4.7980536824502,-8.0047615591198,                  1119P   3683
-6.0784609690827,3.6556521144166,0.85888132976691,                  1119P   3684
1.1423973285781,1.91409595617611E-015,-1.,                          1119P   3685
-1.65160437045084E-015;                                             1119P   3686
126,2,2,1,0,0,0,1.1423973285781,1.1423973285781,                    1121P   3687
1.1423973285781,1.7135959928672,1.7135959928672,                    1121P   3688
1.7135959928672,1.,0.9594929736145,1.,-8.0047615591198,             1121P   3689
-6.0784609690827,3.6556521144166,-9.0781578688786,                  1121P   3690
-6.0784609690827,1.3052420510044,-8.7104286885522,                  1121P   3691
-6.0784609690827,-1.2523705768049,1.1423973285781,                  1121P   3692
1.7135959928672,0.,-1.,0.;                                          1121P   3693
126,2,2,1,0,0,0,1.7135959928672,1.7135959928672,                    1123P   3694
1.7135959928672,2.2847946571562,2.2847946571562,                    1123P   3695
2.2847946571562,1.,0.9594929736145,1.,-8.7104286885522,             1123P   3696
-6.0784609690827,-1.2523705768049,-8.3426995082258,                 1123P   3697
-6.0784609690827,-3.8099832046142,-6.6505962543175,                 1123P   3698
-6.0784609690827,-5.7627744587185,1.7135959928672,                  1123P   3699
2.2847946571562,0.,-1.,0.;                                          1123P   3700
126,2,2,1,0,0,0,2.2847946571562,2.2847946571562,                    1125P   3701
2.2847946571562,2.8559933214453,2.8559933214453,                    1125P   3702
2.8559933214453,1.,0.95949297361449,1.,-6.6505962543175,            1125P   3703
-6.0784609690827,-5.7627744587185,-4.9584930004092,                 1125P   3704
-6.0784609690827,-7.7155657128228,-2.4792465002046,                 1125P   3705
-6.0784609690827,-8.4435381678076,2.2847946571562,                  1125P   3706
2.8559933214453,0.,-1.,0.;                                          1125P   3707
126,2,2,1,0,0,0,-3.4271919857343,-3.4271919857343,                  1127P   3708
-3.4271919857343,-3.1415926535898,-3.1415926535898,                 1127P   3709
-3.1415926535898,1.,0.98982144188092,1.,-2.4792465002046,           1127P   3710
-6.0784609690827,-8.4435381678076,-1.2652489871558,                 1127P   3711
-6.0784609690827,-8.8,0.,-6.0784609690827,-8.8,                     1127P   3712
-3.4271919857343,-3.1415926535898,0.,-1.,                           1127P   3713
-2.39072146315589E-015;                                             1127P   3714
126,1,1,0,0,1,0,-0.56076951545867,-0.56076951545867,                1129P   3715
0.56076951545867,0.56076951545867,1.,1.,0.,-6.0784609690827,        1129P   3716
-8.8,0.,-7.2,-8.8,-0.56076951545867,0.56076951545867,0.,0.,1.;      1129P   3717
126,4,2,1,0,0,0,-3.1415926535898,-3.1415926535898,                  1131P   3718
-3.1415926535898,-1.5707963267949,-1.5707963267949,0.,0.,0.,1.,     1131P   3719
0.70710678118655,1.,0.70710678118655,1.,-2.93905524917371E-015,     1131P   3720
-7.2,-8.8,-8.8,-7.2,-8.8,-8.8,-7.2,1.07765359136369E-015,-8.8,      1131P   3721
-7.2,8.8,0.,-7.2,8.8,-3.1415926535898,0.,0.,1.,0.;                  1131P   3722
141,0,1,1111,10,1113,1,0,1115,1,0,1117,1,0,1119,1,0,1121,1,0,       1133P   3723
1123,1,0,1125,1,0,1127,1,0,1129,1,0,1131,1,0;                       1133P   3724
143,0,1111,1,1133;                                                  1135P   3725
128,4,2,2,2,0,0,0,0,0,-3.1415926535898,-3.1415926535898,            1137P   3726
-3.1415926535898,-1.5707963267949,-1.5707963267949,0.,0.,0.,0.,     1137P   3727
0.,0.,0.68842532082655,0.68842532082655,0.68842532082655,1.,        1137P   3728
0.70710678118655,1.,0.70710678118655,1.,0.94134143652307,           1137P   3729
0.66562891317735,0.94134143652307,0.66562891317735,                 1137P   3730
0.94134143652307,1.,0.70710678118655,1.,0.70710678118655,1.,        1137P   3731
3.6881938684817,-4.,6.6450903672181,3.6881938684817,-6.4,           1137P   3732
6.6450903672181,4.8528866690548,-6.4,8.7435399568659,               1137P   3733
6.017579469628,-6.4,10.841989546514,6.017579469628,-4.,             1137P   3734
10.841989546514,6.0703509119224,-4.,5.3229327266356,                1137P   3735
6.0703509119224,-6.4,5.3229327266355,7.9873038314769,-6.4,          1137P   3736
7.0038588508363,9.9042567510313,-6.4,8.684784975037,                1137P   3737
9.9042567510313,-4.,8.684784975037,7.0699697536605,-4.,             1137P   3738
2.7884633191644,7.0699697536605,-6.4,2.7884633191644,               1137P   3739
9.3025917811323,-6.4,3.669030683111,11.535213808604,-6.4,           1137P   3740
4.5495980470577,11.535213808604,-4.,4.5495980470577,                1137P   3741
-3.1415926535898,0.,0.,0.68842532082655;                            1137P   3742
126,2,2,1,0,0,0,-1.1423973285781,-1.1423973285781,                  1139P   3743
-1.1423973285781,-0.57119866428906,-0.57119866428906,               1139P   3744
-0.57119866428906,1.,0.9594929736145,1.,6.9132031646943,-4.,        1139P   3745
3.1571540988143,5.9861790789935,-4.,5.1870536990339,                1139P   3746
4.1088702126626,-4.,6.393526849517,-1.1423973285781,                1139P   3747
-0.57119866428906,0.,-1.,0.;                                        1139P   3748
126,2,2,1,0,0,0,-3.1415926535898,-3.1415926535898,                  1141P   3749
-3.1415926535898,-2.0943951023932,-2.0943951023932,                 1141P   3750
-2.0943951023932,1.,0.86602540378444,1.,4.1088702126626,-4.,        1141P   3751
6.393526849517,4.1088702126626,-5.3856406460551,6.393526849517,     1141P   3752
4.7576391936093,-6.0784609690827,7.4030310889144,                   1141P   3753
-3.1415926535898,-2.0943951023932,-0.84125353283118,0.,             1141P   3754
0.5406408174556;                                                    1141P   3755
126,2,2,1,0,0,0,0.57119866428906,0.57119866428906,                  1143P   3756
0.57119866428906,1.1423973285781,1.1423973285781,                   1143P   3757
1.1423973285781,1.,0.9594929736145,1.,4.7576391936093,              1143P   3758
-6.0784609690827,7.4030310889144,6.9313652493609,                   1143P   3759
-6.0784609690827,6.0060621778288,8.0047615591198,                   1143P   3760
-6.0784609690827,3.6556521144166,0.57119866428906,                  1143P   3761
1.1423973285781,0.,1.,0.;                                           1143P   3762
126,2,2,1,0,0,0,2.0943951023932,2.0943951023932,                    1145P   3763
2.0943951023932,3.1415926535898,3.1415926535898,                    1145P   3764
3.1415926535898,1.,0.86602540378444,1.,8.0047615591198,             1145P   3765
-6.0784609690827,3.6556521144166,6.9132031646943,                   1145P   3766
-5.3856406460551,3.1571540988143,6.9132031646943,-4.,               1145P   3767
3.1571540988143,2.0943951023932,3.1415926535898,                    1145P   3768
0.41541501300188,0.,-0.90963199535452;                              1145P   3769
141,0,1,1137,4,1139,1,0,1141,1,0,1143,1,0,1145,1,0;                 1147P   3770
143,0,1137,1,1147;                                                  1149P   3771
128,1,8,1,2,0,1,0,0,1,-0.045454545454546,-0.045454545454546,        1151P   3772
0.17290216260424,0.17290216260424,0.,0.,0.,13.823007675795,         1151P   3773
13.823007675795,27.64601535159,27.64601535159,41.469023027385,      1151P   3774
41.469023027385,55.29203070318,55.29203070318,55.29203070318,       1151P   3775
1.,1.,0.70710678118655,0.70710678118655,1.,1.,0.70710678118655,     1151P   3776
0.70710678118655,1.,1.,0.70710678118655,0.70710678118655,1.,1.,     1151P   3777
0.70710678118655,0.70710678118655,1.,1.,-1.61648038704554E-015,     1151P   3778
1.05471187339390E-015,-8.8,-1.96944972300240E-015,                  1151P   3779
-1.9215390309173,-8.8,-8.8,2.67119226043944E-015,-8.8,-8.8,         1151P   3780
-1.9215390309173,-8.8,-8.8,2.67119226043944E-015,                   1151P   3781
1.61648038704554E-015,-8.8,-1.9215390309173,                        1151P   3782
1.61648038704554E-015,-8.8,2.67119226043944E-015,8.8,-8.8,          1151P   3783
-1.9215390309173,8.8,1.61648038704554E-015,                         1151P   3784
1.05471187339390E-015,8.8,1.26351105108868E-015,                    1151P   3785
-1.9215390309173,8.8,8.8,0.,8.8,8.8,-1.9215390309173,8.8,8.8,       1151P   3786
0.,-1.61648038704554E-015,8.8,-1.9215390309173,                     1151P   3787
-1.61648038704554E-015,8.8,0.,-8.8,8.8,-1.9215390309173,-8.8,       1151P   3788
-1.61648038704554E-015,1.05471187339390E-015,-8.8,                  1151P   3789
-1.96944972300240E-015,-1.9215390309173,-8.8,                       1151P   3790
-0.045454545454546,0.17290216260424,0.,55.29203070318;              1151P   3791
126,1,1,0,0,1,0,-1.5215390309173,-1.5215390309173,0.4,0.4,1.,       1153P   3792
1.,0.,-1.9215390309173,8.8,0.,0.,8.8,-1.5215390309173,0.4,0.,       1153P   3793
0.,1.;                                                              1153P   3794
126,4,2,1,0,0,0,0.,0.,0.,1.5707963267949,1.5707963267949,           1155P   3795
3.1415926535898,3.1415926535898,3.1415926535898,1.,                 1155P   3796
0.70710678118655,1.,0.70710678118655,1.,0.,0.,8.8,-8.8,             1155P   3797
1.07765359136369E-015,8.8,-8.8,1.07765359136369E-015,               1155P   3798
1.07765359136369E-015,-8.8,1.07765359136369E-015,-8.8,              1155P   3799
-1.61648038704554E-015,0.,-8.8,0.,3.1415926535898,0.,-1.,0.;        1155P   3800
126,1,1,0,0,1,0,-0.4,-0.4,1.5215390309173,1.5215390309173,1.,       1157P   3801
1.,0.,0.,-8.8,0.,-1.9215390309173,-8.8,-0.4,1.5215390309173,0.,     1157P   3802
0.,1.;                                                              1157P   3803
126,2,2,1,0,0,0,3.1415926535898,3.1415926535898,                    1159P   3804
3.1415926535898,3.4271919857343,3.4271919857343,                    1159P   3805
3.4271919857343,1.,0.98982144188092,1.,0.,-1.9215390309173,         1159P   3806
-8.8,-1.2652489871558,-1.9215390309173,-8.8,-2.4792465002046,       1159P   3807
-1.9215390309173,-8.4435381678076,3.1415926535898,                  1159P   3808
3.4271919857343,0.,1.,0.;                                           1159P   3809
126,2,2,1,0,0,0,-2.8559933214453,-2.8559933214453,                  1161P   3810
-2.8559933214453,-2.2847946571562,-2.2847946571562,                 1161P   3811
-2.2847946571562,1.,0.95949297361449,1.,-2.4792465002046,           1161P   3812
-1.9215390309173,-8.4435381678076,-4.9584930004092,                 1161P   3813
-1.9215390309173,-7.7155657128228,-6.6505962543175,                 1161P   3814
-1.9215390309173,-5.7627744587185,-2.8559933214453,                 1161P   3815
-2.2847946571562,0.,1.,0.;                                          1161P   3816
126,2,2,1,0,0,0,-2.2847946571562,-2.2847946571562,                  1163P   3817
-2.2847946571562,-1.7135959928672,-1.7135959928672,                 1163P   3818
-1.7135959928672,1.,0.9594929736145,1.,-6.6505962543175,            1163P   3819
-1.9215390309173,-5.7627744587185,-8.3426995082258,                 1163P   3820
-1.9215390309173,-3.8099832046142,-8.7104286885522,                 1163P   3821
-1.9215390309173,-1.2523705768049,-2.2847946571562,                 1163P   3822
-1.7135959928672,0.,1.,0.;                                          1163P   3823
126,2,2,1,0,0,0,-1.7135959928672,-1.7135959928672,                  1165P   3824
-1.7135959928672,-1.1423973285781,-1.1423973285781,                 1165P   3825
-1.1423973285781,1.,0.95949297361449,1.,-8.7104286885522,           1165P   3826
-1.9215390309173,-1.2523705768049,-9.0781578688786,                 1165P   3827
-1.9215390309173,1.3052420510044,-8.0047615591198,                  1165P   3828
-1.9215390309173,3.6556521144166,-1.7135959928672,                  1165P   3829
-1.1423973285781,0.,1.,0.;                                          1165P   3830
126,2,2,1,0,0,0,-1.1423973285781,-1.1423973285781,                  1167P   3831
-1.1423973285781,-0.85888132976691,-0.85888132976691,               1167P   3832
-0.85888132976691,1.,0.98996914946489,1.,-8.0047615591198,          1167P   3833
-1.9215390309173,3.6556521144166,-7.4830442441378,                  1167P   3834
-1.9215390309173,4.7980536824502,-6.6625875930427,                  1167P   3835
-1.9215390309173,5.7489065538616,-1.1423973285781,                  1167P   3836
-0.85888132976691,0.,1.,0.;                                         1167P   3837
126,2,2,1,0,0,0,-0.85888132976691,-0.85888132976691,                1169P   3838
-0.85888132976691,-0.57119866428905,-0.57119866428905,              1169P   3839
-0.57119866428905,1.,0.98967266027209,1.,-6.6625875930427,          1169P   3840
-1.9215390309173,5.7489065538616,-5.8299064599865,                  1169P   3841
-1.9215390309173,6.7139267597188,-4.7576391936093,                  1169P   3842
-1.9215390309173,7.4030310889144,-0.85888132976691,                 1169P   3843
-0.57119866428905,0.,1.,0.;                                         1169P   3844
126,2,2,1,0,0,0,-0.57119866428905,-0.57119866428905,                1171P   3845
-0.57119866428905,0.,0.,0.,1.,0.9594929736145,1.,                   1171P   3846
-4.7576391936093,-1.9215390309173,7.4030310889144,                  1171P   3847
-2.5839131378576,-1.9215390309173,8.8,0.,-1.9215390309173,8.8,      1171P   3848
-0.57119866428905,0.,0.,1.,0.;                                      1171P   3849
141,0,1,1151,10,1153,1,0,1155,1,0,1157,1,0,1159,1,0,1161,1,0,       1173P   3850
1163,1,0,1165,1,0,1167,1,0,1169,1,0,1171,1,0;                       1173P   3851
143,0,1151,1,1173;                                                  1175P   3852
128,1,1,1,1,0,0,1,0,0,0.,0.,17.6,17.6,0.,0.,17.6,17.6,1.,1.,1.,     1177P   3853
1.,-8.8,1.30726728270539E-015,-8.8,-8.8,1.30726728270539E-015,      1177P   3854
8.8,8.8,-1.92569349138569E-015,-8.8,8.8,-1.92569349138569E-015,     1177P   3855
8.8,0.,17.6,0.,17.6;                                                1177P   3856
126,4,2,1,0,0,0,-3.1415926535898,-3.1415926535898,                  1179P   3857
-3.1415926535898,-1.5707963267949,-1.5707963267949,0.,0.,0.,1.,     1179P   3858
0.70710678118655,1.,0.70710678118655,1.,0.,0.,-6.3,6.3,             1179P   3859
-1.23685241736060E-015,-6.3,6.3,-1.23685241736060E-015,0.,6.3,      1179P   3860
-1.23685241736060E-015,6.3,0.,0.,6.3,-3.1415926535898,0.,0.,        1179P   3861
-1.,0.;                                                             1179P   3862
126,4,2,1,0,0,0,0.,0.,0.,1.5707963267949,1.5707963267949,           1181P   3863
3.1415926535898,3.1415926535898,3.1415926535898,1.,                 1181P   3864
0.70710678118655,1.,0.70710678118655,1.,0.,0.,6.3,-6.3,             1181P   3865
1.07765359136369E-015,6.3,-6.3,1.07765359136369E-015,0.,-6.3,       1181P   3866
1.07765359136369E-015,-6.3,-1.15725300436215E-015,0.,-6.3,0.,       1181P   3867
3.1415926535898,0.,-1.,0.;                                          1181P   3868
141,0,1,1177,2,1179,1,0,1181,1,0;                                   1183P   3869
126,4,2,1,0,0,0,0.,0.,0.,1.5707963267949,1.5707963267949,           1185P   3870
3.1415926535898,3.1415926535898,3.1415926535898,1.,                 1185P   3871
0.70710678118655,1.,0.70710678118655,1.,0.,0.,8.8,8.8,              1185P   3872
-2.15530718272738E-015,8.8,8.8,-2.15530718272738E-015,0.,8.8,       1185P   3873
-2.15530718272738E-015,-8.8,0.,0.,-8.8,0.,3.1415926535898,0.,       1185P   3874
1.,0.;                                                              1185P   3875
126,4,2,1,0,0,0,-3.1415926535898,-3.1415926535898,                  1187P   3876
-3.1415926535898,-1.5707963267949,-1.5707963267949,0.,0.,0.,1.,     1187P   3877
0.70710678118655,1.,0.70710678118655,1.,-1.61648038704554E-015,     1187P   3878
0.,-8.8,-8.8,1.07765359136369E-015,-8.8,-8.8,                       1187P   3879
1.07765359136369E-015,1.07765359136369E-015,-8.8,                   1187P   3880
1.07765359136369E-015,8.8,0.,0.,8.8,-3.1415926535898,0.,0.,1.,      1187P   3881
0.;                                                                 1187P   3882
141,0,1,1177,2,1185,1,0,1187,1,0;                                   1189P   3883
143,0,1177,2,1183,1189;                                             1191P   3884
128,4,2,2,2,0,0,0,0,0,-3.1415926535898,-3.1415926535898,            1193P   3885
-3.1415926535898,-1.5707963267949,-1.5707963267949,0.,0.,0.,0.,     1193P   3886
0.,0.,0.65363590087519,0.65363590087519,0.65363590087519,1.,        1193P   3887
0.70710678118655,1.,0.70710678118655,1.,0.94706867322182,           1193P   3888
0.6696786810845,0.94706867322182,0.6696786810845,                   1193P   3889
0.94706867322182,1.,0.70710678118655,1.,0.70710678118655,1.,        1193P   3890
-7.025759609786,-4.,2.8980513980086,-7.025759609786,-6.4,           1193P   3891
2.8980513980086,-9.2444205391921,-6.4,3.8132255236956,              1193P   3892
-11.463081468598,-6.4,4.7283996493825,-11.463081468598,-4.,         1193P   3893
4.7283996493825,-6.0433974236123,-4.,5.2795966578832,               1193P   3894
-6.0433974236123,-6.4,5.2795966578832,-7.9518387152793,-6.4,        1193P   3895
6.946837707741,-9.8602800069464,-6.4,8.6140787575988,               1193P   3896
-9.8602800069464,-4.,8.6140787575988,-3.8153589414982,-4.,          1193P   3897
6.572901653572,-3.8153589414982,-6.4,6.572901653572,                1193P   3898
-5.0202091335503,-6.4,8.6485548073316,-6.2250593256024,-6.4,        1193P   3899
10.724207961091,-6.2250593256024,-4.,10.724207961091,               1193P   3900
-3.1415926535898,0.,0.,0.65363590087519;                            1193P   3901
126,2,2,1,0,0,0,-1.1423973285781,-1.1423973285781,                  1195P   3902
-1.1423973285781,-0.57119866428905,-0.57119866428905,               1195P   3903
-0.57119866428905,1.,0.9594929736145,1.,-11.279436742396,-4.,       1195P   3904
5.1511461612234,-9.7669237604631,-4.,8.4630876142133,               1195P   3905
-6.7039461364494,-4.,10.431543807107,-1.1423973285781,              1195P   3906
-0.57119866428905,0.,1.,0.;                                         1195P   3907
126,2,2,1,0,0,0,2.13471970550823E-015,2.13471970550823E-015,        1197P   3908
2.13471970550823E-015,1.0471975511966,1.0471975511966,              1197P   3909
1.0471975511966,1.,0.86602540378444,1.,-6.7039461364494,-4.,        1197P   3910
10.431543807107,-6.7039461364494,-5.3856406460551,                  1197P   3911
10.431543807107,-6.0551771555027,-6.0784609690827,                  1197P   3912
9.4220395677092,2.13471970550823E-015,1.0471975511966,              1197P   3913
0.84125353283118,0.,0.5406408174556;                                1197P   3914
126,2,2,1,0,0,0,0.57119866428905,0.57119866428905,                  1199P   3915
0.57119866428905,1.1423973285781,1.1423973285781,                   1199P   3916
1.1423973285781,1.,0.95949297361451,1.,-6.0551771555027,            1199P   3917
-6.0784609690827,9.4220395677092,-8.8217375900957,                  1199P   3918
-6.0784609690827,7.6440791354185,-10.187878347971,                  1199P   3919
-6.0784609690827,4.6526481456211,0.57119866428905,                  1199P   3920
1.1423973285781,0.,-1.,0.;                                          1199P   3921
126,2,2,1,0,0,0,-1.0471975511966,-1.0471975511966,                  1201P   3922
-1.0471975511966,-2.20250004665214E-015,-2.20250004665214E-015,     1201P   3923
-2.20250004665214E-015,1.,0.86602540378444,1.,-10.187878347971,     1201P   3924
-6.0784609690827,4.6526481456211,-11.279436742396,                  1201P   3925
-5.3856406460551,5.1511461612234,-11.279436742396,-4.,              1201P   3926
5.1511461612234,-1.0471975511966,-2.20250004665214E-015,            1201P   3927
-0.41541501300189,0.,-0.90963199535452;                             1201P   3928
141,0,1,1193,4,1195,1,0,1197,1,0,1199,1,0,1201,1,0;                 1203P   3929
143,0,1193,1,1203;                                                  1205P   3930
128,2,2,2,2,0,0,0,0,0,-1.0471975511966,-1.0471975511966,            1207P   3931
-1.0471975511966,0.,0.,0.,0.,0.,0.,0.34087681399525,                1207P   3932
0.34087681399525,0.34087681399525,1.,0.86602540378443,1.,           1207P   3933
0.98551050147119,0.85347712997039,0.98551050147119,1.,              1207P   3934
0.86602540378443,1.,-11.109439880056,-6.0784609690827,              1207P   3935
1.4213885997191,-12.299737010062,-5.3856406460551,                  1207P   3936
1.5736802354033,-12.299737010062,-4.,1.5736802354033,               1207P   3937
-10.864807273248,-6.0784609690827,3.3334140926582,                  1207P   3938
-12.028893766811,-5.3856406460551,3.6905656025859,                  1207P   3939
-12.028893766811,-4.,3.6905656025859,-9.9950342666943,              1207P   3940
-6.0784609690827,5.0536412622589,-11.065930795269,                  1207P   3941
-5.3856406460551,5.5951028260724,-11.065930795269,-4.,              1207P   3942
5.5951028260724,-1.0471975511966,0.,0.,0.34087681399525;            1207P   3943
126,2,2,1,0,0,0,-1.430079994056,-1.430079994056,                    1209P   3944
-1.430079994056,-1.1423973285781,-1.1423973285781,                  1209P   3945
-1.1423973285781,1.,0.98967266027211,1.,-12.277435707509,-4.,       1209P   3946
1.7391297961859,-12.02553727158,-4.,3.5174138890254,                1209P   3947
-11.279436742396,-4.,5.1511461612234,-1.430079994056,               1209P   3948
-1.1423973285781,1.72569651937497E-015,1.,0.;                       1209P   3949
126,2,2,1,0,0,0,2.20250004665214E-015,2.20250004665214E-015,        1211P   3950
2.20250004665214E-015,1.0471975511966,1.0471975511966,              1211P   3951
1.0471975511966,1.,0.86602540378444,1.,-11.279436742396,-4.,        1211P   3952
5.1511461612234,-11.279436742396,-5.3856406460551,                  1211P   3953
5.1511461612234,-10.187878347971,-6.0784609690827,                  1211P   3954
4.6526481456211,2.20250004665214E-015,1.0471975511966,              1211P   3955
0.41541501300189,0.,0.90963199535452;                               1211P   3956
126,2,2,1,0,0,0,1.1423973285781,1.1423973285781,                    1213P   3957
1.1423973285781,1.430079994056,1.430079994056,1.430079994056,       1213P   3958
1.,0.98967266027209,1.,-10.187878347971,-6.0784609690827,           1213P   3959
4.6526481456211,-10.861775600137,-6.0784609690827,                  1213P   3960
3.1770189965391,-11.089296768073,-6.0784609690827,                  1213P   3961
1.570826912684,1.1423973285781,1.430079994056,0.,-1.,0.;            1213P   3962
126,2,2,1,0,0,0,-1.0471975511966,-1.0471975511966,                  1215P   3963
-1.0471975511966,0.,0.,0.,1.,0.86602540378444,1.,                   1215P   3964
-11.089296768073,-6.0784609690827,1.570826912684,                   1215P   3965
-12.277435707509,-5.3856406460551,1.7391297961859,                  1215P   3966
-12.277435707509,-4.,1.7391297961859,-1.0471975511966,0.,           1215P   3967
-0.14025240291821,0.,-0.99011578286363;                             1215P   3968
141,0,1,1207,4,1209,1,0,1211,1,0,1213,1,0,1215,1,0;                 1217P   3969
143,0,1207,1,1217;                                                  1219P   3970
128,4,2,2,2,0,0,0,0,0,-3.1415926535898,-3.1415926535898,            1221P   3971
-3.1415926535898,-1.5707963267949,-1.5707963267949,0.,0.,0.,0.,     1221P   3972
0.,0.,0.63551020441984,0.63551020441984,0.63551020441984,1.,        1221P   3973
0.70710678118655,1.,0.70710678118655,1.,0.94993919539976,           1221P   3974
0.67170844678206,0.94993919539976,0.67170844678206,                 1221P   3975
0.94993919539976,1.,0.70710678118655,1.,0.70710678118655,1.,        1221P   3976
-5.4843386401565,-4.,-5.2613714637998,-5.4843386401565,-6.4,        1221P   3977
-5.2613714637998,-7.2162350528374,-6.4,-6.9228571892103,            1221P   3978
-8.9481314655184,-6.4,-8.5843429146207,-8.9481314655184,-4.,        1221P   3979
-8.5843429146207,-7.2148027835963,-4.,-3.4575734555105,             1221P   3980
-7.2148027835963,-6.4,-3.4575734555105,-9.4931615573636,-6.4,       1221P   3981
-4.5494387572506,-11.771520331131,-6.4,-5.6413040589907,            1221P   3982
-11.771520331131,-4.,-5.6413040589907,-7.5367134034276,-4.,         1221P   3983
-0.97874975075059,-7.5367134034276,-6.4,-0.97874975075059,          1221P   3984
-9.9167281624048,-6.4,-1.2878286194087,-12.296742921382,-6.4,       1221P   3985
-1.5969074880668,-12.296742921382,-4.,-1.5969074880668,             1221P   3986
-3.1415926535898,0.,0.,0.63551020441984;                            1221P   3987
126,2,2,1,0,0,0,-2.2847946571562,-2.2847946571562,                  1223P   3988
-2.2847946571562,-1.7135959928672,-1.7135959928672,                 1223P   3989
-1.7135959928672,1.,0.95949297361451,1.,-9.3712947219928,-4.,       1223P   3990
-8.1202731009215,-11.755622034318,-4.,-5.368612697411,              1223P   3991
-12.273785879324,-4.,-1.7647039945887,-2.2847946571562,             1223P   3992
-1.7135959928672,0.,1.,0.;                                          1223P   3993
126,2,2,1,0,0,0,2.03219295174015E-015,2.03219295174015E-015,        1225P   3994
2.03219295174015E-015,1.0471975511966,1.0471975511966,              1225P   3995
1.0471975511966,1.,0.86602540378443,1.,-12.273785879324,-4.,        1225P   3996
-1.7647039945887,-12.273785879324,-5.3856406460551,                 1225P   3997
-1.7647039945887,-11.086000149066,-6.0784609690827,                 1225P   3998
-1.5939261886608,2.03219295174015E-015,1.0471975511966,             1225P   3999
-0.14231483827328,0.,0.98982144188093;                              1225P   4000
126,2,2,1,0,0,0,1.7135959928672,1.7135959928672,                    1227P   4001
1.7135959928672,2.2847946571562,2.2847946571562,                    1227P   4002
2.2847946571562,1.,0.9594929736145,1.,-11.086000149066,             1227P   4003
-6.0784609690827,-1.5939261886608,-10.617981192287,                 1227P   4004
-6.0784609690827,-4.8490695331454,-8.4643952327677,                 1227P   4005
-6.0784609690827,-7.3344402201872,1.7135959928672,                  1227P   4006
2.2847946571562,0.,-1.,0.;                                          1227P   4007
126,2,2,1,0,0,0,-1.0471975511966,-1.0471975511966,                  1229P   4008
-1.0471975511966,-1.98919606730651E-015,-1.98919606730651E-015,     1229P   4009
-1.98919606730651E-015,1.,0.86602540378444,1.,-8.4643952327677,     1229P   4010
-6.0784609690827,-7.3344402201872,-9.3712947219928,                 1229P   4011
-5.3856406460551,-8.1202731009215,-9.3712947219928,-4.,             1229P   4012
-8.1202731009215,-1.0471975511966,-1.98919606730651E-015,           1229P   4013
0.65486073394528,0.,-0.75574957435426;                              1229P   4014
141,0,1,1221,4,1223,1,0,1225,1,0,1227,1,0,1229,1,0;                 1231P   4015
143,0,1221,1,1231;                                                  1233P   4016
128,4,2,2,2,0,0,0,0,0,-3.1415926535898,-3.1415926535898,            1235P   4017
-3.1415926535898,-1.5707963267949,-1.5707963267949,0.,0.,0.,0.,     1235P   4018
0.,0.,0.64748188766666,0.64748188766666,0.64748188766666,1.,        1235P   4019
0.70710678118655,1.,0.70710678118655,1.,0.94805200288601,           1235P   4020
0.67037400015818,0.94805200288601,0.67037400015818,                 1235P   4021
0.94805200288601,1.,0.70710678118655,1.,0.70710678118655,1.,        1235P   4022
-1.9482510595699,-4.,-7.3460409615578,-1.9482510595699,-6.4,        1235P   4023
-7.3460409615578,-2.5634882362762,-6.4,-9.6658433704708,            1235P   4024
-3.1787254129825,-6.4,-11.985645779384,-3.1787254129825,-4.,        1235P   4025
-11.985645779384,-4.4131882788897,-4.,-6.6923124328926,             1235P   4026
-4.4131882788897,-6.4,-6.6923124328926,-5.8068266827496,-6.4,       1235P   4027
-8.8056742538061,-7.2004650866096,-6.4,-10.91903607472,             1235P   4028
-7.2004650866096,-4.,-10.91903607472,-5.9849191406963,-4.,          1235P   4029
-4.6840946701926,-5.9849191406963,-6.4,-4.6840946701926,            1235P   4030
-7.8748936061793,-6.4,-6.1632824607798,-9.7648680716624,-6.4,       1235P   4031
-7.642470251367,-9.7648680716624,-4.,-7.642470251367,               1235P   4032
-3.1415926535898,0.,0.,0.64748188766666;                            1235P   4033
126,2,2,1,0,0,0,-2.8559933214453,-2.8559933214453,                  1237P   4034
-2.8559933214453,-2.2847946571562,-2.2847946571562,                 1237P   4035
-2.2847946571562,1.,0.9594929736145,1.,-3.4934837048337,-4.,        1237P   4036
-11.89771287282,-6.9869674096675,-4.,-10.871933504432,              1237P   4037
-9.3712947219928,-4.,-8.1202731009215,-2.8559933214453,             1237P   4038
-2.2847946571562,0.,1.,0.;                                          1237P   4039
126,2,2,1,0,0,0,1.98919606730651E-015,1.98919606730651E-015,        1239P   4040
1.98919606730651E-015,1.0471975511966,1.0471975511966,              1239P   4041
1.0471975511966,1.,0.86602540378444,1.,-9.3712947219928,-4.,        1239P   4042
-8.1202731009215,-9.3712947219928,-5.3856406460551,                 1239P   4043
-8.1202731009215,-8.4643952327677,-6.0784609690827,                 1239P   4044
-7.3344402201872,1.98919606730651E-015,1.0471975511966,             1239P   4045
-0.65486073394528,0.,0.75574957435426;                              1239P   4046
126,2,2,1,0,0,0,2.2847946571562,2.2847946571562,                    1241P   4047
2.2847946571562,2.8559933214453,2.8559933214453,                    1241P   4048
2.8559933214453,1.,0.9594929736145,1.,-8.4643952327677,             1241P   4049
-6.0784609690827,-7.3344402201872,-6.310809273248,                  1241P   4050
-6.0784609690827,-9.819810907229,-3.155404636624,                   1241P   4051
-6.0784609690827,-10.746321304482,2.2847946571562,                  1241P   4052
2.8559933214453,0.,-1.,0.;                                          1241P   4053
126,2,2,1,0,0,0,-1.0471975511966,-1.0471975511966,                  1243P   4054
-1.0471975511966,-1.90212342958659E-015,-1.90212342958659E-015,     1243P   4055
-1.90212342958659E-015,1.,0.86602540378444,1.,-3.155404636624,      1243P   4056
-6.0784609690827,-10.746321304482,-3.4934837048337,                 1243P   4057
-5.3856406460551,-11.89771287282,-3.4934837048337,-4.,              1243P   4058
-11.89771287282,-1.0471975511966,-1.90212342958659E-015,            1243P   4059
0.9594929736145,0.,-0.28173255684143;                               1243P   4060
141,0,1,1235,4,1237,1,0,1239,1,0,1241,1,0,1243,1,0;                 1245P   4061
143,0,1235,1,1245;                                                  1247P   4062
128,2,2,2,2,0,0,0,0,0,-1.0471975511966,-1.0471975511966,            1249P   4063
-1.0471975511966,0.,0.,0.,0.,0.,0.,0.6286202203306,                 1249P   4064
0.6286202203306,0.6286202203306,1.,0.86602540378444,1.,             1249P   4065
0.95100989186642,0.82359872560661,0.95100989186642,1.,              1249P   4066
0.86602540378444,1.,3.4625970713006,-6.0784609690827,               1249P   4067
-10.651310788904,3.8335896146542,-5.3856406460551,                  1249P   4068
-11.792522659144,3.8335896146542,-4.,-11.792522659144,              1249P   4069
-1.15463194561016E-014,-6.0784609690827,-11.77695426282,            1249P   4070
-1.28785870856518E-014,-5.3856406460551,-13.038770790979,           1249P   4071
-1.24344978758018E-014,-4.,-13.038770790979,-3.4625970713006,       1249P   4072
-6.0784609690827,-10.651310788904,-3.8335896146542,                 1249P   4073
-5.3856406460551,-11.792522659144,-3.8335896146542,-4.,             1249P   4074
-11.792522659144,-1.0471975511966,0.,0.,0.6286202203306;            1249P   4075
126,2,2,1,0,0,0,2.8559933214453,2.8559933214453,                    1251P   4076
2.8559933214453,3.4271919857343,3.4271919857343,                    1251P   4077
3.4271919857343,1.,0.95949297361449,1.,3.4934837048337,-4.,         1251P   4078
-11.89771287282,-1.26565424807268E-014,-4.,-12.923492241207,        1251P   4079
-3.4934837048337,-4.,-11.89771287282,2.8559933214453,               1251P   4080
3.4271919857343,0.,1.,0.;                                           1251P   4081
126,2,2,1,0,0,0,1.90212342958659E-015,1.90212342958659E-015,        1253P   4082
1.90212342958659E-015,1.0471975511966,1.0471975511966,              1253P   4083
1.0471975511966,1.,0.86602540378444,1.,-3.4934837048337,-4.,        1253P   4084
-11.89771287282,-3.4934837048337,-5.3856406460551,                  1253P   4085
-11.89771287282,-3.155404636624,-6.0784609690827,                   1253P   4086
-10.746321304482,1.90212342958659E-015,1.0471975511966,             1253P   4087
-0.9594929736145,0.,0.28173255684143;                               1253P   4088
126,2,2,1,0,0,0,-3.4271919857343,-3.4271919857343,                  1255P   4089
-3.4271919857343,-3.1415926535898,-3.1415926535898,                 1255P   4090
-3.1415926535898,1.,0.98982144188092,1.,-3.155404636624,            1255P   4091
-6.0784609690827,-10.746321304482,-1.6103168927437,                 1255P   4092
-6.0784609690827,-11.2,0.,-6.0784609690827,-11.2,                   1255P   4093
-3.4271919857343,-3.1415926535898,0.,-1.,                           1255P   4094
-1.87842400676533E-015;                                             1255P   4095
126,2,2,1,0,0,0,-3.1415926535898,-3.1415926535898,                  1257P   4096
-3.1415926535898,-2.8559933214453,-2.8559933214453,                 1257P   4097
-2.8559933214453,1.,0.98982144188093,1.,0.,-6.0784609690827,        1257P   4098
-11.2,1.6103168927437,-6.0784609690827,-11.2,3.155404636624,        1257P   4099
-6.0784609690827,-10.746321304482,-3.1415926535898,                 1257P   4100
-2.8559933214453,0.,-1.,1.87842400676535E-015;                      1257P   4101
126,2,2,1,0,0,0,-1.0471975511966,-1.0471975511966,                  1259P   4102
-1.0471975511966,-1.79861998583060E-015,-1.79861998583060E-015,     1259P   4103
-1.79861998583060E-015,1.,0.86602540378444,1.,3.155404636624,       1259P   4104
-6.0784609690827,-10.746321304482,3.4934837048337,                  1259P   4105
-5.3856406460551,-11.89771287282,3.4934837048337,-4.,               1259P   4106
-11.89771287282,-1.0471975511966,-1.79861998583060E-015,            1259P   4107
0.9594929736145,0.,0.28173255684143;                                1259P   4108
141,0,1,1249,5,1251,1,0,1253,1,0,1255,1,0,1257,1,0,1259,1,0;        1261P   4109
143,0,1249,1,1261;                                                  1263P   4110
128,4,2,2,2,0,0,0,0,0,-3.1415926535898,-3.1415926535898,            1265P   4111
-3.1415926535898,-1.5707963267949,-1.5707963267949,0.,0.,0.,0.,     1265P   4112
0.,0.,0.64748188766666,0.64748188766666,0.64748188766666,1.,        1265P   4113
0.70710678118655,1.,0.70710678118655,1.,0.94805200288601,           1265P   4114
0.67037400015818,0.94805200288601,0.67037400015818,                 1265P   4115
0.94805200288601,1.,0.70710678118655,1.,0.70710678118655,1.,        1265P   4116
5.9849191406963,-4.,-4.6840946701927,5.9849191406963,-6.4,          1265P   4117
-4.6840946701927,7.8748936061793,-6.4,-6.1632824607798,             1265P   4118
9.7648680716624,-6.4,-7.642470251367,9.7648680716624,-4.,           1265P   4119
-7.642470251367,4.4131882788897,-4.,-6.6923124328926,               1265P   4120
4.4131882788897,-6.4,-6.6923124328926,5.8068266827496,-6.4,         1265P   4121
-8.8056742538061,7.2004650866095,-6.4,-10.91903607472,              1265P   4122
7.2004650866095,-4.,-10.91903607472,1.9482510595699,-4.,            1265P   4123
-7.3460409615578,1.9482510595699,-6.4,-7.3460409615578,             1265P   4124
2.5634882362762,-6.4,-9.6658433704708,3.1787254129824,-6.4,         1265P   4125
-11.985645779384,3.1787254129824,-4.,-11.985645779384,              1265P   4126
-3.1415926535898,0.,0.,0.64748188766666;                            1265P   4127
126,2,2,1,0,0,0,2.2847946571562,2.2847946571562,                    1267P   4128
2.2847946571562,2.8559933214453,2.8559933214453,                    1267P   4129
2.8559933214453,1.,0.9594929736145,1.,9.3712947219928,-4.,          1267P   4130
-8.1202731009215,6.9869674096674,-4.,-10.871933504432,              1267P   4131
3.4934837048337,-4.,-11.89771287282,2.2847946571562,                1267P   4132
2.8559933214453,0.,1.,0.;                                           1267P   4133
126,2,2,1,0,0,0,1.79861998583060E-015,1.79861998583060E-015,        1269P   4134
1.79861998583060E-015,1.0471975511966,1.0471975511966,              1269P   4135
1.0471975511966,1.,0.86602540378444,1.,3.4934837048337,-4.,         1269P   4136
-11.89771287282,3.4934837048337,-5.3856406460551,                   1269P   4137
-11.89771287282,3.155404636624,-6.0784609690827,                    1269P   4138
-10.746321304482,1.79861998583060E-015,1.0471975511966,             1269P   4139
-0.9594929736145,0.,-0.28173255684143;                              1269P   4140
126,2,2,1,0,0,0,-2.8559933214453,-2.8559933214453,                  1271P   4141
-2.8559933214453,-2.2847946571562,-2.2847946571562,                 1271P   4142
-2.2847946571562,1.,0.9594929736145,1.,3.155404636624,              1271P   4143
-6.0784609690827,-10.746321304482,6.310809273248,                   1271P   4144
-6.0784609690827,-9.819810907229,8.4643952327677,                   1271P   4145
-6.0784609690827,-7.3344402201872,-2.8559933214453,                 1271P   4146
-2.2847946571562,0.,-1.,0.;                                         1271P   4147
126,2,2,1,0,0,0,-1.0471975511966,-1.0471975511966,                  1273P   4148
-1.0471975511966,-1.34147300656896E-015,-1.34147300656896E-015,     1273P   4149
-1.34147300656896E-015,1.,0.86602540378444,1.,8.4643952327677,      1273P   4150
-6.0784609690827,-7.3344402201872,9.3712947219928,                  1273P   4151
-5.3856406460551,-8.1202731009215,9.3712947219928,-4.,              1273P   4152
-8.1202731009215,-1.0471975511966,-1.34147300656896E-015,           1273P   4153
0.65486073394529,0.,0.75574957435426;                               1273P   4154
141,0,1,1265,4,1267,1,0,1269,1,0,1271,1,0,1273,1,0;                 1275P   4155
143,0,1265,1,1275;                                                  1277P   4156
128,4,2,2,2,0,0,0,0,0,-3.1415926535898,-3.1415926535898,            1279P   4157
-3.1415926535898,-1.5707963267949,-1.5707963267949,0.,0.,0.,0.,     1279P   4158
0.,0.,0.63551020441984,0.63551020441984,0.63551020441984,1.,        1279P   4159
0.70710678118655,1.,0.70710678118655,1.,0.94993919539976,           1279P   4160
0.67170844678206,0.94993919539976,0.67170844678206,                 1279P   4161
0.94993919539976,1.,0.70710678118655,1.,0.70710678118655,1.,        1279P   4162
7.5367134034276,-4.,-0.9787497507506,7.5367134034276,-6.4,          1279P   4163
-0.9787497507506,9.9167281624048,-6.4,-1.2878286194087,             1279P   4164
12.296742921382,-6.4,-1.5969074880668,12.296742921382,-4.,          1279P   4165
-1.5969074880668,7.2148027835963,-4.,-3.4575734555105,              1279P   4166
7.2148027835963,-6.4,-3.4575734555105,9.4931615573636,-6.4,         1279P   4167
-4.5494387572506,11.771520331131,-6.4,-5.6413040589908,             1279P   4168
11.771520331131,-4.,-5.6413040589908,5.4843386401564,-4.,           1279P   4169
-5.2613714637998,5.4843386401564,-6.4,-5.2613714637998,             1279P   4170
7.2162350528374,-6.4,-6.9228571892103,8.9481314655184,-6.4,         1279P   4171
-8.5843429146207,8.9481314655184,-4.,-8.5843429146207,              1279P   4172
-3.1415926535898,0.,0.,0.63551020441984;                            1279P   4173
126,2,2,1,0,0,0,1.7135959928672,1.7135959928672,                    1281P   4174
1.7135959928672,2.2847946571562,2.2847946571562,                    1281P   4175
2.2847946571562,1.,0.9594929736145,1.,12.273785879324,-4.,          1281P   4176
-1.7647039945888,11.755622034318,-4.,-5.368612697411,               1281P   4177
9.3712947219928,-4.,-8.1202731009215,1.7135959928672,               1281P   4178
2.2847946571562,0.,1.,0.;                                           1281P   4179
126,2,2,1,0,0,0,1.34147300656896E-015,1.34147300656896E-015,        1283P   4180
1.34147300656896E-015,1.0471975511966,1.0471975511966,              1283P   4181
1.0471975511966,1.,0.86602540378444,1.,9.3712947219928,-4.,         1283P   4182
-8.1202731009215,9.3712947219928,-5.3856406460551,                  1283P   4183
-8.1202731009215,8.4643952327677,-6.0784609690827,                  1283P   4184
-7.3344402201872,1.34147300656896E-015,1.0471975511966,             1283P   4185
-0.65486073394529,0.,-0.75574957435426;                             1283P   4186
126,2,2,1,0,0,0,-2.2847946571562,-2.2847946571562,                  1285P   4187
-2.2847946571562,-1.7135959928672,-1.7135959928672,                 1285P   4188
-1.7135959928672,1.,0.9594929736145,1.,8.4643952327677,             1285P   4189
-6.0784609690827,-7.3344402201872,10.617981192287,                  1285P   4190
-6.0784609690827,-4.8490695331454,11.086000149066,                  1285P   4191
-6.0784609690827,-1.5939261886608,-2.2847946571562,                 1285P   4192
-1.7135959928672,0.,-1.,0.;                                         1285P   4193
126,2,2,1,0,0,0,-1.0471975511966,-1.0471975511966,                  1287P   4194
-1.0471975511966,-1.66855046367704E-015,-1.66855046367704E-015,     1287P   4195
-1.66855046367704E-015,1.,0.86602540378444,1.,11.086000149066,      1287P   4196
-6.0784609690827,-1.5939261886608,12.273785879324,                  1287P   4197
-5.3856406460551,-1.7647039945888,12.273785879324,-4.,              1287P   4198
-1.7647039945888,-1.0471975511966,-1.66855046367704E-015,           1287P   4199
0.14231483827329,0.,0.98982144188093;                               1287P   4200
141,0,1,1279,4,1281,1,0,1283,1,0,1285,1,0,1287,1,0;                 1289P   4201
143,0,1279,1,1289;                                                  1291P   4202
128,2,2,2,2,0,0,0,0,0,-1.0471975511966,-1.0471975511966,            1293P   4203
-1.0471975511966,0.,0.,0.,0.,0.,0.,0.63720571304999,                1293P   4204
0.63720571304999,0.63720571304999,1.,0.86602540378444,1.,           1293P   4205
0.94967398609877,0.82244179727477,0.94967398609877,1.,              1293P   4206
0.86602540378444,1.,9.9950342666943,-6.0784609690827,               1293P   4207
5.0536412622589,11.065930795269,-5.3856406460551,                   1293P   4208
5.5951028260724,11.065930795269,-4.,5.5951028260724,                1293P   4209
11.661925003814,-6.0784609690827,1.756883702365,                    1293P   4210
12.911416968508,-5.3856406460551,1.9451212419041,                   1293P   4211
12.911416968508,-4.,1.9451212419041,11.040295435434,                1293P   4212
-6.0784609690827,-1.8846423263665,12.223184232088,                  1293P   4213
-5.3856406460551,-2.0865682899058,12.223184232088,-4.,              1293P   4214
-2.0865682899058,-1.0471975511966,0.,0.,0.63720571304999;           1293P   4215
126,2,2,1,0,0,0,1.1423973285781,1.1423973285781,                    1295P   4216
1.1423973285781,1.7115126595338,1.7115126595338,                    1295P   4217
1.7115126595338,1.,0.9597859244166,1.,11.279436742396,-4.,          1295P   4218
5.1511461612234,12.786123108477,-4.,1.8519632172854,                1295P   4219
12.277435707509,-4.,-1.7391297961859,1.1423973285781,               1295P   4220
1.7115126595338,0.,1.,0.;                                           1295P   4221
126,2,2,1,0,0,0,0.,0.,0.,1.0471975511966,1.0471975511966,           1297P   4222
1.0471975511966,1.,0.86602540378444,1.,12.277435707509,-4.,         1297P   4223
-1.7391297961859,12.277435707509,-5.3856406460551,                  1297P   4224
-1.7391297961859,11.089296768073,-6.0784609690827,                  1297P   4225
-1.570826912684,0.,1.0471975511966,-0.14025240291822,0.,            1297P   4226
-0.99011578286363;                                                  1297P   4227
126,2,2,1,0,0,0,-1.7115126595338,-1.7115126595338,                  1299P   4228
-1.7115126595338,-1.1423973285781,-1.1423973285781,                 1299P   4229
-1.1423973285781,1.,0.9597859244166,1.,11.089296768073,             1299P   4230
-6.0784609690827,-1.570826912684,11.548756356044,                   1299P   4231
-6.0784609690827,1.6727409704513,10.187878347971,                   1299P   4232
-6.0784609690827,4.6526481456211,-1.7115126595338,                  1299P   4233
-1.1423973285781,0.,-1.,0.;                                         1299P   4234
126,2,2,1,0,0,0,-1.0471975511966,-1.0471975511966,                  1301P   4235
-1.0471975511966,-1.86831771030676E-015,-1.86831771030676E-015,     1301P   4236
-1.86831771030676E-015,1.,0.86602540378444,1.,10.187878347971,      1301P   4237
-6.0784609690827,4.6526481456211,11.279436742396,                   1301P   4238
-5.3856406460551,5.1511461612234,11.279436742396,-4.,               1301P   4239
5.1511461612234,-1.0471975511966,-1.86831771030676E-015,            1301P   4240
-0.41541501300188,0.,0.90963199535452;                              1301P   4241
141,0,1,1293,4,1295,1,0,1297,1,0,1299,1,0,1301,1,0;                 1303P   4242
143,0,1293,1,1303;                                                  1305P   4243
128,4,2,2,2,0,0,0,0,0,-3.1415926535898,-3.1415926535898,            1307P   4244
-3.1415926535898,-1.5707963267949,-1.5707963267949,0.,0.,0.,0.,     1307P   4245
0.,0.,0.61841408513099,0.61841408513099,0.61841408513099,1.,        1307P   4246
0.70710678118655,1.,0.70710678118655,1.,0.95257516896924,           1307P   4247
0.67357236156807,0.95257516896924,0.67357236156807,                 1307P   4248
0.95257516896924,1.,0.70710678118655,1.,0.70710678118655,1.,        1307P   4249
-4.4060520321761,-4.,6.1924716785591,-4.4060520321761,-6.4,         1307P   4250
6.1924716785591,-5.7974368844422,-6.4,8.1479890507357,              1307P   4251
-7.1888217367084,-6.4,10.103506422912,-7.1888217367084,-4.,         1307P   4252
10.103506422912,-2.4278458730927,-4.,7.6,-2.4278458730927,-6.4,     1307P   4253
7.6,-3.1945340435431,-6.4,10.,-3.9612222139934,-6.4,12.4,           1307P   4254
-3.9612222139934,-4.,12.4,0.,-4.,7.6,0.,-6.4,7.6,0.,-6.4,10.,       1307P   4255
0.,-6.4,12.4,0.,-4.,12.4,-3.1415926535898,0.,0.,                    1307P   4256
0.61841408513099;                                                   1307P   4257
126,2,2,1,0,0,0,-0.57119866428905,-0.57119866428905,                1309P   4258
-0.57119866428905,0.,0.,0.,1.,0.95949297361449,1.,                  1309P   4259
-6.7039461364494,-4.,10.431543807107,-3.6409685124357,-4.,12.4,     1309P   4260
0.,-4.,12.4,-0.57119866428905,0.,0.,1.,0.;                          1309P   4261
126,2,2,1,0,0,0,2.03540887847945E-015,2.03540887847945E-015,        1311P   4262
2.03540887847945E-015,1.0471975511966,1.0471975511966,              1311P   4263
1.0471975511966,1.,0.86602540378444,1.,0.,-4.,12.4,0.,              1311P   4264
-5.3856406460551,12.4,-1.11655828862999E-015,-6.0784609690827,      1311P   4265
11.2,2.03540887847945E-015,1.0471975511966,1.,0.,0.;                1311P   4266
126,2,2,1,0,0,0,0.,0.,0.,0.57119866428905,0.57119866428905,         1313P   4267
0.57119866428905,1.,0.9594929736145,1.,0.,-6.0784609690827,         1313P   4268
11.2,-3.2886167209097,-6.0784609690827,11.2,-6.0551771555027,       1313P   4269
-6.0784609690827,9.4220395677092,0.,0.57119866428905,0.,-1.,0.;     1313P   4270
126,2,2,1,0,0,0,-1.0471975511966,-1.0471975511966,                  1315P   4271
-1.0471975511966,-2.13471970550823E-015,-2.13471970550823E-015,     1315P   4272
-2.13471970550823E-015,1.,0.86602540378444,1.,-6.0551771555027,     1315P   4273
-6.0784609690827,9.4220395677092,-6.7039461364494,                  1315P   4274
-5.3856406460551,10.431543807107,-6.7039461364494,-4.,              1315P   4275
10.431543807107,-1.0471975511966,-2.13471970550823E-015,            1315P   4276
-0.84125353283118,0.,-0.5406408174556;                              1315P   4277
141,0,1,1307,4,1309,1,0,1311,1,0,1313,1,0,1315,1,0;                 1317P   4278
143,0,1307,1,1317;                                                  1319P   4279
128,4,2,2,2,0,0,0,0,0,-3.1415926535898,-3.1415926535898,            1321P   4280
-3.1415926535898,-1.5707963267949,-1.5707963267949,0.,0.,0.,0.,     1321P   4281
0.,0.,0.65363590087519,0.65363590087519,0.65363590087519,1.,        1321P   4282
0.70710678118655,1.,0.70710678118655,1.,0.94706867322182,           1321P   4283
0.6696786810845,0.94706867322182,0.6696786810845,                   1321P   4284
0.94706867322182,1.,0.70710678118655,1.,0.70710678118655,1.,        1321P   4285
3.8153589414983,-4.,6.572901653572,3.8153589414983,-6.4,            1321P   4286
6.572901653572,5.0202091335503,-6.4,8.6485548073316,                1321P   4287
6.2250593256024,-6.4,10.724207961091,6.2250593256024,-4.,           1321P   4288
10.724207961091,6.0433974236123,-4.,5.2795966578831,                1321P   4289
6.0433974236123,-6.4,5.2795966578831,7.9518387152794,-6.4,          1321P   4290
6.946837707741,9.8602800069464,-6.4,8.6140787575988,                1321P   4291
9.8602800069464,-4.,8.6140787575988,7.025759609786,-4.,             1321P   4292
2.8980513980086,7.025759609786,-6.4,2.8980513980086,                1321P   4293
9.2444205391921,-6.4,3.8132255236955,11.463081468598,-6.4,          1321P   4294
4.7283996493825,11.463081468598,-4.,4.7283996493825,                1321P   4295
-3.1415926535898,0.,0.,0.65363590087519;                            1321P   4296
126,2,2,1,0,0,0,0.57119866428906,0.57119866428906,                  1323P   4297
0.57119866428906,1.1423973285781,1.1423973285781,                   1323P   4298
1.1423973285781,1.,0.9594929736145,1.,6.7039461364494,-4.,          1323P   4299
10.431543807107,9.7669237604631,-4.,8.4630876142133,                1323P   4300
11.279436742396,-4.,5.1511461612234,0.57119866428906,               1323P   4301
1.1423973285781,0.,1.,0.;                                           1323P   4302
126,2,2,1,0,0,0,1.86831771030676E-015,1.86831771030676E-015,        1325P   4303
1.86831771030676E-015,1.0471975511966,1.0471975511966,              1325P   4304
1.0471975511966,1.,0.86602540378444,1.,11.279436742396,-4.,         1325P   4305
5.1511461612234,11.279436742396,-5.3856406460551,                   1325P   4306
5.1511461612234,10.187878347971,-6.0784609690827,                   1325P   4307
4.6526481456211,1.86831771030676E-015,1.0471975511966,              1325P   4308
0.41541501300188,0.,-0.90963199535452;                              1325P   4309
126,2,2,1,0,0,0,-1.1423973285781,-1.1423973285781,                  1327P   4310
-1.1423973285781,-0.57119866428906,-0.57119866428906,               1327P   4311
-0.57119866428906,1.,0.95949297361449,1.,10.187878347971,           1327P   4312
-6.0784609690827,4.6526481456211,8.8217375900957,                   1327P   4313
-6.0784609690827,7.6440791354184,6.0551771555027,                   1327P   4314
-6.0784609690827,9.4220395677092,-1.1423973285781,                  1327P   4315
-0.57119866428906,0.,-1.,0.;                                        1327P   4316
126,2,2,1,0,0,0,-1.0471975511966,-1.0471975511966,                  1329P   4317
-1.0471975511966,-1.93609805145068E-015,-1.93609805145068E-015,     1329P   4318
-1.93609805145068E-015,1.,0.86602540378444,1.,6.0551771555027,      1329P   4319
-6.0784609690827,9.4220395677092,6.7039461364494,                   1329P   4320
-5.3856406460551,10.431543807107,6.7039461364494,-4.,               1329P   4321
10.431543807107,-1.0471975511966,-1.93609805145068E-015,            1329P   4322
-0.84125353283118,0.,0.5406408174556;                               1329P   4323
141,0,1,1321,4,1323,1,0,1325,1,0,1327,1,0,1329,1,0;                 1331P   4324
143,0,1321,1,1331;                                                  1333P   4325
128,1,8,1,2,0,1,0,0,1,-0.035014005602241,-0.035014005602241,        1335P   4326
-0.00087535014005569,-0.00087535014005569,0.,0.,0.,                 1335P   4327
17.944777237305,17.944777237305,35.88955447461,35.88955447461,      1335P   4328
53.834331711915,53.834331711915,71.77910894922,71.77910894922,      1335P   4329
71.77910894922,1.,1.,0.70710678118655,0.70710678118655,1.,1.,       1335P   4330
0.70710678118655,0.70710678118655,1.,1.,0.70710678118655,           1335P   4331
0.70710678118655,1.,1.,0.70710678118655,0.70710678118655,1.,1.,     1335P   4332
-3.56801307249688E-015,-8.,-11.424,-3.49637360079827E-015,          1335P   4333
-7.61,-11.424,-11.424,-8.,-11.424,-11.424,-7.61,-11.424,            1335P   4334
-11.424,-8.,2.09848544791003E-015,-11.424,-7.61,                    1335P   4335
2.09848544791003E-015,-11.424,-8.,11.424,-11.424,-7.61,11.424,      1335P   4336
0.,-8.,11.424,0.,-7.61,11.424,11.424,-8.,11.424,11.424,-7.61,       1335P   4337
11.424,11.424,-8.,-2.09848544791003E-015,11.424,-7.61,              1335P   4338
-2.09848544791003E-015,11.424,-8.,-11.424,11.424,-7.61,-11.424,     1335P   4339
-3.56801307249688E-015,-8.,-11.424,-3.49637360079827E-015,          1335P   4340
-7.61,-11.424,-0.035014005602241,-0.00087535014005569,0.,           1335P   4341
71.77910894922;                                                     1335P   4342
126,1,1,0,0,1,0,-0.4,-0.4,-0.009999999999998,                       1337P   4343
-0.009999999999998,1.,1.,-2.16902277389020E-015,-8.,11.424,         1337P   4344
-2.09738330219159E-015,-7.61,11.424,-0.4,-0.009999999999998,0.,     1337P   4345
0.,1.;                                                              1337P   4346
126,4,2,1,0,0,0,0.,0.,0.,1.5707963267949,1.5707963267949,           1339P   4347
3.1415926535898,3.1415926535898,3.1415926535898,1.,                 1339P   4348
0.70710678118655,1.,0.70710678118655,1.,-2.04962365439251E-015,     1339P   4349
-7.61,11.424,11.424,-7.61,11.424,11.424,-7.61,                      1339P   4350
1.39899029860668E-015,11.424,-7.61,-11.424,0.,-7.61,-11.424,0.,     1339P   4351
3.1415926535898,0.,1.,0.;                                           1339P   4352
126,1,1,0,0,1,0,0.009999999999998,0.009999999999998,0.4,0.4,1.,     1341P   4353
1.,0.,-7.61,-11.424,0.,-8.,-11.424,0.009999999999998,0.4,0.,0.,     1341P   4354
1.;                                                                 1341P   4355
126,4,2,1,0,0,0,-3.1415926535898,-3.1415926535898,                  1343P   4356
-3.1415926535898,-1.5707963267949,-1.5707963267949,0.,0.,0.,1.,     1343P   4357
0.70710678118655,1.,0.70710678118655,1.,0.,-8.,-11.424,11.424,      1343P   4358
-8.,-11.424,11.424,-8.,0.,11.424,-8.,11.424,0.,-8.,11.424,          1343P   4359
-3.1415926535898,0.,0.,-1.,0.;                                      1343P   4360
141,0,1,1335,4,1337,1,0,1339,1,0,1341,1,0,1343,1,0;                 1345P   4361
143,0,1335,1,1345;                                                  1347P   4362
128,1,8,1,2,0,1,0,0,1,0.034138655462185,0.034138655462185,          1349P   4363
0.035014005602241,0.035014005602241,0.,0.,0.,17.944777237305,       1349P   4364
17.944777237305,35.88955447461,35.88955447461,53.834331711915,      1349P   4365
53.834331711915,71.77910894922,71.77910894922,71.77910894922,       1349P   4366
1.,1.,0.70710678118655,0.70710678118655,1.,1.,0.70710678118655,     1349P   4367
0.70710678118655,1.,1.,0.70710678118655,0.70710678118655,1.,1.,     1349P   4368
0.70710678118655,0.70710678118655,1.,1.,-3.42289721956893E-015,     1349P   4369
-7.21,-11.424,-3.42106031003819E-015,-7.2,-11.424,-11.424,          1349P   4370
-7.21,-11.424,-11.424,-7.2,-11.424,-11.424,-7.21,                   1349P   4371
2.09848544791003E-015,-11.424,-7.2,2.09848544791003E-015,           1349P   4372
-11.424,-7.21,11.424,-11.424,-7.2,11.424,0.,-7.21,11.424,0.,        1349P   4373
-7.2,11.424,11.424,-7.21,11.424,11.424,-7.2,11.424,11.424,          1349P   4374
-7.21,-2.09848544791003E-015,11.424,-7.2,                           1349P   4375
-2.09848544791003E-015,11.424,-7.21,-11.424,11.424,-7.2,            1349P   4376
-11.424,-3.42289721956893E-015,-7.21,-11.424,                       1349P   4377
-3.42106031003819E-015,-7.2,-11.424,0.034138655462185,              1349P   4378
0.035014005602241,0.,71.77910894922;                                1349P   4379
126,1,1,0,0,1,0,0.39,0.39,0.4,0.4,1.,1.,-2.02390692096224E-015,     1351P   4380
-7.21,11.424,-2.02207001143151E-015,-7.2,11.424,0.39,0.4,0.,0.,     1351P   4381
1.;                                                                 1351P   4382
126,4,2,1,0,0,0,0.,0.,0.,1.5707963267949,1.5707963267949,           1353P   4383
3.1415926535898,3.1415926535898,3.1415926535898,1.,                 1353P   4384
0.70710678118655,1.,0.70710678118655,1.,0.,-7.2,11.424,11.424,      1353P   4385
-7.2,11.424,11.424,-7.2,0.,11.424,-7.2,-11.424,0.,-7.2,-11.424,     1353P   4386
0.,3.1415926535898,0.,1.,0.;                                        1353P   4387
126,1,1,0,0,1,0,-0.4,-0.4,-0.39,-0.39,1.,1.,0.,-7.2,-11.424,0.,     1355P   4388
-7.21,-11.424,-0.4,-0.39,0.,0.,1.;                                  1355P   4389
126,4,2,1,0,0,0,-3.1415926535898,-3.1415926535898,                  1357P   4390
-3.1415926535898,-1.5707963267949,-1.5707963267949,0.,0.,0.,1.,     1357P   4391
0.70710678118655,1.,0.70710678118655,1.,0.,-7.21,-11.424,           1357P   4392
11.424,-7.21,-11.424,11.424,-7.21,1.39899029860668E-015,11.424,     1357P   4393
-7.21,11.424,-1.92716301901027E-015,-7.21,11.424,                   1357P   4394
-3.1415926535898,0.,0.,-1.,0.;                                      1357P   4395
141,0,1,1349,4,1351,1,0,1353,1,0,1355,1,0,1357,1,0;                 1359P   4396
143,0,1349,1,1359;                                                  1361P   4397
128,1,8,1,2,0,1,0,0,1,-0.050068706737382,-0.050068706737382,        1363P   4398
0.12149727816595,0.12149727816595,0.,0.,0.,17.592918860103,         1363P   4399
17.592918860103,35.185837720206,35.185837720206,                    1363P   4400
52.778756580309,52.778756580309,70.371675440411,                    1363P   4401
70.371675440411,70.371675440411,1.,1.,0.70710678118655,             1363P   4402
0.70710678118655,1.,1.,0.70710678118655,0.70710678118655,1.,1.,     1363P   4403
0.70710678118655,0.70710678118655,1.,1.,0.70710678118655,           1363P   4404
0.70710678118655,1.,1.,-2.41030801037846E-015,-1.9215390309174,     1363P   4405
-11.2,-2.05733867442159E-015,1.33226762955019E-015,-11.2,-11.2,     1363P   4406
-1.9215390309174,-11.2,-11.2,3.38960630397178E-015,-11.2,-11.2,     1363P   4407
-1.9215390309174,2.05733867442159E-015,-11.2,                       1363P   4408
3.38960630397178E-015,2.05733867442159E-015,-11.2,                  1363P   4409
-1.9215390309174,11.2,-11.2,3.38960630397178E-015,11.2,             1363P   4410
1.70436933846473E-015,-1.9215390309174,11.2,                        1363P   4411
2.05733867442159E-015,1.33226762955019E-015,11.2,11.2,              1363P   4412
-1.9215390309174,11.2,11.2,0.,11.2,11.2,-1.9215390309174,           1363P   4413
-2.05733867442159E-015,11.2,0.,-2.05733867442159E-015,11.2,         1363P   4414
-1.9215390309174,-11.2,11.2,0.,-11.2,-2.41030801037846E-015,        1363P   4415
-1.9215390309174,-11.2,-2.05733867442159E-015,                      1363P   4416
1.33226762955019E-015,-11.2,-0.050068706737382,                     1363P   4417
0.12149727816595,0.,70.371675440411;                                1363P   4418
126,1,1,0,0,1,0,-0.56076951545867,-0.56076951545867,                1365P   4419
1.3607695154587,1.3607695154587,1.,1.,-1.03874889409739E-015,       1365P   4420
-1.9215390309174,11.2,0.,0.,11.2,-0.56076951545867,                 1365P   4421
1.3607695154587,0.,0.,1.;                                           1365P   4422
126,4,2,1,0,0,0,0.,0.,0.,1.5707963267949,1.5707963267949,           1367P   4423
3.1415926535898,3.1415926535898,3.1415926535898,1.,                 1367P   4424
0.70710678118655,1.,0.70710678118655,1.,0.,0.,11.2,11.2,            1367P   4425
-2.74311823256213E-015,11.2,11.2,-2.74311823256213E-015,0.,         1367P   4426
11.2,-2.74311823256213E-015,-11.2,0.,0.,-11.2,0.,                   1367P   4427
3.1415926535898,0.,1.,0.;                                           1367P   4428
126,1,1,0,0,1,0,-1.3607695154587,-1.3607695154587,                  1369P   4429
0.56076951545867,0.56076951545867,1.,1.,0.,0.,-11.2,0.,             1369P   4430
-1.9215390309174,-11.2,-1.3607695154587,0.56076951545867,0.,0.,     1369P   4431
1.;                                                                 1369P   4432
126,2,2,1,0,0,0,-3.1415926535898,-3.1415926535898,                  1371P   4433
-3.1415926535898,-2.8559933214453,-2.8559933214453,                 1371P   4434
-2.8559933214453,1.,0.98982144188093,1.,0.,-1.9215390309174,        1371P   4435
-11.2,1.6103168927437,-1.9215390309174,-11.2,3.155404636624,        1371P   4436
-1.9215390309174,-10.746321304482,-3.1415926535898,                 1371P   4437
-2.8559933214453,0.,-1.,0.;                                         1371P   4438
126,2,2,1,0,0,0,-2.8559933214453,-2.8559933214453,                  1373P   4439
-2.8559933214453,-2.2847946571562,-2.2847946571562,                 1373P   4440
-2.2847946571562,1.,0.9594929736145,1.,3.155404636624,              1373P   4441
-1.9215390309174,-10.746321304482,6.310809273248,                   1373P   4442
-1.9215390309174,-9.819810907229,8.4643952327677,                   1373P   4443
-1.9215390309174,-7.3344402201872,-2.8559933214453,                 1373P   4444
-2.2847946571562,0.,-1.,0.;                                         1373P   4445
126,2,2,1,0,0,0,-2.2847946571562,-2.2847946571562,                  1375P   4446
-2.2847946571562,-1.7135959928672,-1.7135959928672,                 1375P   4447
-1.7135959928672,1.,0.9594929736145,1.,8.4643952327677,             1375P   4448
-1.9215390309174,-7.3344402201872,10.617981192287,                  1375P   4449
-1.9215390309174,-4.8490695331454,11.086000149066,                  1375P   4450
-1.9215390309174,-1.5939261886608,-2.2847946571562,                 1375P   4451
-1.7135959928672,0.,-1.,0.;                                         1375P   4452
126,2,2,0,0,0,0,-1.7135959928672,-1.7135959928672,                  1377P   4453
-1.7135959928672,-1.7115126595338,-1.7115126595338,                 1377P   4454
-1.7115126595338,1.,0.99999945746533,1.,11.086000149066,            1377P   4455
-1.9215390309174,-1.5939261886608,11.087660489447,                  1377P   4456
-1.9215390309174,-1.5823782676621,11.089296768073,                  1377P   4457
-1.9215390309174,-1.570826912684,-1.7135959928672,                  1377P   4458
-1.7115126595338,0.,0.,1.;                                          1377P   4459
126,2,2,1,0,0,0,-1.7115126595338,-1.7115126595338,                  1379P   4460
-1.7115126595338,-1.1423973285781,-1.1423973285781,                 1379P   4461
-1.1423973285781,1.,0.9597859244166,1.,11.089296768073,             1379P   4462
-1.9215390309174,-1.570826912684,11.548756356044,                   1379P   4463
-1.9215390309174,1.6727409704513,10.187878347971,                   1379P   4464
-1.9215390309174,4.6526481456211,-1.7115126595338,                  1379P   4465
-1.1423973285781,0.,-1.,0.;                                         1379P   4466
126,2,2,1,0,0,0,-1.1423973285781,-1.1423973285781,                  1381P   4467
-1.1423973285781,-0.57119866428906,-0.57119866428906,               1381P   4468
-0.57119866428906,1.,0.95949297361449,1.,10.187878347971,           1381P   4469
-1.9215390309174,4.6526481456211,8.8217375900957,                   1381P   4470
-1.9215390309174,7.6440791354184,6.0551771555027,                   1381P   4471
-1.9215390309174,9.4220395677092,-1.1423973285781,                  1381P   4472
-0.57119866428906,0.,-1.,0.;                                        1381P   4473
126,2,2,1,0,0,0,-0.57119866428906,-0.57119866428906,                1383P   4474
-0.57119866428906,0.,0.,0.,1.,0.9594929736145,1.,                   1383P   4475
6.0551771555027,-1.9215390309174,9.4220395677092,                   1383P   4476
3.2886167209097,-1.9215390309174,11.2,0.,-1.9215390309174,11.2,     1383P   4477
-0.57119866428906,0.,0.,-1.,0.;                                     1383P   4478
141,0,1,1363,10,1365,1,0,1367,1,0,1369,1,0,1371,1,0,1373,1,0,       1385P   4479
1375,1,0,1377,1,0,1379,1,0,1381,1,0,1383,1,0;                       1385P   4480
143,0,1363,1,1385;                                                  1387P   4481
128,4,2,2,2,0,0,0,0,0,-3.1415926535898,-3.1415926535898,            1389P   4482
-3.1415926535898,-1.5707963267949,-1.5707963267949,0.,0.,0.,0.,     1389P   4483
0.,0.,0.61841408513099,0.61841408513099,0.61841408513099,1.,        1389P   4484
0.70710678118655,1.,0.70710678118655,1.,0.95257516896924,           1389P   4485
0.67357236156807,0.95257516896924,0.67357236156807,                 1389P   4486
0.95257516896924,1.,0.70710678118655,1.,0.70710678118655,1.,0.,     1389P   4487
-4.,7.6,0.,-6.4,7.6,0.,-6.4,10.,0.,-6.4,12.4,0.,-4.,12.4,           1389P   4488
2.4278458730928,-4.,7.6,2.4278458730928,-6.4,7.6,                   1389P   4489
3.1945340435431,-6.4,10.,3.9612222139934,-6.4,12.4,                 1389P   4490
3.9612222139934,-4.,12.4,4.4060520321761,-4.,6.1924716785591,       1389P   4491
4.4060520321761,-6.4,6.1924716785591,5.7974368844423,-6.4,          1389P   4492
8.1479890507357,7.1888217367084,-6.4,10.103506422912,               1389P   4493
7.1888217367084,-4.,10.103506422912,-3.1415926535898,0.,0.,         1389P   4494
0.61841408513099;                                                   1389P   4495
126,2,2,1,0,0,0,0.,0.,0.,0.57119866428906,0.57119866428906,         1391P   4496
0.57119866428906,1.,0.95949297361449,1.,0.,-4.,12.4,                1391P   4497
3.6409685124358,-4.,12.4,6.7039461364494,-4.,10.431543807107,       1391P   4498
0.,0.57119866428906,0.,1.,0.;                                       1391P   4499
126,2,2,1,0,0,0,1.93609805145068E-015,1.93609805145068E-015,        1393P   4500
1.93609805145068E-015,1.0471975511966,1.0471975511966,              1393P   4501
1.0471975511966,1.,0.86602540378444,1.,6.7039461364494,-4.,         1393P   4502
10.431543807107,6.7039461364494,-5.3856406460551,                   1393P   4503
10.431543807107,6.0551771555027,-6.0784609690827,                   1393P   4504
9.4220395677092,1.93609805145068E-015,1.0471975511966,              1393P   4505
0.84125353283118,0.,-0.5406408174556;                               1393P   4506
126,2,2,1,0,0,0,-0.57119866428906,-0.57119866428906,                1395P   4507
-0.57119866428906,0.,0.,0.,1.,0.9594929736145,1.,                   1395P   4508
6.0551771555027,-6.0784609690827,9.4220395677092,                   1395P   4509
3.2886167209097,-6.0784609690827,11.2,0.,-6.0784609690827,11.2,     1395P   4510
-0.57119866428906,0.,0.,-1.,0.;                                     1395P   4511
126,2,2,1,0,0,0,-1.0471975511966,-1.0471975511966,                  1397P   4512
-1.0471975511966,-2.03540887847945E-015,-2.03540887847945E-015,     1397P   4513
-2.03540887847945E-015,1.,0.86602540378444,1.,                      1397P   4514
-1.11655828862999E-015,-6.0784609690827,11.2,0.,                    1397P   4515
-5.3856406460551,12.4,0.,-4.,12.4,-1.0471975511966,                 1397P   4516
-2.03540887847945E-015,-1.,0.,0.;                                   1397P   4517
141,0,1,1389,4,1391,1,0,1393,1,0,1395,1,0,1397,1,0;                 1399P   4518
143,0,1389,1,1399;                                                  1401P   4519
128,1,8,1,2,0,1,0,0,1,-0.050068706737382,-0.050068706737382,        1403P   4520
0.050068706737382,0.050068706737382,0.,0.,0.,17.592918860103,       1403P   4521
17.592918860103,35.185837720206,35.185837720206,                    1403P   4522
52.778756580309,52.778756580309,70.371675440411,                    1403P   4523
70.371675440411,70.371675440411,1.,1.,0.70710678118655,             1403P   4524
0.70710678118655,1.,1.,0.70710678118655,0.70710678118655,1.,1.,     1403P   4525
0.70710678118655,0.70710678118655,1.,1.,0.70710678118655,           1403P   4526
0.70710678118655,1.,1.,-3.37991353654976E-015,-7.2,-11.2,           1403P   4527
-3.17389696305158E-015,-6.0784609690827,-11.2,-11.2,-7.2,-11.2,     1403P   4528
-11.2,-6.0784609690827,-11.2,-11.2,-7.2,2.05733867442159E-015,      1403P   4529
-11.2,-6.0784609690827,2.05733867442159E-015,-11.2,-7.2,11.2,       1403P   4530
-11.2,-6.0784609690827,11.2,0.,-7.2,11.2,0.,-6.0784609690827,       1403P   4531
11.2,11.2,-7.2,11.2,11.2,-6.0784609690827,11.2,11.2,-7.2,           1403P   4532
-2.05733867442159E-015,11.2,-6.0784609690827,                       1403P   4533
-2.05733867442159E-015,11.2,-7.2,-11.2,11.2,-6.0784609690827,       1403P   4534
-11.2,-3.37991353654976E-015,-7.2,-11.2,-3.17389696305158E-015,     1403P   4535
-6.0784609690827,-11.2,-0.050068706737382,0.050068706737382,0.,     1403P   4536
70.371675440411;                                                    1403P   4537
126,1,1,0,0,1,0,-0.56076951545867,-0.56076951545867,                1405P   4538
0.56076951545867,0.56076951545867,1.,1.,-2.00835442026870E-015,     1405P   4539
-7.2,11.2,-1.80233784677052E-015,-6.0784609690827,11.2,             1405P   4540
-0.56076951545867,0.56076951545867,0.,0.,1.;                        1405P   4541
126,2,2,1,0,0,0,0.,0.,0.,0.57119866428906,0.57119866428906,         1407P   4542
0.57119866428906,1.,0.9594929736145,1.,0.,-6.0784609690827,         1407P   4543
11.2,3.2886167209097,-6.0784609690827,11.2,6.0551771555027,         1407P   4544
-6.0784609690827,9.4220395677092,0.,0.57119866428906,0.,1.,0.;      1407P   4545
126,2,2,1,0,0,0,0.57119866428906,0.57119866428906,                  1409P   4546
0.57119866428906,1.1423973285781,1.1423973285781,                   1409P   4547
1.1423973285781,1.,0.95949297361449,1.,6.0551771555027,             1409P   4548
-6.0784609690827,9.4220395677092,8.8217375900957,                   1409P   4549
-6.0784609690827,7.6440791354184,10.187878347971,                   1409P   4550
-6.0784609690827,4.6526481456211,0.57119866428906,                  1409P   4551
1.1423973285781,0.,1.,0.;                                           1409P   4552
126,2,2,1,0,0,0,1.1423973285781,1.1423973285781,                    1411P   4553
1.1423973285781,1.7115126595338,1.7115126595338,                    1411P   4554
1.7115126595338,1.,0.9597859244166,1.,10.187878347971,              1411P   4555
-6.0784609690827,4.6526481456211,11.548756356044,                   1411P   4556
-6.0784609690827,1.6727409704513,11.089296768073,                   1411P   4557
-6.0784609690827,-1.570826912684,1.1423973285781,                   1411P   4558
1.7115126595338,0.,1.,0.;                                           1411P   4559
126,2,2,0,0,0,0,1.7115126595338,1.7115126595338,                    1413P   4560
1.7115126595338,1.7135959928672,1.7135959928672,                    1413P   4561
1.7135959928672,1.,0.99999945746533,1.,11.089296768073,             1413P   4562
-6.0784609690827,-1.570826912684,11.087660489447,                   1413P   4563
-6.0784609690827,-1.5823782676621,11.086000149066,                  1413P   4564
-6.0784609690827,-1.5939261886608,1.7115126595338,                  1413P   4565
1.7135959928672,0.,0.,1.;                                           1413P   4566
126,2,2,1,0,0,0,1.7135959928672,1.7135959928672,                    1415P   4567
1.7135959928672,2.2847946571562,2.2847946571562,                    1415P   4568
2.2847946571562,1.,0.9594929736145,1.,11.086000149066,              1415P   4569
-6.0784609690827,-1.5939261886608,10.617981192287,                  1415P   4570
-6.0784609690827,-4.8490695331454,8.4643952327677,                  1415P   4571
-6.0784609690827,-7.3344402201872,1.7135959928672,                  1415P   4572
2.2847946571562,0.,1.,0.;                                           1415P   4573
126,2,2,1,0,0,0,2.2847946571562,2.2847946571562,                    1417P   4574
2.2847946571562,2.8559933214453,2.8559933214453,                    1417P   4575
2.8559933214453,1.,0.9594929736145,1.,8.4643952327677,              1417P   4576
-6.0784609690827,-7.3344402201872,6.310809273248,                   1417P   4577
-6.0784609690827,-9.819810907229,3.155404636624,                    1417P   4578
-6.0784609690827,-10.746321304482,2.2847946571562,                  1417P   4579
2.8559933214453,0.,1.,0.;                                           1417P   4580
126,2,2,1,0,0,0,2.8559933214453,2.8559933214453,                    1419P   4581
2.8559933214453,3.1415926535898,3.1415926535898,                    1419P   4582
3.1415926535898,1.,0.98982144188093,1.,3.155404636624,              1419P   4583
-6.0784609690827,-10.746321304482,1.6103168927437,                  1419P   4584
-6.0784609690827,-11.2,0.,-6.0784609690827,-11.2,                   1419P   4585
2.8559933214453,3.1415926535898,0.,1.,-1.87842400676535E-015;       1419P   4586
126,1,1,0,0,1,0,-0.56076951545867,-0.56076951545867,                1421P   4587
0.56076951545867,0.56076951545867,1.,1.,0.,-6.0784609690827,        1421P   4588
-11.2,0.,-7.2,-11.2,-0.56076951545867,0.56076951545867,0.,0.,       1421P   4589
1.;                                                                 1421P   4590
126,4,2,1,0,0,0,-3.1415926535898,-3.1415926535898,                  1423P   4591
-3.1415926535898,-1.5707963267949,-1.5707963267949,0.,0.,0.,1.,     1423P   4592
0.70710678118655,1.,0.70710678118655,1.,0.,-7.2,-11.2,11.2,         1423P   4593
-7.2,-11.2,11.2,-7.2,0.,11.2,-7.2,11.2,0.,-7.2,11.2,                1423P   4594
-3.1415926535898,0.,0.,-1.,0.;                                      1423P   4595
141,0,1,1403,10,1405,1,0,1407,1,0,1409,1,0,1411,1,0,1413,1,0,       1425P   4596
1415,1,0,1417,1,0,1419,1,0,1421,1,0,1423,1,0;                       1425P   4597
143,0,1403,1,1425;                                                  1427P   4598
128,1,1,1,1,0,0,1,0,0,0.,0.,22.848,22.848,0.,0.,22.848,22.848,      1429P   4599
1.,1.,1.,1.,-11.424,-7.2,11.424,-11.424,-7.2,-11.424,11.424,        1429P   4600
-7.2,11.424,11.424,-7.2,-11.424,0.,22.848,0.,22.848;                1429P   4601
126,4,2,1,0,0,0,-3.1415926535898,-3.1415926535898,                  1431P   4602
-3.1415926535898,-1.5707963267949,-1.5707963267949,0.,0.,0.,1.,     1431P   4603
0.70710678118655,1.,0.70710678118655,1.,0.,-7.2,-11.424,11.424,     1431P   4604
-7.2,-11.424,11.424,-7.2,0.,11.424,-7.2,11.424,0.,-7.2,11.424,      1431P   4605
-3.1415926535898,0.,0.,-1.,0.;                                      1431P   4606
126,4,2,1,0,0,0,0.,0.,0.,1.5707963267949,1.5707963267949,           1433P   4607
3.1415926535898,3.1415926535898,3.1415926535898,1.,                 1433P   4608
0.70710678118655,1.,0.70710678118655,1.,0.,-7.2,11.424,-11.424,     1433P   4609
-7.2,11.424,-11.424,-7.2,1.39899029860668E-015,-11.424,-7.2,        1433P   4610
-11.424,-3.42106031003819E-015,-7.2,-11.424,0.,3.1415926535898,     1433P   4611
0.,-1.,0.;                                                          1433P   4612
141,0,1,1429,2,1431,1,0,1433,1,0;                                   1435P   4613
126,4,2,1,0,0,0,0.,0.,0.,1.5707963267949,1.5707963267949,           1437P   4614
3.1415926535898,3.1415926535898,3.1415926535898,1.,                 1437P   4615
0.70710678118655,1.,0.70710678118655,1.,0.,-7.2,11.2,11.2,-7.2,     1437P   4616
11.2,11.2,-7.2,0.,11.2,-7.2,-11.2,0.,-7.2,-11.2,0.,                 1437P   4617
3.1415926535898,0.,1.,0.;                                           1437P   4618
126,4,2,1,0,0,0,-3.1415926535898,-3.1415926535898,                  1439P   4619
-3.1415926535898,-1.5707963267949,-1.5707963267949,0.,0.,0.,1.,     1439P   4620
0.70710678118655,1.,0.70710678118655,1.,-3.37991353654976E-015,     1439P   4621
-7.2,-11.2,-11.2,-7.2,-11.2,-11.2,-7.2,1.37155911628106E-015,       1439P   4622
-11.2,-7.2,11.2,0.,-7.2,11.2,-3.1415926535898,0.,0.,1.,0.;          1439P   4623
141,0,1,1429,2,1437,1,0,1439,1,0;                                   1441P   4624
143,0,1429,2,1435,1441;                                             1443P   4625
128,1,1,1,1,0,0,1,0,0,0.,0.,27.4,27.4,0.,0.,27.4,27.4,1.,1.,1.,     1445P   4626
1.,-13.7,-8.,13.7,-13.7,-8.,-13.7,13.7,-8.,13.7,13.7,-8.,-13.7,     1445P   4627
0.,27.4,0.,27.4;                                                    1445P   4628
126,4,2,1,0,0,0,-3.1415926535898,-3.1415926535898,                  1447P   4629
-3.1415926535898,-1.5707963267949,-1.5707963267949,0.,0.,0.,1.,     1447P   4630
0.70710678118655,1.,0.70710678118655,1.,0.,-8.,-13.7,13.7,-8.,      1447P   4631
-13.7,13.7,-8.,0.,13.7,-8.,13.7,0.,-8.,13.7,-3.1415926535898,       1447P   4632
0.,0.,-1.,0.;                                                       1447P   4633
126,4,2,1,0,0,0,0.,0.,0.,1.5707963267949,1.5707963267949,           1449P   4634
3.1415926535898,3.1415926535898,3.1415926535898,1.,                 1449P   4635
0.70710678118655,1.,0.70710678118655,1.,0.,-8.,13.7,-13.7,-8.,      1449P   4636
13.7,-13.7,-8.,1.67771070473666E-015,-13.7,-8.,-13.7,               1449P   4637
-3.98609368169184E-015,-8.,-13.7,0.,3.1415926535898,0.,-1.,0.;      1449P   4638
141,0,1,1445,2,1447,1,0,1449,1,0;                                   1451P   4639
126,4,2,1,0,0,0,0.,0.,0.,1.5707963267949,1.5707963267949,           1453P   4640
3.1415926535898,3.1415926535898,3.1415926535898,1.,                 1453P   4641
0.70710678118655,1.,0.70710678118655,1.,0.,-8.,11.424,11.424,       1453P   4642
-8.,11.424,11.424,-8.,0.,11.424,-8.,-11.424,0.,-8.,-11.424,0.,      1453P   4643
3.1415926535898,0.,1.,0.;                                           1453P   4644
126,4,2,1,0,0,0,-3.1415926535898,-3.1415926535898,                  1455P   4645
-3.1415926535898,-1.5707963267949,-1.5707963267949,0.,0.,0.,1.,     1455P   4646
0.70710678118655,1.,0.70710678118655,1.,-3.56801307249688E-015,     1455P   4647
-8.,-11.424,-11.424,-8.,-11.424,-11.424,-8.,                        1455P   4648
1.39899029860668E-015,-11.424,-8.,11.424,0.,-8.,11.424,             1455P   4649
-3.1415926535898,0.,0.,1.,0.;                                       1455P   4650
141,0,1,1445,2,1453,1,0,1455,1,0;                                   1457P   4651
143,0,1445,2,1451,1457;                                             1459P   4652
128,4,8,2,2,0,1,0,0,1,-3.1415926535898,-3.1415926535898,            1461P   4653
-3.1415926535898,-1.5707963267949,-1.5707963267949,                 1461P   4654
1.46549439250521E-014,1.46549439250521E-014,                        1461P   4655
1.46549439250521E-014,0.,0.,0.,1.5707963267949,1.5707963267949,     1461P   4656
3.1415926535898,3.1415926535898,4.7123889803847,                    1461P   4657
4.7123889803847,6.2831853071796,6.2831853071796,                    1461P   4658
6.2831853071796,1.,0.70710678118655,1.,0.70710678118655,1.,         1461P   4659
0.70710678118655,0.5,0.70710678118655,0.5,0.70710678118655,1.,      1461P   4660
0.70710678118655,1.,0.70710678118655,1.,0.70710678118655,0.5,       1461P   4661
0.70710678118655,0.5,0.70710678118655,1.,0.70710678118655,1.,       1461P   4662
0.70710678118655,1.,0.70710678118655,0.5,0.70710678118655,0.5,      1461P   4663
0.70710678118655,1.,0.70710678118655,1.,0.70710678118655,1.,        1461P   4664
0.70710678118655,0.5,0.70710678118655,0.5,0.70710678118655,1.,      1461P   4665
0.70710678118655,1.,0.70710678118655,1.,0.,-7.7,-13.4,0.,-8.,       1461P   4666
-13.4,0.,-8.,-13.7,0.,-8.,-14.,0.,-7.7,-14.,13.4,-7.7,-13.4,        1461P   4667
13.4,-8.,-13.4,13.7,-8.,-13.7,14.,-8.,-14.,14.,-7.7,-14.,13.4,      1461P   4668
-7.7,1.64097251412199E-015,13.4,-8.,1.64097251412199E-015,13.7,     1461P   4669
-8.,1.67771070473666E-015,14.,-8.,1.71444889535133E-015,14.,        1461P   4670
-7.7,1.71444889535133E-015,13.4,-7.7,13.4,13.4,-8.,13.4,13.7,       1461P   4671
-8.,13.7,14.,-8.,14.,14.,-7.7,14.,-3.05539285278683E-015,-7.7,      1461P   4672
13.4,-3.11050013870884E-015,-8.,13.4,-3.14723832932351E-015,        1461P   4673
-8.,13.7,-3.18397651993818E-015,-8.,14.,-3.12886923401617E-015,     1461P   4674
-7.7,14.,-13.4,-7.7,13.4,-13.4,-8.,13.4,-13.7,-8.,13.7,-14.,        1461P   4675
-8.,14.,-14.,-7.7,14.,-13.4,-7.7,-1.64097251412199E-015,-13.4,      1461P   4676
-8.,-1.64097251412199E-015,-13.7,-8.,-1.67771070473666E-015,        1461P   4677
-14.,-8.,-1.71444889535133E-015,-14.,-7.7,                          1461P   4678
-1.71444889535133E-015,-13.4,-7.7,-13.4,-13.4,-8.,-13.4,-13.7,      1461P   4679
-8.,-13.7,-14.,-8.,-14.,-14.,-7.7,-14.,0.,-7.7,-13.4,0.,-8.,        1461P   4680
-13.4,0.,-8.,-13.7,0.,-8.,-14.,0.,-7.7,-14.,-3.1415926535898,       1461P   4681
1.46549439250521E-014,0.,6.2831853071796;                           1461P   4682
126,2,2,1,0,0,0,-1.5707963267949,-1.5707963267949,                  1463P   4683
-1.5707963267949,5.99520433297585E-015,5.99520433297585E-015,       1463P   4684
5.99520433297585E-015,1.,0.70710678118655,1.,                       1463P   4685
-3.14723832932351E-015,-8.,13.7,-3.18397651993818E-015,-8.,14.,     1463P   4686
-3.12886923401617E-015,-7.7,14.,-1.5707963267949,                   1463P   4687
5.92118946466752E-015,-1.,0.,0.;                                    1463P   4688
126,4,2,1,0,0,0,0.,0.,0.,1.5707963267949,1.5707963267949,           1465P   4689
3.1415926535898,3.1415926535898,3.1415926535898,1.,                 1465P   4690
0.70710678118655,1.,0.70710678118655,1.,0.,-7.7,14.,-14.,-7.7,      1465P   4691
14.,-14.,-7.7,1.71444889535133E-015,-14.,-7.7,-14.,                 1465P   4692
-3.98609368169184E-015,-7.7,-14.,0.,3.1415926535898,0.,-1.,0.;      1465P   4693
126,2,2,1,0,0,0,-5.92118946466752E-015,-5.92118946466752E-015,      1467P   4694
-5.92118946466752E-015,1.5707963267949,1.5707963267949,             1467P   4695
1.5707963267949,1.,0.70710678118655,1.,0.,-7.7,-14.,0.,-8.,         1467P   4696
-14.,0.,-8.,-13.7,-5.92118946466752E-015,1.5707963267949,-1.,       1467P   4697
0.,0.;                                                              1467P   4698
126,4,2,1,0,0,0,-3.1415926535898,-3.1415926535898,                  1469P   4699
-3.1415926535898,-1.5707963267949,-1.5707963267949,0.,0.,0.,1.,     1469P   4700
0.70710678118655,1.,0.70710678118655,1.,-3.98609368169184E-015,     1469P   4701
-8.,-13.7,-13.7,-8.,-13.7,-13.7,-8.,1.67771070473666E-015,          1469P   4702
-13.7,-8.,13.7,0.,-8.,13.7,-3.1415926535898,0.,0.,1.,0.;            1469P   4703
141,0,1,1461,4,1463,1,0,1465,1,0,1467,1,0,1469,1,0;                 1471P   4704
143,0,1461,1,1471;                                                  1473P   4705
128,1,8,1,2,0,1,0,0,1,-0.26428571428571,-0.26428571428571,          1475P   4706
0.26428571428571,0.26428571428571,0.,0.,0.,21.991148575129,         1475P   4707
21.991148575129,43.982297150257,43.982297150257,                    1475P   4708
65.973445725386,65.973445725386,87.964594300514,                    1475P   4709
87.964594300514,87.964594300514,1.,1.,0.70710678118655,             1475P   4710
0.70710678118655,1.,1.,0.70710678118655,0.70710678118655,1.,1.,     1475P   4711
0.70710678118655,0.70710678118655,1.,1.,0.70710678118655,           1475P   4712
0.70710678118655,1.,1.,-2.62678062894900E-015,-0.3,-14.,            1475P   4713
-3.98609368169184E-015,-7.7,-14.,-14.,-0.3,-14.,-14.,-7.7,-14.,     1475P   4714
-14.,-0.3,2.57167334302699E-015,-14.,-7.7,                          1475P   4715
2.57167334302699E-015,-14.,-0.3,14.,-14.,-7.7,14.,                  1475P   4716
2.51656605710499E-015,-0.3,14.,1.15725300436215E-015,-7.7,14.,      1475P   4717
14.,-0.3,14.,14.,-7.7,14.,14.,-0.3,-2.57167334302699E-015,14.,      1475P   4718
-7.7,-2.57167334302699E-015,14.,-0.3,-14.,14.,-7.7,-14.,            1475P   4719
-2.62678062894900E-015,-0.3,-14.,-3.98609368169184E-015,-7.7,       1475P   4720
-14.,-0.26428571428571,0.26428571428571,0.,87.964594300514;         1475P   4721
126,1,1,0,0,1,0,-3.7,-3.7,3.7,3.7,1.,1.,-2.27164478634051E-015,     1477P   4722
-7.7,14.,0.,-0.3,14.,-3.7,3.7,0.,0.,1.;                             1477P   4723
126,4,2,1,0,0,0,0.,0.,0.,1.5707963267949,1.5707963267949,           1479P   4724
3.1415926535898,3.1415926535898,3.1415926535898,1.,                 1479P   4725
0.70710678118655,1.,0.70710678118655,1.,0.,-0.3,14.,-14.,-0.3,      1479P   4726
14.,-14.,-0.3,1.71444889535133E-015,-14.,-0.3,-14.,                 1479P   4727
-2.62678062894900E-015,-0.3,-14.,0.,3.1415926535898,0.,-1.,0.;      1479P   4728
126,1,1,0,0,1,0,-3.7,-3.7,3.7,3.7,1.,1.,0.,-0.3,-14.,0.,-7.7,       1481P   4729
-14.,-3.7,3.7,0.,0.,1.;                                             1481P   4730
126,4,2,1,0,0,0,-3.1415926535898,-3.1415926535898,                  1483P   4731
-3.1415926535898,-1.5707963267949,-1.5707963267949,0.,0.,0.,1.,     1483P   4732
0.70710678118655,1.,0.70710678118655,1.,-3.98609368169184E-015,     1483P   4733
-7.7,-14.,-14.,-7.7,-14.,-14.,-7.7,1.71444889535133E-015,-14.,      1483P   4734
-7.7,14.,0.,-7.7,14.,-3.1415926535898,0.,0.,1.,0.;                  1483P   4735
141,0,1,1475,4,1477,1,0,1479,1,0,1481,1,0,1483,1,0;                 1485P   4736
143,0,1475,1,1485;                                                  1487P   4737
128,4,8,2,2,0,1,0,0,1,-1.54083198746397E-015,                       1489P   4738
-1.54083198746397E-015,-1.54083198746397E-015,1.5707963267949,      1489P   4739
1.5707963267949,3.1415926535898,3.1415926535898,                    1489P   4740
3.1415926535898,0.,0.,0.,1.5707963267949,1.5707963267949,           1489P   4741
3.1415926535898,3.1415926535898,4.7123889803847,                    1489P   4742
4.7123889803847,6.2831853071796,6.2831853071796,                    1489P   4743
6.2831853071796,1.,0.70710678118654,1.,0.70710678118654,1.,         1489P   4744
0.70710678118655,0.5,0.70710678118655,0.5,0.70710678118655,1.,      1489P   4745
0.70710678118654,1.,0.70710678118654,1.,0.70710678118655,0.5,       1489P   4746
0.70710678118655,0.5,0.70710678118655,1.,0.70710678118654,1.,       1489P   4747
0.70710678118654,1.,0.70710678118655,0.5,0.70710678118655,0.5,      1489P   4748
0.70710678118655,1.,0.70710678118654,1.,0.70710678118654,1.,        1489P   4749
0.70710678118655,0.5,0.70710678118655,0.5,0.70710678118655,1.,      1489P   4750
0.70710678118654,1.,0.70710678118654,1.,1.65934160942932E-015,      1489P   4751
-0.3,-14.,1.71444889535133E-015,0.,-14.,1.67771070473666E-015,      1489P   4752
0.,-13.7,1.64097251412199E-015,0.,-13.4,1.58586522819998E-015,      1489P   4753
-0.3,-13.4,14.,-0.30000000000001,-14.,14.,                          1489P   4754
-3.08045825176198E-015,-14.,13.7,-2.96065526695505E-015,-13.7,      1489P   4755
13.4,-2.95187458461063E-015,-13.4,13.4,-0.30000000000001,-13.4,     1489P   4756
14.,-0.30000000000001,1.71444889535133E-015,14.,                    1489P   4757
-3.07127370410831E-015,1.71444889535133E-015,13.7,                  1489P   4758
-2.96065526695505E-015,1.67771070473666E-015,13.4,                  1489P   4759
-2.96105913226430E-015,1.64097251412199E-015,13.4,                  1489P   4760
-0.30000000000001,1.64097251412199E-015,14.,-0.30000000000001,      1489P   4761
14.,14.,-3.06208915645464E-015,14.,13.7,-2.96065526695505E-015,     1489P   4762
13.7,13.4,-2.97024367991797E-015,13.4,13.4,-0.30000000000001,       1489P   4763
13.4,-1.76955618127334E-015,-0.3,14.,-1.71444889535133E-015,0.,     1489P   4764
14.,-1.67771070473666E-015,0.,13.7,-1.64097251412199E-015,0.,       1489P   4765
13.4,-1.69607980004399E-015,-0.3,13.4,-14.,-0.3,14.,-14.,           1489P   4766
2.08125752959934E-015,14.,-13.7,2.07247684725492E-015,13.7,         1489P   4767
-13.4,1.95267386244799E-015,13.4,-13.4,-0.3,13.4,-14.,-0.3,         1489P   4768
-1.71444889535133E-015,-14.,2.07207298194567E-015,                  1489P   4769
-1.71444889535133E-015,-13.7,2.07247684725492E-015,                 1489P   4770
-1.67771070473666E-015,-13.4,1.96185841010166E-015,                 1489P   4771
-1.64097251412199E-015,-13.4,-0.3,-1.64097251412199E-015,-14.,      1489P   4772
-0.3,-14.,-14.,2.06288843429200E-015,-14.,-13.7,                    1489P   4773
2.07247684725492E-015,-13.7,-13.4,1.97104295775532E-015,-13.4,      1489P   4774
-13.4,-0.3,-13.4,1.65934160942932E-015,-0.3,-14.,                   1489P   4775
1.71444889535133E-015,0.,-14.,1.67771070473666E-015,0.,-13.7,       1489P   4776
1.64097251412199E-015,0.,-13.4,1.58586522819998E-015,-0.3,          1489P   4777
-13.4,-1.54083198746397E-015,3.1415926535898,0.,                    1489P   4778
6.2831853071796;                                                    1489P   4779
126,2,2,1,0,0,0,7.03141248929260E-015,7.03141248929260E-015,        1491P   4780
7.03141248929260E-015,1.5707963267949,1.5707963267949,              1491P   4781
1.5707963267949,1.,0.70710678118655,1.,-1.76955618127334E-015,      1491P   4782
-0.3,14.,-1.71444889535133E-015,-2.76253764872405E-015,14.,         1491P   4783
-1.67771070473666E-015,0.,13.7,7.03141248929260E-015,               1491P   4784
1.5707963267949,-1.,0.,0.;                                          1491P   4785
126,4,2,1,0,0,0,0.,0.,0.,1.5707963267949,1.5707963267949,           1493P   4786
3.1415926535898,3.1415926535898,3.1415926535898,1.,                 1493P   4787
0.70710678118655,1.,0.70710678118655,1.,0.,0.,13.7,-13.7,           1493P   4788
1.67771070473666E-015,13.7,-13.7,1.67771070473666E-015,             1493P   4789
1.67771070473666E-015,-13.7,1.67771070473666E-015,-13.7,            1493P   4790
-2.51656605710499E-015,0.,-13.7,0.,3.1415926535898,0.,-1.,0.;       1493P   4791
126,2,2,1,0,0,0,-1.5707963267949,-1.5707963267949,                  1495P   4792
-1.5707963267949,-7.32747196252603E-015,-7.32747196252603E-015,     1495P   4793
-7.32747196252603E-015,1.,0.70710678118655,1.,                      1495P   4794
1.67771070473666E-015,0.,-13.7,1.71444889535133E-015,               1495P   4795
-2.76253764872405E-015,-14.,1.65934160942932E-015,-0.3,-14.,        1495P   4796
-1.5707963267949,-7.40148683083432E-015,-1.,0.,0.;                  1495P   4797
126,4,2,1,0,0,0,-3.1415926535898,-3.1415926535898,                  1497P   4798
-3.1415926535898,-1.5707963267949,-1.5707963267949,0.,0.,0.,1.,     1497P   4799
0.70710678118655,1.,0.70710678118655,1.,-2.62678062894900E-015,     1497P   4800
-0.3,-14.,-14.,-0.3,-14.,-14.,-0.3,1.71444889535133E-015,-14.,      1497P   4801
-0.3,14.,0.,-0.3,14.,-3.1415926535898,0.,0.,1.,0.;                  1497P   4802
141,0,1,1489,4,1491,1,0,1493,1,0,1495,1,0,1497,1,0;                 1499P   4803
143,0,1489,1,1499;                                                  1501P   4804
128,1,1,1,1,0,0,1,0,0,0.,0.,27.4,27.4,0.,0.,27.4,27.4,1.,1.,1.,     1503P   4805
1.,-13.7,1.75424860185056E-015,-13.7,-13.7,                         1503P   4806
1.75424860185056E-015,13.7,13.7,-3.27888351235942E-015,-13.7,       1503P   4807
13.7,-3.27888351235942E-015,13.7,0.,27.4,0.,27.4;                   1503P   4808
126,4,2,1,0,0,0,-3.1415926535898,-3.1415926535898,                  1505P   4809
-3.1415926535898,-1.5707963267949,-1.5707963267949,0.,0.,0.,1.,     1505P   4810
0.70710678118655,1.,0.70710678118655,1.,0.,0.,-11.2,11.2,           1505P   4811
-2.74311823256213E-015,-11.2,11.2,-2.74311823256213E-015,0.,        1505P   4812
11.2,-2.74311823256213E-015,11.2,0.,0.,11.2,-3.1415926535898,       1505P   4813
0.,0.,-1.,0.;                                                       1505P   4814
126,4,2,1,0,0,0,0.,0.,0.,1.5707963267949,1.5707963267949,           1507P   4815
3.1415926535898,3.1415926535898,3.1415926535898,1.,                 1507P   4816
0.70710678118655,1.,0.70710678118655,1.,0.,0.,11.2,-11.2,           1507P   4817
1.37155911628106E-015,11.2,-11.2,1.37155911628106E-015,             1507P   4818
1.37155911628106E-015,-11.2,1.37155911628106E-015,-11.2,            1507P   4819
-2.05733867442159E-015,0.,-11.2,0.,3.1415926535898,0.,-1.,0.;       1507P   4820
141,0,1,1503,2,1505,1,0,1507,1,0;                                   1509P   4821
126,4,2,1,0,0,0,0.,0.,0.,1.5707963267949,1.5707963267949,           1511P   4822
3.1415926535898,3.1415926535898,3.1415926535898,1.,                 1511P   4823
0.70710678118655,1.,0.70710678118655,1.,0.,0.,13.7,13.7,            1511P   4824
-3.35542140947331E-015,13.7,13.7,-3.35542140947331E-015,0.,         1511P   4825
13.7,-3.35542140947331E-015,-13.7,0.,0.,-13.7,0.,                   1511P   4826
3.1415926535898,0.,1.,0.;                                           1511P   4827
126,4,2,1,0,0,0,-3.1415926535898,-3.1415926535898,                  1513P   4828
-3.1415926535898,-1.5707963267949,-1.5707963267949,0.,0.,0.,1.,     1513P   4829
0.70710678118655,1.,0.70710678118655,1.,-2.51656605710499E-015,     1513P   4830
0.,-13.7,-13.7,1.67771070473666E-015,-13.7,-13.7,                   1513P   4831
1.67771070473666E-015,1.67771070473666E-015,-13.7,                  1513P   4832
1.67771070473666E-015,13.7,0.,0.,13.7,-3.1415926535898,0.,0.,       1513P   4833
1.,0.;                                                              1513P   4834
141,0,1,1503,2,1511,1,0,1513,1,0;                                   1515P   4835
143,0,1503,2,1509,1515;                                             1517P   4836
128,4,8,2,2,0,1,0,0,1,-1.5707963267949,-1.5707963267949,            1519P   4837
-1.5707963267949,0.,0.,1.5707963267949,1.5707963267949,             1519P   4838
1.5707963267949,0.,0.,0.,1.5707963267949,1.5707963267949,           1519P   4839
3.1415926535898,3.1415926535898,4.7123889803847,                    1519P   4840
4.7123889803847,6.2831853071796,6.2831853071796,                    1519P   4841
6.2831853071796,1.,0.70710678118655,1.,0.70710678118655,1.,         1519P   4842
0.70710678118655,0.5,0.70710678118655,0.5,0.70710678118655,1.,      1519P   4843
0.70710678118655,1.,0.70710678118655,1.,0.70710678118655,0.5,       1519P   4844
0.70710678118655,0.5,0.70710678118655,1.,0.70710678118655,1.,       1519P   4845
0.70710678118655,1.,0.70710678118655,0.5,0.70710678118655,0.5,      1519P   4846
0.70710678118655,1.,0.70710678118655,1.,0.70710678118655,1.,        1519P   4847
0.70710678118655,0.5,0.70710678118655,0.5,0.70710678118655,1.,      1519P   4848
0.70710678118655,1.,0.70710678118655,1.,6.9132031646943,-4.,        1519P   4849
3.1571540988143,6.9132031646943,-1.6,3.1571540988143,               1519P   4850
9.0963199535452,-1.6,4.1541501300188,11.279436742396,-1.6,          1519P   4851
5.1511461612234,11.279436742396,-4.,5.1511461612234,                1519P   4852
6.9132031646943,-4.,3.1571540988143,7.9101991958989,-1.6,           1519P   4853
0.97403730996347,10.09331598475,-1.6,1.971033341168,                1519P   4854
12.276432773601,-1.6,2.9680293723725,11.279436742396,-4.,           1519P   4855
5.1511461612234,6.9132031646943,-4.,3.1571540988143,                1519P   4856
7.9101991958989,-4.,0.97403730996347,10.09331598475,-4.,            1519P   4857
1.971033341168,12.276432773601,-4.,2.9680293723725,                 1519P   4858
11.279436742396,-4.,5.1511461612234,6.9132031646943,-4.,            1519P   4859
3.1571540988143,7.9101991958989,-6.4,0.97403730996347,              1519P   4860
10.09331598475,-6.4,1.971033341168,12.276432773601,-6.4,            1519P   4861
2.9680293723725,11.279436742396,-4.,5.1511461612234,                1519P   4862
6.9132031646943,-4.,3.1571540988143,6.9132031646943,-6.4,           1519P   4863
3.1571540988143,9.0963199535452,-6.4,4.1541501300188,               1519P   4864
11.279436742396,-6.4,5.1511461612234,11.279436742396,-4.,           1519P   4865
5.1511461612234,6.9132031646943,-4.,3.1571540988143,                1519P   4866
5.9162071334898,-6.4,5.3402708876652,8.0993239223407,-6.4,          1519P   4867
6.3372669188697,10.282440711192,-6.4,7.3342629500742,               1519P   4868
11.279436742396,-4.,5.1511461612234,6.9132031646943,-4.,            1519P   4869
3.1571540988143,5.9162071334898,-4.,5.3402708876652,                1519P   4870
8.0993239223407,-4.,6.3372669188697,10.282440711192,-4.,            1519P   4871
7.3342629500742,11.279436742396,-4.,5.1511461612234,                1519P   4872
6.9132031646943,-4.,3.1571540988143,5.9162071334898,-1.6,           1519P   4873
5.3402708876652,8.0993239223407,-1.6,6.3372669188697,               1519P   4874
10.282440711192,-1.6,7.3342629500742,11.279436742396,-4.,           1519P   4875
5.1511461612234,6.9132031646943,-4.,3.1571540988143,                1519P   4876
6.9132031646943,-1.6,3.1571540988143,9.0963199535452,-1.6,          1519P   4877
4.1541501300188,11.279436742396,-1.6,5.1511461612234,               1519P   4878
11.279436742396,-4.,5.1511461612234,-1.5707963267949,               1519P   4879
1.5707963267949,0.,6.2831853071796;                                 1519P   4880
126,2,2,1,0,0,0,-0.5235987755983,-0.5235987755983,                  1521P   4881
-0.5235987755983,0.5235987755983,0.5235987755983,                   1521P   4882
0.5235987755983,1.,0.86602540378444,1.,10.187878347971,             1521P   4883
-1.9215390309174,4.6526481456211,9.0963199535452,                   1521P   4884
-1.2287187078898,4.1541501300188,8.0047615591198,                   1521P   4885
-1.9215390309173,3.6556521144166,-0.5235987755983,                  1521P   4886
0.5235987755983,-0.41541501300188,0.,0.90963199535452;              1521P   4887
126,2,2,1,0,0,0,-4.1887902047864,-4.1887902047864,                  1523P   4888
-4.1887902047864,-3.1415926535898,-3.1415926535898,                 1523P   4889
-3.1415926535898,1.,0.86602540378444,1.,8.0047615591198,            1523P   4890
-1.9215390309173,3.6556521144166,6.9132031646943,                   1523P   4891
-2.6143593539449,3.1571540988143,6.9132031646943,-4.,               1523P   4892
3.1571540988143,-4.1887902047864,-3.1415926535898,                  1523P   4893
-0.41541501300188,0.,0.90963199535452;                              1523P   4894
126,2,2,1,0,0,0,-3.1415926535898,-3.1415926535898,                  1525P   4895
-3.1415926535898,-2.0943951023932,-2.0943951023932,                 1525P   4896
-2.0943951023932,1.,0.86602540378444,1.,6.9132031646943,-4.,        1525P   4897
3.1571540988143,6.9132031646943,-5.3856406460551,                   1525P   4898
3.1571540988143,8.0047615591198,-6.0784609690827,                   1525P   4899
3.6556521144166,-3.1415926535898,-2.0943951023932,                  1525P   4900
-0.41541501300188,0.,0.90963199535452;                              1525P   4901
126,2,2,1,0,0,0,2.6179938779915,2.6179938779915,                    1527P   4902
2.6179938779915,3.6651914291881,3.6651914291881,                    1527P   4903
3.6651914291881,1.,0.86602540378444,1.,8.0047615591198,             1527P   4904
-6.0784609690827,3.6556521144166,9.0963199535452,                   1527P   4905
-6.7712812921102,4.1541501300188,10.187878347971,                   1527P   4906
-6.0784609690827,4.6526481456211,2.6179938779915,                   1527P   4907
3.6651914291881,-0.41541501300189,0.,0.90963199535452;              1527P   4908
126,2,2,1,0,0,0,-1.0471975511966,-1.0471975511966,                  1529P   4909
-1.0471975511966,-1.86831771030676E-015,-1.86831771030676E-015,     1529P   4910
-1.86831771030676E-015,1.,0.86602540378444,1.,10.187878347971,      1529P   4911
-6.0784609690827,4.6526481456211,11.279436742396,                   1529P   4912
-5.3856406460551,5.1511461612234,11.279436742396,-4.,               1529P   4913
5.1511461612234,-1.0471975511966,-1.86831771030676E-015,            1529P   4914
-0.41541501300188,0.,0.90963199535452;                              1529P   4915
126,2,2,1,0,0,0,-1.77635683940025E-015,-1.77635683940025E-015,      1531P   4916
-1.77635683940025E-015,1.0471975511966,1.0471975511966,             1531P   4917
1.0471975511966,1.,0.86602540378444,1.,11.279436742396,-4.,         1531P   4918
5.1511461612234,11.279436742396,-2.6143593539449,                   1531P   4919
5.1511461612234,10.187878347971,-1.9215390309174,                   1531P   4920
4.6526481456211,-1.86831771030676E-015,1.0471975511966,             1531P   4921
-0.41541501300188,0.,0.90963199535452;                              1531P   4922
141,0,1,1519,6,1521,1,0,1523,1,0,1525,1,0,1527,1,0,1529,1,0,        1533P   4923
1531,1,0;                                                           1533P   4924
143,0,1519,1,1533;                                                  1535P   4925
128,4,8,2,2,0,1,0,0,1,-1.5707963267949,-1.5707963267949,            1537P   4926
-1.5707963267949,0.,0.,1.5707963267949,1.5707963267949,             1537P   4927
1.5707963267949,0.,0.,0.,1.5707963267949,1.5707963267949,           1537P   4928
3.1415926535898,3.1415926535898,4.7123889803847,                    1537P   4929
4.7123889803847,6.2831853071796,6.2831853071796,                    1537P   4930
6.2831853071796,1.,0.70710678118655,1.,0.70710678118655,1.,         1537P   4931
0.70710678118655,0.5,0.70710678118655,0.5,0.70710678118655,1.,      1537P   4932
0.70710678118655,1.,0.70710678118655,1.,0.70710678118655,0.5,       1537P   4933
0.70710678118655,0.5,0.70710678118655,1.,0.70710678118655,1.,       1537P   4934
0.70710678118655,1.,0.70710678118655,0.5,0.70710678118655,0.5,      1537P   4935
0.70710678118655,1.,0.70710678118655,1.,0.70710678118655,1.,        1537P   4936
0.70710678118655,0.5,0.70710678118655,0.5,0.70710678118655,1.,      1537P   4937
0.70710678118655,1.,0.70710678118655,1.,5.7436967650924,-4.,        1537P   4938
-4.9769415779842,5.7436967650924,-1.6,-4.9769415779842,             1537P   4939
7.5574957435426,-1.6,-6.5486073394529,9.3712947219928,-1.6,         1537P   4940
-8.1202731009215,9.3712947219928,-4.,-8.1202731009215,              1537P   4941
5.7436967650924,-4.,-4.9769415779842,4.1720310036237,-1.6,          1537P   4942
-6.7907405564344,5.9858299820739,-1.6,-8.3624063179031,             1537P   4943
7.7996289605241,-1.6,-9.9340720793718,9.3712947219928,-4.,          1537P   4944
-8.1202731009215,5.7436967650924,-4.,-4.9769415779842,              1537P   4945
4.1720310036237,-4.,-6.7907405564344,5.9858299820739,-4.,           1537P   4946
-8.3624063179031,7.7996289605241,-4.,-9.9340720793718,              1537P   4947
9.3712947219928,-4.,-8.1202731009215,5.7436967650924,-4.,           1537P   4948
-4.9769415779842,4.1720310036237,-6.4,-6.7907405564344,             1537P   4949
5.9858299820739,-6.4,-8.3624063179031,7.7996289605241,-6.4,         1537P   4950
-9.9340720793718,9.3712947219928,-4.,-8.1202731009215,              1537P   4951
5.7436967650924,-4.,-4.9769415779842,5.7436967650924,-6.4,          1537P   4952
-4.9769415779842,7.5574957435426,-6.4,-6.5486073394529,             1537P   4953
9.3712947219928,-6.4,-8.1202731009215,9.3712947219928,-4.,          1537P   4954
-8.1202731009215,5.7436967650924,-4.,-4.9769415779842,              1537P   4955
7.315362526561,-6.4,-3.163142599534,9.1291615050113,-6.4,           1537P   4956
-4.7348083610026,10.942960483461,-6.4,-6.3064741224713,             1537P   4957
9.3712947219928,-4.,-8.1202731009215,5.7436967650924,-4.,           1537P   4958
-4.9769415779842,7.315362526561,-4.,-3.163142599534,                1537P   4959
9.1291615050113,-4.,-4.7348083610026,10.942960483461,-4.,           1537P   4960
-6.3064741224713,9.3712947219928,-4.,-8.1202731009215,              1537P   4961
5.7436967650924,-4.,-4.9769415779842,7.315362526561,-1.6,           1537P   4962
-3.163142599534,9.1291615050113,-1.6,-4.7348083610026,              1537P   4963
10.942960483461,-1.6,-6.3064741224713,9.3712947219928,-4.,          1537P   4964
-8.1202731009215,5.7436967650924,-4.,-4.9769415779842,              1537P   4965
5.7436967650924,-1.6,-4.9769415779842,7.5574957435426,-1.6,         1537P   4966
-6.5486073394529,9.3712947219928,-1.6,-8.1202731009215,             1537P   4967
9.3712947219928,-4.,-8.1202731009215,-1.5707963267949,              1537P   4968
1.5707963267949,0.,6.2831853071796;                                 1537P   4969
126,2,2,1,0,0,0,-0.5235987755983,-0.5235987755983,                  1539P   4970
-0.5235987755983,0.5235987755983,0.5235987755983,                   1539P   4971
0.5235987755983,1.,0.86602540378444,1.,8.4643952327677,             1539P   4972
-1.9215390309174,-7.3344402201872,7.5574957435426,                  1539P   4973
-1.2287187078898,-6.5486073394529,6.6505962543175,                  1539P   4974
-1.9215390309173,-5.7627744587185,-0.5235987755983,                 1539P   4975
0.5235987755983,0.65486073394529,0.,0.75574957435426;               1539P   4976
126,2,2,1,0,0,0,-4.1887902047864,-4.1887902047864,                  1541P   4977
-4.1887902047864,-3.1415926535898,-3.1415926535898,                 1541P   4978
-3.1415926535898,1.,0.86602540378444,1.,6.6505962543175,            1541P   4979
-1.9215390309173,-5.7627744587185,5.7436967650924,                  1541P   4980
-2.6143593539449,-4.9769415779842,5.7436967650924,-4.,              1541P   4981
-4.9769415779842,-4.1887902047864,-3.1415926535898,                 1541P   4982
0.65486073394529,0.,0.75574957435426;                               1541P   4983
126,2,2,1,0,0,0,-3.1415926535898,-3.1415926535898,                  1543P   4984
-3.1415926535898,-2.0943951023932,-2.0943951023932,                 1543P   4985
-2.0943951023932,1.,0.86602540378444,1.,5.7436967650924,-4.,        1543P   4986
-4.9769415779842,5.7436967650924,-5.3856406460551,                  1543P   4987
-4.9769415779842,6.6505962543175,-6.0784609690827,                  1543P   4988
-5.7627744587185,-3.1415926535898,-2.0943951023932,                 1543P   4989
0.65486073394529,0.,0.75574957435426;                               1543P   4990
126,2,2,1,0,0,0,2.6179938779915,2.6179938779915,                    1545P   4991
2.6179938779915,3.6651914291881,3.6651914291881,                    1545P   4992
3.6651914291881,1.,0.86602540378444,1.,6.6505962543175,             1545P   4993
-6.0784609690827,-5.7627744587185,7.5574957435426,                  1545P   4994
-6.7712812921102,-6.5486073394529,8.4643952327677,                  1545P   4995
-6.0784609690827,-7.3344402201872,2.6179938779915,                  1545P   4996
3.6651914291881,0.65486073394529,0.,0.75574957435426;               1545P   4997
126,2,2,1,0,0,0,-1.0471975511966,-1.0471975511966,                  1547P   4998
-1.0471975511966,-1.34147300656896E-015,-1.34147300656896E-015,     1547P   4999
-1.34147300656896E-015,1.,0.86602540378444,1.,8.4643952327677,      1547P   5000
-6.0784609690827,-7.3344402201872,9.3712947219928,                  1547P   5001
-5.3856406460551,-8.1202731009215,9.3712947219928,-4.,              1547P   5002
-8.1202731009215,-1.0471975511966,-1.34147300656896E-015,           1547P   5003
0.65486073394529,0.,0.75574957435426;                               1547P   5004
126,2,2,1,0,0,0,-1.33226762955019E-015,-1.33226762955019E-015,      1549P   5005
-1.33226762955019E-015,1.0471975511966,1.0471975511966,             1549P   5006
1.0471975511966,1.,0.86602540378443,1.,9.3712947219928,-4.,         1549P   5007
-8.1202731009215,9.3712947219928,-2.6143593539449,                  1549P   5008
-8.1202731009216,8.4643952327677,-1.9215390309174,                  1549P   5009
-7.3344402201872,-1.34147300656896E-015,1.0471975511966,            1549P   5010
0.65486073394529,0.,0.75574957435426;                               1549P   5011
141,0,1,1537,6,1539,1,0,1541,1,0,1543,1,0,1545,1,0,1547,1,0,        1551P   5012
1549,1,0;                                                           1551P   5013
143,0,1537,1,1551;                                                  1553P   5014
128,4,8,2,2,0,1,0,0,1,-1.5707963267949,-1.5707963267949,            1555P   5015
-1.5707963267949,0.,0.,1.5707963267949,1.5707963267949,             1555P   5016
1.5707963267949,0.,0.,0.,1.5707963267949,1.5707963267949,           1555P   5017
3.1415926535898,3.1415926535898,4.7123889803847,                    1555P   5018
4.7123889803847,6.2831853071796,6.2831853071796,                    1555P   5019
6.2831853071796,1.,0.70710678118655,1.,0.70710678118655,1.,         1555P   5020
0.70710678118655,0.5,0.70710678118655,0.5,0.70710678118655,1.,      1555P   5021
0.70710678118655,1.,0.70710678118655,1.,0.70710678118655,0.5,       1555P   5022
0.70710678118655,0.5,0.70710678118655,1.,0.70710678118655,1.,       1555P   5023
0.70710678118655,1.,0.70710678118655,0.5,0.70710678118655,0.5,      1555P   5024
0.70710678118655,1.,0.70710678118655,1.,0.70710678118655,1.,        1555P   5025
0.70710678118655,0.5,0.70710678118655,0.5,0.70710678118655,1.,      1555P   5026
0.70710678118655,1.,0.70710678118655,1.,-2.1411674319949,-4.,       1555P   5027
-7.2921465994702,-2.1411674319949,-1.6,-7.2921465994702,            1555P   5028
-2.8173255684143,-1.6,-9.594929736145,-3.4934837048337,-1.6,        1555P   5029
-11.89771287282,-3.4934837048337,-4.,-11.89771287282,               1555P   5030
-2.1411674319949,-4.,-7.2921465994702,-4.4439505686697,-1.6,        1555P   5031
-6.6159884630507,-5.1201087050891,-1.6,-8.9187715997255,            1555P   5032
-5.7962668415085,-1.6,-11.2215547364,-3.4934837048337,-4.,          1555P   5033
-11.89771287282,-2.1411674319949,-4.,-7.2921465994702,              1555P   5034
-4.4439505686697,-4.,-6.6159884630507,-5.1201087050891,-4.,         1555P   5035
-8.9187715997255,-5.7962668415085,-4.,-11.2215547364,               1555P   5036
-3.4934837048337,-4.,-11.89771287282,-2.1411674319949,-4.,          1555P   5037
-7.2921465994702,-4.4439505686697,-6.4,-6.6159884630507,            1555P   5038
-5.1201087050891,-6.4,-8.9187715997255,-5.7962668415085,-6.4,       1555P   5039
-11.2215547364,-3.4934837048337,-4.,-11.89771287282,                1555P   5040
-2.1411674319949,-4.,-7.2921465994702,-2.1411674319949,-6.4,        1555P   5041
-7.2921465994702,-2.8173255684143,-6.4,-9.594929736145,             1555P   5042
-3.4934837048337,-6.4,-11.89771287282,-3.4934837048337,-4.,         1555P   5043
-11.89771287282,-2.1411674319949,-4.,-7.2921465994702,              1555P   5044
0.16161570467992,-6.4,-7.9683047358896,-0.51454243173951,-6.4,      1555P   5045
-10.271087872564,-1.1907005681589,-6.4,-12.573871009239,            1555P   5046
-3.4934837048337,-4.,-11.89771287282,-2.1411674319949,-4.,          1555P   5047
-7.2921465994702,0.16161570467992,-4.,-7.9683047358896,             1555P   5048
-0.51454243173951,-4.,-10.271087872564,-1.1907005681589,-4.,        1555P   5049
-12.573871009239,-3.4934837048337,-4.,-11.89771287282,              1555P   5050
-2.1411674319949,-4.,-7.2921465994702,0.16161570467992,-1.6,        1555P   5051
-7.9683047358896,-0.51454243173951,-1.6,-10.271087872564,           1555P   5052
-1.1907005681589,-1.6,-12.573871009239,-3.4934837048337,-4.,        1555P   5053
-11.89771287282,-2.1411674319949,-4.,-7.2921465994702,              1555P   5054
-2.1411674319949,-1.6,-7.2921465994702,-2.8173255684143,-1.6,       1555P   5055
-9.594929736145,-3.4934837048337,-1.6,-11.89771287282,              1555P   5056
-3.4934837048337,-4.,-11.89771287282,-1.5707963267949,              1555P   5057
1.5707963267949,0.,6.2831853071796;                                 1555P   5058
126,2,2,1,0,0,0,-2.0943951023932,-2.0943951023932,                  1557P   5059
-2.0943951023932,-1.0471975511966,-1.0471975511966,                 1557P   5060
-1.0471975511966,1.,0.86602540378444,1.,-3.155404636624,            1557P   5061
-6.0784609690827,-10.746321304482,-2.8173255684143,                 1557P   5062
-6.7712812921102,-9.594929736145,-2.4792465002046,                  1557P   5063
-6.0784609690827,-8.4435381678076,-2.0943951023932,                 1557P   5064
-1.0471975511966,-0.9594929736145,0.,0.28173255684143;              1557P   5065
126,2,2,1,0,0,0,2.0943951023932,2.0943951023932,                    1559P   5066
2.0943951023932,3.1415926535898,3.1415926535898,                    1559P   5067
3.1415926535898,1.,0.86602540378444,1.,-2.4792465002046,            1559P   5068
-6.0784609690827,-8.4435381678076,-2.1411674319949,                 1559P   5069
-5.3856406460551,-7.2921465994702,-2.1411674319949,-4.,             1559P   5070
-7.2921465994702,2.0943951023932,3.1415926535898,                   1559P   5071
-0.9594929736145,0.,0.28173255684143;                               1559P   5072
126,2,2,1,0,0,0,3.1415926535898,3.1415926535898,                    1561P   5073
3.1415926535898,4.1887902047864,4.1887902047864,                    1561P   5074
4.1887902047864,1.,0.86602540378444,1.,-2.1411674319949,-4.,        1561P   5075
-7.2921465994702,-2.1411674319949,-2.6143593539449,                 1561P   5076
-7.2921465994702,-2.4792465002046,-1.9215390309173,                 1561P   5077
-8.4435381678076,3.1415926535898,4.1887902047864,                   1561P   5078
-0.9594929736145,0.,0.28173255684143;                               1561P   5079
126,2,2,1,0,0,0,1.0471975511966,1.0471975511966,                    1563P   5080
1.0471975511966,2.0943951023932,2.0943951023932,                    1563P   5081
2.0943951023932,1.,0.86602540378444,1.,-2.4792465002046,            1563P   5082
-1.9215390309173,-8.4435381678076,-2.8173255684143,                 1563P   5083
-1.2287187078898,-9.594929736145,-3.155404636624,                   1563P   5084
-1.9215390309174,-10.746321304482,1.0471975511966,                  1563P   5085
2.0943951023932,-0.9594929736145,0.,0.28173255684143;               1563P   5086
126,2,2,1,0,0,0,-1.0471975511966,-1.0471975511966,                  1565P   5087
-1.0471975511966,1.99840144432528E-015,1.99840144432528E-015,       1565P   5088
1.99840144432528E-015,1.,0.86602540378444,1.,-3.155404636624,       1565P   5089
-1.9215390309174,-10.746321304482,-3.4934837048337,                 1565P   5090
-2.6143593539449,-11.89771287282,-3.4934837048337,-4.,              1565P   5091
-11.89771287282,-1.0471975511966,1.90212342958659E-015,             1565P   5092
-0.9594929736145,0.,0.28173255684143;                               1565P   5093
126,2,2,1,0,0,0,1.90212342958659E-015,1.90212342958659E-015,        1567P   5094
1.90212342958659E-015,1.0471975511966,1.0471975511966,              1567P   5095
1.0471975511966,1.,0.86602540378444,1.,-3.4934837048337,-4.,        1567P   5096
-11.89771287282,-3.4934837048337,-5.3856406460551,                  1567P   5097
-11.89771287282,-3.155404636624,-6.0784609690827,                   1567P   5098
-10.746321304482,1.90212342958659E-015,1.0471975511966,             1567P   5099
-0.9594929736145,0.,0.28173255684143;                               1567P   5100
141,0,1,1555,6,1557,1,0,1559,1,0,1561,1,0,1563,1,0,1565,1,0,        1569P   5101
1567,1,0;                                                           1569P   5102
143,0,1555,1,1569;                                                  1571P   5103
128,4,8,2,2,0,1,0,0,1,-1.5707963267949,-1.5707963267949,            1573P   5104
-1.5707963267949,0.,0.,1.5707963267949,1.5707963267949,             1573P   5105
1.5707963267949,0.,0.,0.,1.5707963267949,1.5707963267949,           1573P   5106
3.1415926535898,3.1415926535898,4.7123889803847,                    1573P   5107
4.7123889803847,6.2831853071796,6.2831853071796,                    1573P   5108
6.2831853071796,1.,0.70710678118655,1.,0.70710678118655,1.,         1573P   5109
0.70710678118655,0.5,0.70710678118655,0.5,0.70710678118655,1.,      1573P   5110
0.70710678118655,1.,0.70710678118655,1.,0.70710678118655,0.5,       1573P   5111
0.70710678118655,0.5,0.70710678118655,1.,0.70710678118655,1.,       1573P   5112
0.70710678118655,1.,0.70710678118655,0.5,0.70710678118655,0.5,      1573P   5113
0.70710678118655,1.,0.70710678118655,1.,0.70710678118655,1.,        1573P   5114
0.70710678118655,0.5,0.70710678118655,0.5,0.70710678118655,1.,      1573P   5115
0.70710678118655,1.,0.70710678118655,1.,-7.5226429582951,-4.,       1573P   5116
-1.081592770877,-7.5226429582951,-1.6,-1.081592770877,              1573P   5117
-9.8982144188093,-1.6,-1.4231483827328,-12.273785879324,-1.6,       1573P   5118
-1.7647039945887,-12.273785879324,-4.,-1.7647039945887,             1573P   5119
-7.5226429582951,-4.,-1.081592770877,-7.864198570151,-1.6,          1573P   5120
1.2939786896373,-10.239770030665,-1.6,0.95242307778139,             1573P   5121
-12.615341491179,-1.6,0.61086746592551,-12.273785879324,-4.,        1573P   5122
-1.7647039945887,-7.5226429582951,-4.,-1.081592770877,              1573P   5123
-7.864198570151,-4.,1.2939786896373,-10.239770030665,-4.,           1573P   5124
0.95242307778139,-12.615341491179,-4.,0.61086746592551,             1573P   5125
-12.273785879324,-4.,-1.7647039945887,-7.5226429582951,-4.,         1573P   5126
-1.081592770877,-7.864198570151,-6.4,1.2939786896373,               1573P   5127
-10.239770030665,-6.4,0.95242307778139,-12.615341491179,-6.4,       1573P   5128
0.61086746592551,-12.273785879324,-4.,-1.7647039945887,             1573P   5129
-7.5226429582951,-4.,-1.081592770877,-7.5226429582951,-6.4,         1573P   5130
-1.081592770877,-9.8982144188093,-6.4,-1.4231483827328,             1573P   5131
-12.273785879324,-6.4,-1.7647039945887,-12.273785879324,-4.,        1573P   5132
-1.7647039945887,-7.5226429582951,-4.,-1.081592770877,              1573P   5133
-7.1810873464392,-6.4,-3.4571642313912,-9.5566588069534,-6.4,       1573P   5134
-3.7987198432471,-11.932230267468,-6.4,-4.140275455103,             1573P   5135
-12.273785879324,-4.,-1.7647039945887,-7.5226429582951,-4.,         1573P   5136
-1.081592770877,-7.1810873464392,-4.,-3.4571642313912,              1573P   5137
-9.5566588069534,-4.,-3.7987198432471,-11.932230267468,-4.,         1573P   5138
-4.140275455103,-12.273785879324,-4.,-1.7647039945887,              1573P   5139
-7.5226429582951,-4.,-1.081592770877,-7.1810873464392,-1.6,         1573P   5140
-3.4571642313912,-9.5566588069534,-1.6,-3.7987198432471,            1573P   5141
-11.932230267468,-1.6,-4.140275455103,-12.273785879324,-4.,         1573P   5142
-1.7647039945887,-7.5226429582951,-4.,-1.081592770877,              1573P   5143
-7.5226429582951,-1.6,-1.081592770877,-9.8982144188093,-1.6,        1573P   5144
-1.4231483827328,-12.273785879324,-1.6,-1.7647039945887,            1573P   5145
-12.273785879324,-4.,-1.7647039945887,-1.5707963267949,             1573P   5146
1.5707963267949,0.,6.2831853071796;                                 1573P   5147
126,2,2,1,0,0,0,-0.5235987755983,-0.5235987755983,                  1575P   5148
-0.5235987755983,0.5235987755983,0.5235987755983,                   1575P   5149
0.5235987755983,1.,0.86602540378444,1.,-8.7104286885522,            1575P   5150
-6.0784609690827,-1.2523705768049,-9.8982144188093,                 1575P   5151
-6.7712812921102,-1.4231483827328,-11.086000149066,                 1575P   5152
-6.0784609690827,-1.5939261886608,-0.5235987755983,                 1575P   5153
0.5235987755983,0.14231483827328,0.,-0.98982144188093;              1575P   5154
126,2,2,1,0,0,0,-1.0471975511966,-1.0471975511966,                  1577P   5155
-1.0471975511966,-2.03219295174015E-015,-2.03219295174015E-015,     1577P   5156
-2.03219295174015E-015,1.,0.86602540378443,1.,-11.086000149066,     1577P   5157
-6.0784609690827,-1.5939261886608,-12.273785879324,                 1577P   5158
-5.3856406460551,-1.7647039945887,-12.273785879324,-4.,             1577P   5159
-1.7647039945887,-1.0471975511966,-2.03219295174015E-015,           1577P   5160
0.14231483827328,0.,-0.98982144188093;                              1577P   5161
126,2,2,1,0,0,0,-1.99840144432528E-015,-1.99840144432528E-015,      1579P   5162
-1.99840144432528E-015,1.0471975511966,1.0471975511966,             1579P   5163
1.0471975511966,1.,0.86602540378444,1.,-12.273785879324,-4.,        1579P   5164
-1.7647039945887,-12.273785879324,-2.6143593539449,                 1579P   5165
-1.7647039945887,-11.086000149066,-1.9215390309173,                 1579P   5166
-1.5939261886608,-2.03219295174015E-015,1.0471975511966,            1579P   5167
0.14231483827329,0.,-0.98982144188093;                              1579P   5168
126,2,2,1,0,0,0,2.6179938779915,2.6179938779915,                    1581P   5169
2.6179938779915,3.6651914291881,3.6651914291881,                    1581P   5170
3.6651914291881,1.,0.86602540378444,1.,-11.086000149066,            1581P   5171
-1.9215390309173,-1.5939261886608,-9.8982144188093,                 1581P   5172
-1.2287187078898,-1.4231483827328,-8.7104286885522,                 1581P   5173
-1.9215390309173,-1.2523705768049,2.6179938779915,                  1581P   5174
3.6651914291881,0.14231483827328,0.,-0.98982144188093;              1581P   5175
126,2,2,1,0,0,0,-4.1887902047864,-4.1887902047864,                  1583P   5176
-4.1887902047864,-3.1415926535898,-3.1415926535898,                 1583P   5177
-3.1415926535898,1.,0.86602540378443,1.,-8.7104286885522,           1583P   5178
-1.9215390309173,-1.2523705768049,-7.5226429582951,                 1583P   5179
-2.6143593539449,-1.081592770877,-7.5226429582951,-4.,              1583P   5180
-1.081592770877,-4.1887902047864,-3.1415926535898,                  1583P   5181
0.14231483827328,0.,-0.98982144188093;                              1583P   5182
126,2,2,1,0,0,0,-3.1415926535898,-3.1415926535898,                  1585P   5183
-3.1415926535898,-2.0943951023932,-2.0943951023932,                 1585P   5184
-2.0943951023932,1.,0.86602540378444,1.,-7.5226429582951,-4.,       1585P   5185
-1.081592770877,-7.5226429582951,-5.3856406460551,                  1585P   5186
-1.081592770877,-8.7104286885522,-6.0784609690827,                  1585P   5187
-1.2523705768049,-3.1415926535898,-2.0943951023932,                 1585P   5188
0.14231483827328,0.,-0.98982144188093;                              1585P   5189
141,0,1,1573,6,1575,1,0,1577,1,0,1579,1,0,1581,1,0,1583,1,0,        1587P   5190
1585,1,0;                                                           1587P   5191
143,0,1573,1,1587;                                                  1589P   5192
128,4,8,2,2,0,1,0,0,1,-1.5707963267949,-1.5707963267949,            1591P   5193
-1.5707963267949,0.,0.,1.5707963267949,1.5707963267949,             1591P   5194
1.5707963267949,0.,0.,0.,1.5707963267949,1.5707963267949,           1591P   5195
3.1415926535898,3.1415926535898,4.7123889803847,                    1591P   5196
4.7123889803847,6.2831853071796,6.2831853071796,                    1591P   5197
6.2831853071796,1.,0.70710678118655,1.,0.70710678118655,1.,         1591P   5198
0.70710678118655,0.5,0.70710678118655,0.5,0.70710678118655,1.,      1591P   5199
0.70710678118655,1.,0.70710678118655,1.,0.70710678118655,0.5,       1591P   5200
0.70710678118655,0.5,0.70710678118655,1.,0.70710678118655,1.,       1591P   5201
0.70710678118655,1.,0.70710678118655,0.5,0.70710678118655,0.5,      1591P   5202
0.70710678118655,1.,0.70710678118655,1.,0.70710678118655,1.,        1591P   5203
0.70710678118655,0.5,0.70710678118655,0.5,0.70710678118655,1.,      1591P   5204
0.70710678118655,1.,0.70710678118655,1.,-4.1088702126625,-4.,       1591P   5205
6.393526849517,-4.1088702126625,-1.6,6.393526849517,                1591P   5206
-5.406408174556,-1.6,8.4125353283118,-6.7039461364494,-1.6,         1591P   5207
10.431543807107,-6.7039461364494,-4.,10.431543807107,               1591P   5208
-4.1088702126625,-4.,6.393526849517,-2.0898617338677,-1.6,          1591P   5209
7.6910648114104,-3.3873996957611,-1.6,9.7100732902052,              1591P   5210
-4.6849376576546,-1.6,11.729081769,-6.7039461364494,-4.,            1591P   5211
10.431543807107,-4.1088702126625,-4.,6.393526849517,                1591P   5212
-2.0898617338677,-4.,7.6910648114104,-3.3873996957611,-4.,          1591P   5213
9.7100732902052,-4.6849376576546,-4.,11.729081769,                  1591P   5214
-6.7039461364494,-4.,10.431543807107,-4.1088702126625,-4.,          1591P   5215
6.393526849517,-2.0898617338677,-6.4,7.6910648114104,               1591P   5216
-3.3873996957611,-6.4,9.7100732902052,-4.6849376576546,-6.4,        1591P   5217
11.729081769,-6.7039461364494,-4.,10.431543807107,                  1591P   5218
-4.1088702126625,-4.,6.393526849517,-4.1088702126625,-6.4,          1591P   5219
6.393526849517,-5.406408174556,-6.4,8.4125353283118,                1591P   5220
-6.7039461364494,-6.4,10.431543807107,-6.7039461364494,-4.,         1591P   5221
10.431543807107,-4.1088702126625,-4.,6.393526849517,                1591P   5222
-6.1278786914574,-6.4,5.0959888876235,-7.4254166533508,-6.4,        1591P   5223
7.1149973664184,-8.7229546152442,-6.4,9.1340058452132,              1591P   5224
-6.7039461364494,-4.,10.431543807107,-4.1088702126625,-4.,          1591P   5225
6.393526849517,-6.1278786914574,-4.,5.0959888876235,                1591P   5226
-7.4254166533508,-4.,7.1149973664184,-8.7229546152442,-4.,          1591P   5227
9.1340058452132,-6.7039461364494,-4.,10.431543807107,               1591P   5228
-4.1088702126625,-4.,6.393526849517,-6.1278786914574,-1.6,          1591P   5229
5.0959888876235,-7.4254166533508,-1.6,7.1149973664184,              1591P   5230
-8.7229546152442,-1.6,9.1340058452132,-6.7039461364494,-4.,         1591P   5231
10.431543807107,-4.1088702126625,-4.,6.393526849517,                1591P   5232
-4.1088702126625,-1.6,6.393526849517,-5.406408174556,-1.6,          1591P   5233
8.4125353283118,-6.7039461364494,-1.6,10.431543807107,              1591P   5234
-6.7039461364494,-4.,10.431543807107,-1.5707963267949,              1591P   5235
1.5707963267949,0.,6.2831853071796;                                 1591P   5236
126,2,2,1,0,0,0,-0.5235987755983,-0.5235987755983,                  1593P   5237
-0.5235987755983,0.52359877559829,0.52359877559829,                 1593P   5238
0.52359877559829,1.,0.86602540378444,1.,-4.7576391936093,           1593P   5239
-6.0784609690827,7.4030310889144,-5.406408174556,                   1593P   5240
-6.7712812921102,8.4125353283118,-6.0551771555027,                  1593P   5241
-6.0784609690827,9.4220395677092,-0.5235987755983,                  1593P   5242
0.52359877559829,-0.84125353283118,0.,-0.5406408174556;             1593P   5243
126,2,2,1,0,0,0,-1.0471975511966,-1.0471975511966,                  1595P   5244
-1.0471975511966,-2.13471970550823E-015,-2.13471970550823E-015,     1595P   5245
-2.13471970550823E-015,1.,0.86602540378444,1.,-6.0551771555027,     1595P   5246
-6.0784609690827,9.4220395677092,-6.7039461364494,                  1595P   5247
-5.3856406460551,10.431543807107,-6.7039461364494,-4.,              1595P   5248
10.431543807107,-1.0471975511966,-2.13471970550823E-015,            1595P   5249
-0.84125353283118,0.,-0.5406408174556;                              1595P   5250
126,2,2,1,0,0,0,-2.22044604925031E-015,-2.22044604925031E-015,      1597P   5251
-2.22044604925031E-015,1.0471975511966,1.0471975511966,             1597P   5252
1.0471975511966,1.,0.86602540378443,1.,-6.7039461364494,-4.,        1597P   5253
10.431543807107,-6.7039461364494,-2.6143593539449,                  1597P   5254
10.431543807107,-6.0551771555027,-1.9215390309173,                  1597P   5255
9.4220395677092,-2.13471970550823E-015,1.0471975511966,             1597P   5256
-0.84125353283118,0.,-0.5406408174556;                              1597P   5257
126,2,2,1,0,0,0,2.6179938779915,2.6179938779915,                    1599P   5258
2.6179938779915,3.6651914291881,3.6651914291881,                    1599P   5259
3.6651914291881,1.,0.86602540378444,1.,-6.0551771555027,            1599P   5260
-1.9215390309173,9.4220395677092,-5.406408174556,                   1599P   5261
-1.2287187078898,8.4125353283118,-4.7576391936093,                  1599P   5262
-1.9215390309173,7.4030310889144,2.6179938779915,                   1599P   5263
3.6651914291881,-0.84125353283118,0.,-0.5406408174556;              1599P   5264
126,2,2,1,0,0,0,-4.1887902047864,-4.1887902047864,                  1601P   5265
-4.1887902047864,-3.1415926535898,-3.1415926535898,                 1601P   5266
-3.1415926535898,1.,0.86602540378444,1.,-4.7576391936093,           1601P   5267
-1.9215390309173,7.4030310889144,-4.1088702126625,                  1601P   5268
-2.6143593539449,6.393526849517,-4.1088702126625,-4.,               1601P   5269
6.393526849517,-4.1887902047864,-3.1415926535898,                   1601P   5270
-0.84125353283118,0.,-0.5406408174556;                              1601P   5271
126,2,2,1,0,0,0,-3.1415926535898,-3.1415926535898,                  1603P   5272
-3.1415926535898,-2.0943951023932,-2.0943951023932,                 1603P   5273
-2.0943951023932,1.,0.86602540378444,1.,-4.1088702126625,-4.,       1603P   5274
6.393526849517,-4.1088702126625,-5.3856406460551,                   1603P   5275
6.393526849517,-4.7576391936093,-6.0784609690827,                   1603P   5276
7.4030310889144,-3.1415926535898,-2.0943951023932,                  1603P   5277
-0.84125353283118,0.,-0.5406408174556;                              1603P   5278
141,0,1,1591,6,1593,1,0,1595,1,0,1597,1,0,1599,1,0,1601,1,0,        1605P   5279
1603,1,0;                                                           1605P   5280
143,0,1591,1,1605;                                                  1607P   5281
128,4,8,2,2,0,1,0,0,1,-1.5707963267949,-1.5707963267949,            1609P   5282
-1.5707963267949,0.,0.,1.5707963267949,1.5707963267949,             1609P   5283
1.5707963267949,0.,0.,0.,1.5707963267949,1.5707963267949,           1609P   5284
3.1415926535898,3.1415926535898,4.7123889803847,                    1609P   5285
4.7123889803847,6.2831853071796,6.2831853071796,                    1609P   5286
6.2831853071796,1.,0.70710678118655,1.,0.70710678118655,1.,         1609P   5287
0.70710678118655,0.5,0.70710678118655,0.5,0.70710678118655,1.,      1609P   5288
0.70710678118655,1.,0.70710678118655,1.,0.70710678118655,0.5,       1609P   5289
0.70710678118655,0.5,0.70710678118655,1.,0.70710678118655,1.,       1609P   5290
0.70710678118655,1.,0.70710678118655,0.5,0.70710678118655,0.5,      1609P   5291
0.70710678118655,1.,0.70710678118655,1.,0.70710678118655,1.,        1609P   5292
0.70710678118655,0.5,0.70710678118655,0.5,0.70710678118655,1.,      1609P   5293
0.70710678118655,1.,0.70710678118655,1.,0.,-4.,7.6,0.,-1.6,7.6,     1609P   5294
0.,-1.6,10.,0.,-1.6,12.4,0.,-4.,12.4,0.,-4.,7.6,2.4,-1.6,7.6,       1609P   5295
2.4,-1.6,10.,2.4,-1.6,12.4,0.,-4.,12.4,0.,-4.,7.6,2.4,-4.,7.6,      1609P   5296
2.4,-4.,10.,2.4,-4.,12.4,0.,-4.,12.4,0.,-4.,7.6,2.4,-6.4,7.6,       1609P   5297
2.4,-6.4,10.,2.4,-6.4,12.4,0.,-4.,12.4,0.,-4.,7.6,                  1609P   5298
-1.46952762458685E-015,-6.4,7.6,-1.46952762458685E-015,-6.4,        1609P   5299
10.,-1.46952762458685E-015,-6.4,12.4,0.,-4.,12.4,0.,-4.,7.6,        1609P   5300
-2.4,-6.4,7.6,-2.4,-6.4,10.,-2.4,-6.4,12.4,0.,-4.,12.4,0.,-4.,      1609P   5301
7.6,-2.4,-4.,7.6,-2.4,-4.,10.,-2.4,-4.,12.4,0.,-4.,12.4,0.,-4.,     1609P   5302
7.6,-2.4,-1.6,7.6,-2.4,-1.6,10.,-2.4,-1.6,12.4,0.,-4.,12.4,0.,      1609P   5303
-4.,7.6,0.,-1.6,7.6,0.,-1.6,10.,0.,-1.6,12.4,0.,-4.,12.4,           1609P   5304
-1.5707963267949,1.5707963267949,0.,6.2831853071796;                1609P   5305
126,2,2,1,0,0,0,-2.0943951023932,-2.0943951023932,                  1611P   5306
-2.0943951023932,-1.0471975511966,-1.0471975511966,                 1611P   5307
-1.0471975511966,1.,0.86602540378444,1.,-1.37108793952103E-015,     1611P   5308
-6.0784609690827,11.2,-1.58319598193024E-015,-6.7712812921102,      1611P   5309
10.,-1.37108793952103E-015,-6.0784609690827,8.8,                    1611P   5310
-2.0943951023932,-1.0471975511966,1.,0.,0.;                         1611P   5311
126,2,2,1,0,0,0,2.0943951023932,2.0943951023932,                    1613P   5312
2.0943951023932,3.1415926535898,3.1415926535898,                    1613P   5313
3.1415926535898,1.,0.86602540378444,1.,-1.11655828862999E-015,      1613P   5314
-6.0784609690827,8.8,0.,-5.3856406460551,7.6,0.,-4.,7.6,            1613P   5315
2.0943951023932,3.1415926535898,1.,0.,0.;                           1613P   5316
126,2,2,1,0,0,0,3.1415926535898,3.1415926535898,                    1615P   5317
3.1415926535898,4.1887902047864,4.1887902047864,                    1615P   5318
4.1887902047864,1.,0.86602540378444,1.,0.,-4.,7.6,0.,               1615P   5319
-2.6143593539449,7.6,0.,-1.9215390309173,8.8,3.1415926535898,       1615P   5320
4.1887902047864,1.,0.,0.;                                           1615P   5321
126,2,2,1,0,0,0,1.0471975511966,1.0471975511966,                    1617P   5322
1.0471975511966,2.0943951023932,2.0943951023932,                    1617P   5323
2.0943951023932,1.,0.86602540378444,1.,0.,-1.9215390309173,8.8,     1617P   5324
0.,-1.2287187078898,10.,0.,-1.9215390309173,11.2,                   1617P   5325
1.0471975511966,2.0943951023932,1.,0.,0.;                           1617P   5326
126,2,2,1,0,0,0,-1.0471975511966,-1.0471975511966,                  1619P   5327
-1.0471975511966,1.99840144432528E-015,1.99840144432528E-015,       1619P   5328
1.99840144432528E-015,1.,0.86602540378444,1.,0.,                    1619P   5329
-1.9215390309173,11.2,0.,-2.6143593539449,12.4,0.,-4.,12.4,         1619P   5330
-1.0471975511966,2.03540887847945E-015,1.,0.,0.;                    1619P   5331
126,2,2,1,0,0,0,2.03540887847945E-015,2.03540887847945E-015,        1621P   5332
2.03540887847945E-015,1.0471975511966,1.0471975511966,              1621P   5333
1.0471975511966,1.,0.86602540378444,1.,0.,-4.,12.4,0.,              1621P   5334
-5.3856406460551,12.4,-1.11655828862999E-015,-6.0784609690827,      1621P   5335
11.2,2.03540887847945E-015,1.0471975511966,1.,0.,0.;                1621P   5336
141,0,1,1609,6,1611,1,0,1613,1,0,1615,1,0,1617,1,0,1619,1,0,        1623P   5337
1621,1,0;                                                           1623P   5338
143,0,1609,1,1623;                                                  1625P   5339
128,4,8,2,2,0,1,0,0,1,-1.5707963267949,-1.5707963267949,            1627P   5340
-1.5707963267949,0.,0.,1.5707963267949,1.5707963267949,             1627P   5341
1.5707963267949,0.,0.,0.,1.5707963267949,1.5707963267949,           1627P   5342
3.1415926535898,3.1415926535898,4.7123889803847,                    1627P   5343
4.7123889803847,6.2831853071796,6.2831853071796,                    1627P   5344
6.2831853071796,1.,0.70710678118655,1.,0.70710678118655,1.,         1627P   5345
0.70710678118655,0.5,0.70710678118655,0.5,0.70710678118655,1.,      1627P   5346
0.70710678118655,1.,0.70710678118655,1.,0.70710678118655,0.5,       1627P   5347
0.70710678118655,0.5,0.70710678118655,1.,0.70710678118655,1.,       1627P   5348
0.70710678118655,1.,0.70710678118655,0.5,0.70710678118655,0.5,      1627P   5349
0.70710678118655,1.,0.70710678118655,1.,0.70710678118655,1.,        1627P   5350
0.70710678118655,0.5,0.70710678118655,0.5,0.70710678118655,1.,      1627P   5351
0.70710678118655,1.,0.70710678118655,1.,-6.9132031646943,-4.,       1627P   5352
3.1571540988143,-6.9132031646943,-1.6,3.1571540988143,              1627P   5353
-9.0963199535452,-1.6,4.1541501300189,-11.279436742396,-1.6,        1627P   5354
5.1511461612234,-11.279436742396,-4.,5.1511461612234,               1627P   5355
-6.9132031646943,-4.,3.1571540988143,-5.9162071334898,-1.6,         1627P   5356
5.3402708876652,-8.0993239223407,-1.6,6.3372669188697,              1627P   5357
-10.282440711191,-1.6,7.3342629500742,-11.279436742396,-4.,         1627P   5358
5.1511461612234,-6.9132031646943,-4.,3.1571540988143,               1627P   5359
-5.9162071334898,-4.,5.3402708876652,-8.0993239223407,-4.,          1627P   5360
6.3372669188697,-10.282440711191,-4.,7.3342629500742,               1627P   5361
-11.279436742396,-4.,5.1511461612234,-6.9132031646943,-4.,          1627P   5362
3.1571540988143,-5.9162071334898,-6.4,5.3402708876652,              1627P   5363
-8.0993239223407,-6.4,6.3372669188697,-10.282440711191,-6.4,        1627P   5364
7.3342629500742,-11.279436742396,-4.,5.1511461612234,               1627P   5365
-6.9132031646943,-4.,3.1571540988143,-6.9132031646943,-6.4,         1627P   5366
3.1571540988143,-9.0963199535452,-6.4,4.1541501300189,              1627P   5367
-11.279436742396,-6.4,5.1511461612234,-11.279436742396,-4.,         1627P   5368
5.1511461612234,-6.9132031646943,-4.,3.1571540988143,               1627P   5369
-7.9101991958989,-6.4,0.97403730996349,-10.09331598475,-6.4,        1627P   5370
1.971033341168,-12.276432773601,-6.4,2.9680293723726,               1627P   5371
-11.279436742396,-4.,5.1511461612234,-6.9132031646943,-4.,          1627P   5372
3.1571540988143,-7.9101991958989,-4.,0.97403730996349,              1627P   5373
-10.09331598475,-4.,1.971033341168,-12.276432773601,-4.,            1627P   5374
2.9680293723726,-11.279436742396,-4.,5.1511461612234,               1627P   5375
-6.9132031646943,-4.,3.1571540988143,-7.9101991958989,-1.6,         1627P   5376
0.97403730996349,-10.09331598475,-1.6,1.971033341168,               1627P   5377
-12.276432773601,-1.6,2.9680293723726,-11.279436742396,-4.,         1627P   5378
5.1511461612234,-6.9132031646943,-4.,3.1571540988143,               1627P   5379
-6.9132031646943,-1.6,3.1571540988143,-9.0963199535452,-1.6,        1627P   5380
4.1541501300189,-11.279436742396,-1.6,5.1511461612234,              1627P   5381
-11.279436742396,-4.,5.1511461612234,-1.5707963267949,              1627P   5382
1.5707963267949,0.,6.2831853071796;                                 1627P   5383
126,2,2,1,0,0,0,-0.5235987755983,-0.5235987755983,                  1629P   5384
-0.5235987755983,0.5235987755983,0.5235987755983,                   1629P   5385
0.5235987755983,1.,0.86602540378444,1.,-8.0047615591198,            1629P   5386
-6.0784609690827,3.6556521144166,-9.0963199535452,                  1629P   5387
-6.7712812921102,4.1541501300189,-10.187878347971,                  1629P   5388
-6.0784609690827,4.6526481456211,-0.5235987755983,                  1629P   5389
0.5235987755983,-0.41541501300189,1.20185167898974E-015,            1629P   5390
-0.90963199535452;                                                  1629P   5391
126,2,2,1,0,0,0,-1.0471975511966,-1.0471975511966,                  1631P   5392
-1.0471975511966,-2.20250004665214E-015,-2.20250004665214E-015,     1631P   5393
-2.20250004665214E-015,1.,0.86602540378444,1.,-10.187878347971,     1631P   5394
-6.0784609690827,4.6526481456211,-11.279436742396,                  1631P   5395
-5.3856406460551,5.1511461612234,-11.279436742396,-4.,              1631P   5396
5.1511461612234,-1.0471975511966,-2.20250004665214E-015,            1631P   5397
-0.41541501300189,0.,-0.90963199535452;                             1631P   5398
126,2,2,1,0,0,0,-2.22044604925031E-015,-2.22044604925031E-015,      1633P   5399
-2.22044604925031E-015,1.0471975511966,1.0471975511966,             1633P   5400
1.0471975511966,1.,0.86602540378444,1.,-11.279436742396,-4.,        1633P   5401
5.1511461612234,-11.279436742396,-2.6143593539449,                  1633P   5402
5.1511461612234,-10.187878347971,-1.9215390309173,                  1633P   5403
4.6526481456211,-2.20250004665214E-015,1.0471975511966,             1633P   5404
-0.41541501300189,0.,-0.90963199535452;                             1633P   5405
126,2,2,1,0,0,0,2.6179938779915,2.6179938779915,                    1635P   5406
2.6179938779915,3.6651914291881,3.6651914291881,                    1635P   5407
3.6651914291881,1.,0.86602540378444,1.,-10.187878347971,            1635P   5408
-1.9215390309173,4.6526481456211,-9.0963199535452,                  1635P   5409
-1.2287187078898,4.1541501300189,-8.0047615591198,                  1635P   5410
-1.9215390309173,3.6556521144166,2.6179938779915,                   1635P   5411
3.6651914291881,-0.41541501300189,0.,-0.90963199535452;             1635P   5412
126,2,2,1,0,0,0,-4.1887902047864,-4.1887902047864,                  1637P   5413
-4.1887902047864,-3.1415926535898,-3.1415926535898,                 1637P   5414
-3.1415926535898,1.,0.86602540378444,1.,-8.0047615591198,           1637P   5415
-1.9215390309173,3.6556521144166,-6.9132031646943,                  1637P   5416
-2.6143593539449,3.1571540988143,-6.9132031646943,-4.,              1637P   5417
3.1571540988143,-4.1887902047864,-3.1415926535898,                  1637P   5418
-0.41541501300189,0.,-0.90963199535452;                             1637P   5419
126,2,2,1,0,0,0,-3.1415926535898,-3.1415926535898,                  1639P   5420
-3.1415926535898,-2.0943951023932,-2.0943951023932,                 1639P   5421
-2.0943951023932,1.,0.86602540378444,1.,-6.9132031646943,-4.,       1639P   5422
3.1571540988143,-6.9132031646943,-5.3856406460551,                  1639P   5423
3.1571540988143,-8.0047615591198,-6.0784609690827,                  1639P   5424
3.6556521144166,-3.1415926535898,-2.0943951023932,                  1639P   5425
-0.41541501300189,0.,-0.90963199535452;                             1639P   5426
141,0,1,1627,6,1629,1,0,1631,1,0,1633,1,0,1635,1,0,1637,1,0,        1641P   5427
1639,1,0;                                                           1641P   5428
143,0,1627,1,1641;                                                  1643P   5429
128,4,8,2,2,0,1,0,0,1,-1.5707963267949,-1.5707963267949,            1645P   5430
-1.5707963267949,0.,0.,1.5707963267949,1.5707963267949,             1645P   5431
1.5707963267949,0.,0.,0.,1.5707963267949,1.5707963267949,           1645P   5432
3.1415926535898,3.1415926535898,4.7123889803847,                    1645P   5433
4.7123889803847,6.2831853071796,6.2831853071796,                    1645P   5434
6.2831853071796,1.,0.70710678118655,1.,0.70710678118655,1.,         1645P   5435
0.70710678118655,0.5,0.70710678118655,0.5,0.70710678118655,1.,      1645P   5436
0.70710678118655,1.,0.70710678118655,1.,0.70710678118655,0.5,       1645P   5437
0.70710678118655,0.5,0.70710678118655,1.,0.70710678118655,1.,       1645P   5438
0.70710678118655,1.,0.70710678118655,0.5,0.70710678118655,0.5,      1645P   5439
0.70710678118655,1.,0.70710678118655,1.,0.70710678118655,1.,        1645P   5440
0.70710678118655,0.5,0.70710678118655,0.5,0.70710678118655,1.,      1645P   5441
0.70710678118655,1.,0.70710678118655,1.,-5.7436967650924,-4.,       1645P   5442
-4.9769415779842,-5.7436967650924,-1.6,-4.9769415779842,            1645P   5443
-7.5574957435426,-1.6,-6.5486073394528,-9.3712947219928,-1.6,       1645P   5444
-8.1202731009215,-9.3712947219928,-4.,-8.1202731009215,             1645P   5445
-5.7436967650924,-4.,-4.9769415779842,-7.315362526561,-1.6,         1645P   5446
-3.1631425995339,-9.1291615050113,-1.6,-4.7348083610026,            1645P   5447
-10.942960483461,-1.6,-6.3064741224713,-9.3712947219928,-4.,        1645P   5448
-8.1202731009215,-5.7436967650924,-4.,-4.9769415779842,             1645P   5449
-7.315362526561,-4.,-3.1631425995339,-9.1291615050113,-4.,          1645P   5450
-4.7348083610026,-10.942960483461,-4.,-6.3064741224713,             1645P   5451
-9.3712947219928,-4.,-8.1202731009215,-5.7436967650924,-4.,         1645P   5452
-4.9769415779842,-7.315362526561,-6.4,-3.1631425995339,             1645P   5453
-9.1291615050113,-6.4,-4.7348083610026,-10.942960483461,-6.4,       1645P   5454
-6.3064741224713,-9.3712947219928,-4.,-8.1202731009215,             1645P   5455
-5.7436967650924,-4.,-4.9769415779842,-5.7436967650924,-6.4,        1645P   5456
-4.9769415779842,-7.5574957435426,-6.4,-6.5486073394528,            1645P   5457
-9.3712947219928,-6.4,-8.1202731009215,-9.3712947219928,-4.,        1645P   5458
-8.1202731009215,-5.7436967650924,-4.,-4.9769415779842,             1645P   5459
-4.1720310036237,-6.4,-6.7907405564344,-5.9858299820739,-6.4,       1645P   5460
-8.3624063179031,-7.7996289605241,-6.4,-9.9340720793718,            1645P   5461
-9.3712947219928,-4.,-8.1202731009215,-5.7436967650924,-4.,         1645P   5462
-4.9769415779842,-4.1720310036237,-4.,-6.7907405564344,             1645P   5463
-5.9858299820739,-4.,-8.3624063179031,-7.7996289605241,-4.,         1645P   5464
-9.9340720793718,-9.3712947219928,-4.,-8.1202731009215,             1645P   5465
-5.7436967650924,-4.,-4.9769415779842,-4.1720310036237,-1.6,        1645P   5466
-6.7907405564344,-5.9858299820739,-1.6,-8.3624063179031,            1645P   5467
-7.7996289605241,-1.6,-9.9340720793718,-9.3712947219928,-4.,        1645P   5468
-8.1202731009215,-5.7436967650924,-4.,-4.9769415779842,             1645P   5469
-5.7436967650924,-1.6,-4.9769415779842,-7.5574957435426,-1.6,       1645P   5470
-6.5486073394528,-9.3712947219928,-1.6,-8.1202731009215,            1645P   5471
-9.3712947219928,-4.,-8.1202731009215,-1.5707963267949,             1645P   5472
1.5707963267949,0.,6.2831853071796;                                 1645P   5473
126,2,2,1,0,0,0,-0.5235987755983,-0.5235987755983,                  1647P   5474
-0.5235987755983,0.5235987755983,0.5235987755983,                   1647P   5475
0.5235987755983,1.,0.86602540378444,1.,-6.6505962543175,            1647P   5476
-6.0784609690827,-5.7627744587185,-7.5574957435426,                 1647P   5477
-6.7712812921102,-6.5486073394528,-8.4643952327677,                 1647P   5478
-6.0784609690827,-7.3344402201872,-0.5235987755983,                 1647P   5479
0.5235987755983,0.65486073394528,0.,-0.75574957435426;              1647P   5480
126,2,2,1,0,0,0,-1.0471975511966,-1.0471975511966,                  1649P   5481
-1.0471975511966,-1.98919606730651E-015,-1.98919606730651E-015,     1649P   5482
-1.98919606730651E-015,1.,0.86602540378444,1.,-8.4643952327677,     1649P   5483
-6.0784609690827,-7.3344402201872,-9.3712947219928,                 1649P   5484
-5.3856406460551,-8.1202731009215,-9.3712947219928,-4.,             1649P   5485
-8.1202731009215,-1.0471975511966,-1.98919606730651E-015,           1649P   5486
0.65486073394528,0.,-0.75574957435426;                              1649P   5487
126,2,2,1,0,0,0,-1.99840144432528E-015,-1.99840144432528E-015,      1651P   5488
-1.99840144432528E-015,1.0471975511966,1.0471975511966,             1651P   5489
1.0471975511966,1.,0.86602540378444,1.,-9.3712947219928,-4.,        1651P   5490
-8.1202731009215,-9.3712947219928,-2.6143593539449,                 1651P   5491
-8.1202731009215,-8.4643952327677,-1.9215390309174,                 1651P   5492
-7.3344402201872,-1.98919606730651E-015,1.0471975511966,            1651P   5493
0.65486073394528,0.,-0.75574957435426;                              1651P   5494
126,2,2,1,0,0,0,2.6179938779915,2.6179938779915,                    1653P   5495
2.6179938779915,3.6651914291881,3.6651914291881,                    1653P   5496
3.6651914291881,1.,0.86602540378444,1.,-8.4643952327677,            1653P   5497
-1.9215390309173,-7.3344402201872,-7.5574957435426,                 1653P   5498
-1.2287187078898,-6.5486073394529,-6.6505962543175,                 1653P   5499
-1.9215390309173,-5.7627744587185,2.6179938779915,                  1653P   5500
3.6651914291881,0.65486073394528,0.,-0.75574957435426;              1653P   5501
126,2,2,1,0,0,0,-4.1887902047864,-4.1887902047864,                  1655P   5502
-4.1887902047864,-3.1415926535898,-3.1415926535898,                 1655P   5503
-3.1415926535898,1.,0.86602540378444,1.,-6.6505962543175,           1655P   5504
-1.9215390309173,-5.7627744587185,-5.7436967650924,                 1655P   5505
-2.6143593539449,-4.9769415779842,-5.7436967650924,-4.,             1655P   5506
-4.9769415779842,-4.1887902047864,-3.1415926535898,                 1655P   5507
0.65486073394528,0.,-0.75574957435426;                              1655P   5508
126,2,2,1,0,0,0,-3.1415926535898,-3.1415926535898,                  1657P   5509
-3.1415926535898,-2.0943951023932,-2.0943951023932,                 1657P   5510
-2.0943951023932,1.,0.86602540378444,1.,-5.7436967650924,-4.,       1657P   5511
-4.9769415779842,-5.7436967650924,-5.3856406460551,                 1657P   5512
-4.9769415779842,-6.6505962543175,-6.0784609690827,                 1657P   5513
-5.7627744587185,-3.1415926535898,-2.0943951023932,                 1657P   5514
0.65486073394528,0.,-0.75574957435426;                              1657P   5515
141,0,1,1645,6,1647,1,0,1649,1,0,1651,1,0,1653,1,0,1655,1,0,        1659P   5516
1657,1,0;                                                           1659P   5517
143,0,1645,1,1659;                                                  1661P   5518
128,4,8,2,2,0,1,0,0,1,-1.5707963267949,-1.5707963267949,            1663P   5519
-1.5707963267949,0.,0.,1.5707963267949,1.5707963267949,             1663P   5520
1.5707963267949,0.,0.,0.,1.5707963267949,1.5707963267949,           1663P   5521
3.1415926535898,3.1415926535898,4.7123889803847,                    1663P   5522
4.7123889803847,6.2831853071796,6.2831853071796,                    1663P   5523
6.2831853071796,1.,0.70710678118655,1.,0.70710678118655,1.,         1663P   5524
0.70710678118655,0.5,0.70710678118655,0.5,0.70710678118655,1.,      1663P   5525
0.70710678118655,1.,0.70710678118655,1.,0.70710678118655,0.5,       1663P   5526
0.70710678118655,0.5,0.70710678118655,1.,0.70710678118655,1.,       1663P   5527
0.70710678118655,1.,0.70710678118655,0.5,0.70710678118655,0.5,      1663P   5528
0.70710678118655,1.,0.70710678118655,1.,0.70710678118655,1.,        1663P   5529
0.70710678118655,0.5,0.70710678118655,0.5,0.70710678118655,1.,      1663P   5530
0.70710678118655,1.,0.70710678118655,1.,2.1411674319949,-4.,        1663P   5531
-7.2921465994702,2.1411674319949,-1.6,-7.2921465994702,             1663P   5532
2.8173255684143,-1.6,-9.594929736145,3.4934837048337,-1.6,          1663P   5533
-11.89771287282,3.4934837048337,-4.,-11.89771287282,                1663P   5534
2.1411674319949,-4.,-7.2921465994702,-0.16161570467994,-1.6,        1663P   5535
-7.9683047358896,0.51454243173949,-1.6,-10.271087872564,            1663P   5536
1.1907005681589,-1.6,-12.573871009239,3.4934837048337,-4.,          1663P   5537
-11.89771287282,2.1411674319949,-4.,-7.2921465994702,               1663P   5538
-0.16161570467994,-4.,-7.9683047358896,0.51454243173949,-4.,        1663P   5539
-10.271087872564,1.1907005681589,-4.,-12.573871009239,              1663P   5540
3.4934837048337,-4.,-11.89771287282,2.1411674319949,-4.,            1663P   5541
-7.2921465994702,-0.16161570467994,-6.4,-7.9683047358896,           1663P   5542
0.51454243173949,-6.4,-10.271087872564,1.1907005681589,-6.4,        1663P   5543
-12.573871009239,3.4934837048337,-4.,-11.89771287282,               1663P   5544
2.1411674319949,-4.,-7.2921465994702,2.1411674319949,-6.4,          1663P   5545
-7.2921465994702,2.8173255684143,-6.4,-9.594929736145,              1663P   5546
3.4934837048337,-6.4,-11.89771287282,3.4934837048337,-4.,           1663P   5547
-11.89771287282,2.1411674319949,-4.,-7.2921465994702,               1663P   5548
4.4439505686697,-6.4,-6.6159884630508,5.1201087050891,-6.4,         1663P   5549
-8.9187715997255,5.7962668415085,-6.4,-11.2215547364,               1663P   5550
3.4934837048337,-4.,-11.89771287282,2.1411674319949,-4.,            1663P   5551
-7.2921465994702,4.4439505686697,-4.,-6.6159884630508,              1663P   5552
5.1201087050891,-4.,-8.9187715997255,5.7962668415085,-4.,           1663P   5553
-11.2215547364,3.4934837048337,-4.,-11.89771287282,                 1663P   5554
2.1411674319949,-4.,-7.2921465994702,4.4439505686697,-1.6,          1663P   5555
-6.6159884630508,5.1201087050891,-1.6,-8.9187715997255,             1663P   5556
5.7962668415085,-1.6,-11.2215547364,3.4934837048337,-4.,            1663P   5557
-11.89771287282,2.1411674319949,-4.,-7.2921465994702,               1663P   5558
2.1411674319949,-1.6,-7.2921465994702,2.8173255684143,-1.6,         1663P   5559
-9.594929736145,3.4934837048337,-1.6,-11.89771287282,               1663P   5560
3.4934837048337,-4.,-11.89771287282,-1.5707963267949,               1663P   5561
1.5707963267949,0.,6.2831853071796;                                 1663P   5562
126,2,2,1,0,0,0,-2.0943951023932,-2.0943951023932,                  1665P   5563
-2.0943951023932,-1.0471975511966,-1.0471975511966,                 1665P   5564
-1.0471975511966,1.,0.86602540378444,1.,3.155404636624,             1665P   5565
-6.0784609690827,-10.746321304482,2.8173255684143,                  1665P   5566
-6.7712812921102,-9.594929736145,2.4792465002046,                   1665P   5567
-6.0784609690827,-8.4435381678076,-2.0943951023932,                 1665P   5568
-1.0471975511966,-0.9594929736145,0.,-0.28173255684143;             1665P   5569
126,2,2,1,0,0,0,2.0943951023932,2.0943951023932,                    1667P   5570
2.0943951023932,3.1415926535898,3.1415926535898,                    1667P   5571
3.1415926535898,1.,0.86602540378444,1.,2.4792465002046,             1667P   5572
-6.0784609690827,-8.4435381678076,2.1411674319949,                  1667P   5573
-5.3856406460551,-7.2921465994702,2.1411674319949,-4.,              1667P   5574
-7.2921465994702,2.0943951023932,3.1415926535898,                   1667P   5575
-0.9594929736145,0.,-0.28173255684143;                              1667P   5576
126,2,2,1,0,0,0,3.1415926535898,3.1415926535898,                    1669P   5577
3.1415926535898,4.1887902047864,4.1887902047864,                    1669P   5578
4.1887902047864,1.,0.86602540378444,1.,2.1411674319949,-4.,         1669P   5579
-7.2921465994702,2.1411674319949,-2.6143593539449,                  1669P   5580
-7.2921465994702,2.4792465002046,-1.9215390309173,                  1669P   5581
-8.4435381678076,3.1415926535898,4.1887902047864,                   1669P   5582
-0.9594929736145,0.,-0.28173255684143;                              1669P   5583
126,2,2,1,0,0,0,1.0471975511966,1.0471975511966,                    1671P   5584
1.0471975511966,2.0943951023932,2.0943951023932,                    1671P   5585
2.0943951023932,1.,0.86602540378444,1.,2.4792465002046,             1671P   5586
-1.9215390309173,-8.4435381678076,2.8173255684143,                  1671P   5587
-1.2287187078898,-9.594929736145,3.155404636624,                    1671P   5588
-1.9215390309174,-10.746321304482,1.0471975511966,                  1671P   5589
2.0943951023932,-0.9594929736145,0.,-0.28173255684143;              1671P   5590
126,2,2,1,0,0,0,-1.0471975511966,-1.0471975511966,                  1673P   5591
-1.0471975511966,1.77635683940025E-015,1.77635683940025E-015,       1673P   5592
1.77635683940025E-015,1.,0.86602540378444,1.,3.155404636624,        1673P   5593
-1.9215390309174,-10.746321304482,3.4934837048337,                  1673P   5594
-2.6143593539449,-11.89771287282,3.4934837048337,-4.,               1673P   5595
-11.89771287282,-1.0471975511966,1.79861998583060E-015,             1673P   5596
-0.9594929736145,0.,-0.28173255684143;                              1673P   5597
126,2,2,1,0,0,0,1.79861998583060E-015,1.79861998583060E-015,        1675P   5598
1.79861998583060E-015,1.0471975511966,1.0471975511966,              1675P   5599
1.0471975511966,1.,0.86602540378444,1.,3.4934837048337,-4.,         1675P   5600
-11.89771287282,3.4934837048337,-5.3856406460551,                   1675P   5601
-11.89771287282,3.155404636624,-6.0784609690827,                    1675P   5602
-10.746321304482,1.79861998583060E-015,1.0471975511966,             1675P   5603
-0.9594929736145,0.,-0.28173255684143;                              1675P   5604
141,0,1,1663,6,1665,1,0,1667,1,0,1669,1,0,1671,1,0,1673,1,0,        1677P   5605
1675,1,0;                                                           1677P   5606
143,0,1663,1,1677;                                                  1679P   5607
128,4,8,2,2,0,1,0,0,1,-1.5707963267949,-1.5707963267949,            1681P   5608
-1.5707963267949,0.,0.,1.5707963267949,1.5707963267949,             1681P   5609
1.5707963267949,0.,0.,0.,1.5707963267949,1.5707963267949,           1681P   5610
3.1415926535898,3.1415926535898,4.7123889803847,                    1681P   5611
4.7123889803847,6.2831853071796,6.2831853071796,                    1681P   5612
6.2831853071796,1.,0.70710678118655,1.,0.70710678118655,1.,         1681P   5613
0.70710678118655,0.5,0.70710678118655,0.5,0.70710678118655,1.,      1681P   5614
0.70710678118655,1.,0.70710678118655,1.,0.70710678118655,0.5,       1681P   5615
0.70710678118655,0.5,0.70710678118655,1.,0.70710678118655,1.,       1681P   5616
0.70710678118655,1.,0.70710678118655,0.5,0.70710678118655,0.5,      1681P   5617
0.70710678118655,1.,0.70710678118655,1.,0.70710678118655,1.,        1681P   5618
0.70710678118655,0.5,0.70710678118655,0.5,0.70710678118655,1.,      1681P   5619
0.70710678118655,1.,0.70710678118655,1.,7.5226429582951,-4.,        1681P   5620
-1.081592770877,7.5226429582951,-1.6,-1.081592770877,               1681P   5621
9.8982144188093,-1.6,-1.4231483827329,12.273785879324,-1.6,         1681P   5622
-1.7647039945888,12.273785879324,-4.,-1.7647039945888,              1681P   5623
7.5226429582951,-4.,-1.081592770877,7.1810873464392,-1.6,           1681P   5624
-3.4571642313912,9.5566588069534,-1.6,-3.7987198432471,             1681P   5625
11.932230267468,-1.6,-4.140275455103,12.273785879324,-4.,           1681P   5626
-1.7647039945888,7.5226429582951,-4.,-1.081592770877,               1681P   5627
7.1810873464392,-4.,-3.4571642313912,9.5566588069534,-4.,           1681P   5628
-3.7987198432471,11.932230267468,-4.,-4.140275455103,               1681P   5629
12.273785879324,-4.,-1.7647039945888,7.5226429582951,-4.,           1681P   5630
-1.081592770877,7.1810873464392,-6.4,-3.4571642313912,              1681P   5631
9.5566588069534,-6.4,-3.7987198432471,11.932230267468,-6.4,         1681P   5632
-4.140275455103,12.273785879324,-4.,-1.7647039945888,               1681P   5633
7.5226429582951,-4.,-1.081592770877,7.5226429582951,-6.4,           1681P   5634
-1.081592770877,9.8982144188093,-6.4,-1.4231483827329,              1681P   5635
12.273785879324,-6.4,-1.7647039945888,12.273785879324,-4.,          1681P   5636
-1.7647039945888,7.5226429582951,-4.,-1.081592770877,               1681P   5637
7.864198570151,-6.4,1.2939786896373,10.239770030665,-6.4,           1681P   5638
0.95242307778137,12.615341491179,-6.4,0.61086746592548,             1681P   5639
12.273785879324,-4.,-1.7647039945888,7.5226429582951,-4.,           1681P   5640
-1.081592770877,7.864198570151,-4.,1.2939786896373,                 1681P   5641
10.239770030665,-4.,0.95242307778137,12.615341491179,-4.,           1681P   5642
0.61086746592548,12.273785879324,-4.,-1.7647039945888,              1681P   5643
7.5226429582951,-4.,-1.081592770877,7.864198570151,-1.6,            1681P   5644
1.2939786896373,10.239770030665,-1.6,0.95242307778137,              1681P   5645
12.615341491179,-1.6,0.61086746592548,12.273785879324,-4.,          1681P   5646
-1.7647039945888,7.5226429582951,-4.,-1.081592770877,               1681P   5647
7.5226429582951,-1.6,-1.081592770877,9.8982144188093,-1.6,          1681P   5648
-1.4231483827329,12.273785879324,-1.6,-1.7647039945888,             1681P   5649
12.273785879324,-4.,-1.7647039945888,-1.5707963267949,              1681P   5650
1.5707963267949,0.,6.2831853071796;                                 1681P   5651
126,2,2,1,0,0,0,-0.5235987755983,-0.5235987755983,                  1683P   5652
-0.5235987755983,0.5235987755983,0.5235987755983,                   1683P   5653
0.5235987755983,1.,0.86602540378444,1.,11.086000149066,             1683P   5654
-1.9215390309174,-1.5939261886608,9.8982144188093,                  1683P   5655
-1.2287187078898,-1.4231483827329,8.7104286885522,                  1683P   5656
-1.9215390309173,-1.2523705768049,-0.5235987755983,                 1683P   5657
0.5235987755983,0.14231483827329,0.,0.98982144188093;               1683P   5658
126,2,2,1,0,0,0,-4.1887902047864,-4.1887902047864,                  1685P   5659
-4.1887902047864,-3.1415926535898,-3.1415926535898,                 1685P   5660
-3.1415926535898,1.,0.86602540378444,1.,8.7104286885522,            1685P   5661
-1.9215390309173,-1.2523705768049,7.5226429582951,                  1685P   5662
-2.6143593539449,-1.081592770877,7.5226429582951,-4.,               1685P   5663
-1.081592770877,-4.1887902047864,-3.1415926535898,                  1685P   5664
0.14231483827329,0.,0.98982144188093;                               1685P   5665
126,2,2,1,0,0,0,-3.1415926535898,-3.1415926535898,                  1687P   5666
-3.1415926535898,-2.0943951023932,-2.0943951023932,                 1687P   5667
-2.0943951023932,1.,0.86602540378444,1.,7.5226429582951,-4.,        1687P   5668
-1.081592770877,7.5226429582951,-5.3856406460551,                   1687P   5669
-1.081592770877,8.7104286885522,-6.0784609690827,                   1687P   5670
-1.2523705768049,-3.1415926535898,-2.0943951023932,                 1687P   5671
0.14231483827329,0.,0.98982144188093;                               1687P   5672
126,2,2,1,0,0,0,2.6179938779915,2.6179938779915,                    1689P   5673
2.6179938779915,3.6651914291881,3.6651914291881,                    1689P   5674
3.6651914291881,1.,0.86602540378444,1.,8.7104286885522,             1689P   5675
-6.0784609690827,-1.2523705768049,9.8982144188093,                  1689P   5676
-6.7712812921102,-1.4231483827329,11.086000149066,                  1689P   5677
-6.0784609690827,-1.5939261886608,2.6179938779915,                  1689P   5678
3.6651914291881,0.14231483827329,0.,0.98982144188093;               1689P   5679
126,2,2,1,0,0,0,-1.0471975511966,-1.0471975511966,                  1691P   5680
-1.0471975511966,-1.66855046367704E-015,-1.66855046367704E-015,     1691P   5681
-1.66855046367704E-015,1.,0.86602540378444,1.,11.086000149066,      1691P   5682
-6.0784609690827,-1.5939261886608,12.273785879324,                  1691P   5683
-5.3856406460551,-1.7647039945888,12.273785879324,-4.,              1691P   5684
-1.7647039945888,-1.0471975511966,-1.66855046367704E-015,           1691P   5685
0.14231483827329,0.,0.98982144188093;                               1691P   5686
126,2,2,1,0,0,0,-1.77635683940025E-015,-1.77635683940025E-015,      1693P   5687
-1.77635683940025E-015,1.0471975511966,1.0471975511966,             1693P   5688
1.0471975511966,1.,0.86602540378444,1.,12.273785879324,-4.,         1693P   5689
-1.7647039945888,12.273785879324,-2.6143593539449,                  1693P   5690
-1.7647039945888,11.086000149066,-1.9215390309174,                  1693P   5691
-1.5939261886608,-1.66855046367704E-015,1.0471975511966,            1693P   5692
0.14231483827329,0.,0.98982144188093;                               1693P   5693
141,0,1,1681,6,1683,1,0,1685,1,0,1687,1,0,1689,1,0,1691,1,0,        1695P   5694
1693,1,0;                                                           1695P   5695
143,0,1681,1,1695;                                                  1697P   5696
128,4,8,2,2,0,1,0,0,1,-1.5707963267949,-1.5707963267949,            1699P   5697
-1.5707963267949,0.,0.,1.5707963267949,1.5707963267949,             1699P   5698
1.5707963267949,0.,0.,0.,1.5707963267949,1.5707963267949,           1699P   5699
3.1415926535898,3.1415926535898,4.7123889803847,                    1699P   5700
4.7123889803847,6.2831853071796,6.2831853071796,                    1699P   5701
6.2831853071796,1.,0.70710678118655,1.,0.70710678118655,1.,         1699P   5702
0.70710678118655,0.5,0.70710678118655,0.5,0.70710678118655,1.,      1699P   5703
0.70710678118655,1.,0.70710678118655,1.,0.70710678118655,0.5,       1699P   5704
0.70710678118655,0.5,0.70710678118655,1.,0.70710678118655,1.,       1699P   5705
0.70710678118655,1.,0.70710678118655,0.5,0.70710678118655,0.5,      1699P   5706
0.70710678118655,1.,0.70710678118655,1.,0.70710678118655,1.,        1699P   5707
0.70710678118655,0.5,0.70710678118655,0.5,0.70710678118655,1.,      1699P   5708
0.70710678118655,1.,0.70710678118655,1.,4.1088702126626,-4.,        1699P   5709
6.393526849517,4.1088702126626,-1.6,6.393526849517,                 1699P   5710
5.406408174556,-1.6,8.4125353283118,6.7039461364494,-1.6,           1699P   5711
10.431543807107,6.7039461364494,-4.,10.431543807107,                1699P   5712
4.1088702126626,-4.,6.393526849517,6.1278786914574,-1.6,            1699P   5713
5.0959888876235,7.4254166533508,-1.6,7.1149973664184,               1699P   5714
8.7229546152443,-1.6,9.1340058452132,6.7039461364494,-4.,           1699P   5715
10.431543807107,4.1088702126626,-4.,6.393526849517,                 1699P   5716
6.1278786914574,-4.,5.0959888876235,7.4254166533508,-4.,            1699P   5717
7.1149973664184,8.7229546152443,-4.,9.1340058452132,                1699P   5718
6.7039461364494,-4.,10.431543807107,4.1088702126626,-4.,            1699P   5719
6.393526849517,6.1278786914574,-6.4,5.0959888876235,                1699P   5720
7.4254166533508,-6.4,7.1149973664184,8.7229546152443,-6.4,          1699P   5721
9.1340058452132,6.7039461364494,-4.,10.431543807107,                1699P   5722
4.1088702126626,-4.,6.393526849517,4.1088702126626,-6.4,            1699P   5723
6.393526849517,5.406408174556,-6.4,8.4125353283118,                 1699P   5724
6.7039461364494,-6.4,10.431543807107,6.7039461364494,-4.,           1699P   5725
10.431543807107,4.1088702126626,-4.,6.393526849517,                 1699P   5726
2.0898617338677,-6.4,7.6910648114104,3.3873996957612,-6.4,          1699P   5727
9.7100732902052,4.6849376576546,-6.4,11.729081769,                  1699P   5728
6.7039461364494,-4.,10.431543807107,4.1088702126626,-4.,            1699P   5729
6.393526849517,2.0898617338677,-4.,7.6910648114104,                 1699P   5730
3.3873996957612,-4.,9.7100732902052,4.6849376576546,-4.,            1699P   5731
11.729081769,6.7039461364494,-4.,10.431543807107,                   1699P   5732
4.1088702126626,-4.,6.393526849517,2.0898617338677,-1.6,            1699P   5733
7.6910648114104,3.3873996957612,-1.6,9.7100732902052,               1699P   5734
4.6849376576546,-1.6,11.729081769,6.7039461364494,-4.,              1699P   5735
10.431543807107,4.1088702126626,-4.,6.393526849517,                 1699P   5736
4.1088702126626,-1.6,6.393526849517,5.406408174556,-1.6,            1699P   5737
8.4125353283118,6.7039461364494,-1.6,10.431543807107,               1699P   5738
6.7039461364494,-4.,10.431543807107,-1.5707963267949,               1699P   5739
1.5707963267949,0.,6.2831853071796;                                 1699P   5740
126,2,2,1,0,0,0,-0.5235987755983,-0.5235987755983,                  1701P   5741
-0.5235987755983,0.5235987755983,0.5235987755983,                   1701P   5742
0.5235987755983,1.,0.86602540378444,1.,6.0551771555027,             1701P   5743
-1.9215390309174,9.4220395677092,5.406408174556,                    1701P   5744
-1.2287187078898,8.4125353283118,4.7576391936093,                   1701P   5745
-1.9215390309173,7.4030310889144,-0.5235987755983,                  1701P   5746
0.5235987755983,-0.84125353283118,0.,0.5406408174556;               1701P   5747
126,2,2,1,0,0,0,-4.1887902047864,-4.1887902047864,                  1703P   5748
-4.1887902047864,-3.1415926535898,-3.1415926535898,                 1703P   5749
-3.1415926535898,1.,0.86602540378444,1.,4.7576391936093,            1703P   5750
-1.9215390309173,7.4030310889144,4.1088702126626,                   1703P   5751
-2.6143593539449,6.393526849517,4.1088702126626,-4.,                1703P   5752
6.393526849517,-4.1887902047864,-3.1415926535898,                   1703P   5753
-0.84125353283118,0.,0.5406408174556;                               1703P   5754
126,2,2,1,0,0,0,-3.1415926535898,-3.1415926535898,                  1705P   5755
-3.1415926535898,-2.0943951023932,-2.0943951023932,                 1705P   5756
-2.0943951023932,1.,0.86602540378444,1.,4.1088702126626,-4.,        1705P   5757
6.393526849517,4.1088702126626,-5.3856406460551,6.393526849517,     1705P   5758
4.7576391936093,-6.0784609690827,7.4030310889144,                   1705P   5759
-3.1415926535898,-2.0943951023932,-0.84125353283118,0.,             1705P   5760
0.5406408174556;                                                    1705P   5761
126,2,2,1,0,0,0,2.6179938779915,2.6179938779915,                    1707P   5762
2.6179938779915,3.6651914291881,3.6651914291881,                    1707P   5763
3.6651914291881,1.,0.86602540378444,1.,4.7576391936093,             1707P   5764
-6.0784609690827,7.4030310889144,5.406408174556,                    1707P   5765
-6.7712812921102,8.4125353283118,6.0551771555027,                   1707P   5766
-6.0784609690827,9.4220395677092,2.6179938779915,                   1707P   5767
3.6651914291881,-0.84125353283118,0.,0.5406408174556;               1707P   5768
126,2,2,1,0,0,0,-1.0471975511966,-1.0471975511966,                  1709P   5769
-1.0471975511966,-1.93609805145068E-015,-1.93609805145068E-015,     1709P   5770
-1.93609805145068E-015,1.,0.86602540378444,1.,6.0551771555027,      1709P   5771
-6.0784609690827,9.4220395677092,6.7039461364494,                   1709P   5772
-5.3856406460551,10.431543807107,6.7039461364494,-4.,               1709P   5773
10.431543807107,-1.0471975511966,-1.93609805145068E-015,            1709P   5774
-0.84125353283118,0.,0.5406408174556;                               1709P   5775
126,2,2,1,0,0,0,-1.99840144432528E-015,-1.99840144432528E-015,      1711P   5776
-1.99840144432528E-015,1.0471975511966,1.0471975511966,             1711P   5777
1.0471975511966,1.,0.86602540378444,1.,6.7039461364494,-4.,         1711P   5778
10.431543807107,6.7039461364494,-2.6143593539449,                   1711P   5779
10.431543807107,6.0551771555027,-1.9215390309174,                   1711P   5780
9.4220395677092,-1.93609805145068E-015,1.0471975511966,             1711P   5781
-0.84125353283118,0.,0.5406408174556;                               1711P   5782
141,0,1,1699,6,1701,1,0,1703,1,0,1705,1,0,1707,1,0,1709,1,0,        1713P   5783
1711,1,0;                                                           1713P   5784
143,0,1699,1,1713;                                                  1715P   5785
128,1,8,1,2,0,1,0,0,1,-0.045749362983554,-0.045749362983554,        1717P   5786
0.045749362983554,0.045749362983554,0.,0.,0.,13.562255485547,       1717P   5787
13.562255485547,27.124510971094,27.124510971094,                    1717P   5788
40.686766456641,40.686766456641,54.249021942189,                    1717P   5789
54.249021942189,54.249021942189,1.,1.,0.70710678118655,             1717P   5790
0.70710678118655,1.,1.,0.70710678118655,0.70710678118655,1.,1.,     1717P   5791
0.70710678118655,0.70710678118655,1.,1.,0.70710678118655,           1717P   5792
0.70710678118655,1.,1.,0.,-7.21,-8.634,0.,-8.,-8.634,8.634,         1717P   5793
-7.21,-8.634,8.634,-8.,-8.634,8.634,-7.21,                          1717P   5794
1.58598768883536E-015,8.634,-8.,1.58598768883536E-015,8.634,        1717P   5795
-7.21,8.634,8.634,-8.,8.634,-2.81365555854229E-015,-7.21,8.634,     1717P   5796
-3.05551531342221E-015,-8.,8.634,-8.634,-7.21,8.634,-8.634,-8.,     1717P   5797
8.634,-8.634,-7.21,-1.58598768883536E-015,-8.634,-8.,               1717P   5798
-1.58598768883536E-015,-8.634,-7.21,-8.634,-8.634,-8.,-8.634,       1717P   5799
0.,-7.21,-8.634,0.,-8.,-8.634,-0.045749362983554,                   1717P   5800
0.045749362983554,0.,54.249021942189;                               1717P   5801
126,1,1,0,0,1,0,-0.395,-0.395,0.395,0.395,1.,1.,0.,-7.21,8.634,     1719P   5802
0.,-8.,8.634,-0.395,0.395,0.,0.,1.;                                 1719P   5803
126,4,2,1,0,0,0,0.,0.,0.,1.5707963267949,1.5707963267949,           1721P   5804
3.1415926535898,3.1415926535898,3.1415926535898,1.,                 1721P   5805
0.70710678118655,1.,0.70710678118655,1.,-1.99819018753197E-015,     1721P   5806
-8.,8.634,-8.634,-8.,8.634,-8.634,-8.,0.,-8.634,-8.,-8.634,         1721P   5807
-1.99819018753197E-015,-8.,-8.634,0.,3.1415926535898,0.,-1.,0.;     1721P   5808
126,1,1,0,0,1,0,-0.395,-0.395,0.395,0.395,1.,1.,                    1723P   5809
-1.99819018753197E-015,-8.,-8.634,-1.75633043265205E-015,-7.21,     1723P   5810
-8.634,-0.395,0.395,0.,0.,1.;                                       1723P   5811
126,4,2,1,0,0,0,-3.1415926535898,-3.1415926535898,                  1725P   5812
-3.1415926535898,-1.5707963267949,-1.5707963267949,0.,0.,0.,1.,     1725P   5813
0.70710678118655,1.,0.70710678118655,1.,-1.75633043265205E-015,     1725P   5814
-7.21,-8.634,-8.634,-7.21,-8.634,-8.634,-7.21,0.,-8.634,-7.21,      1725P   5815
8.634,-1.75633043265205E-015,-7.21,8.634,-3.1415926535898,0.,       1725P   5816
0.,1.,0.;                                                           1725P   5817
141,0,1,1717,4,1719,1,0,1721,1,0,1723,1,0,1725,1,0;                 1727P   5818
143,0,1717,1,1727;                                                  1729P   5819
128,1,1,1,1,0,0,1,0,0,0.,0.,22.848,22.848,0.,0.,22.848,22.848,      1731P   5820
1.,1.,1.,1.,11.424,-7.21,11.424,11.424,-7.21,-11.424,-11.424,       1731P   5821
-7.21,11.424,-11.424,-7.21,-11.424,0.,22.848,0.,22.848;             1731P   5822
126,4,2,1,0,0,0,-3.1415926535898,-3.1415926535898,                  1733P   5823
-3.1415926535898,-1.5707963267949,-1.5707963267949,0.,0.,0.,1.,     1733P   5824
0.70710678118655,1.,0.70710678118655,1.,-1.92716301901027E-015,     1733P   5825
-7.21,-11.424,-11.424,-7.21,-11.424,-11.424,-7.21,0.,-11.424,       1733P   5826
-7.21,11.424,-1.92716301901027E-015,-7.21,11.424,                   1733P   5827
-3.1415926535898,0.,0.,1.,0.;                                       1733P   5828
126,4,2,1,0,0,0,0.,0.,0.,1.5707963267949,1.5707963267949,           1735P   5829
3.1415926535898,3.1415926535898,3.1415926535898,1.,                 1735P   5830
0.70710678118655,1.,0.70710678118655,1.,-1.92716301901027E-015,     1735P   5831
-7.21,11.424,11.424,-7.21,11.424,11.424,-7.21,                      1735P   5832
1.39899029860668E-015,11.424,-7.21,-11.424,0.,-7.21,-11.424,0.,     1735P   5833
3.1415926535898,0.,1.,0.;                                           1735P   5834
141,0,1,1731,2,1733,1,0,1735,1,0;                                   1737P   5835
126,4,2,1,0,0,0,0.,0.,0.,1.5707963267949,1.5707963267949,           1739P   5836
3.1415926535898,3.1415926535898,3.1415926535898,1.,                 1739P   5837
0.70710678118655,1.,0.70710678118655,1.,-1.75633043265205E-015,     1739P   5838
-7.21,8.634,-8.634,-7.21,8.634,-8.634,-7.21,0.,-8.634,-7.21,        1739P   5839
-8.634,-1.75633043265205E-015,-7.21,-8.634,0.,3.1415926535898,      1739P   5840
0.,-1.,0.;                                                          1739P   5841
126,4,2,1,0,0,0,-3.1415926535898,-3.1415926535898,                  1741P   5842
-3.1415926535898,-1.5707963267949,-1.5707963267949,0.,0.,0.,1.,     1741P   5843
0.70710678118655,1.,0.70710678118655,1.,0.,-7.21,-8.634,8.634,      1741P   5844
-7.21,-8.634,8.634,-7.21,1.05732512589024E-015,8.634,-7.21,         1741P   5845
8.634,-1.75633043265205E-015,-7.21,8.634,-3.1415926535898,0.,       1741P   5846
0.,-1.,0.;                                                          1741P   5847
141,0,1,1731,2,1739,1,0,1741,1,0;                                   1743P   5848
143,0,1731,2,1737,1743;                                             1745P   5849
128,1,8,1,2,0,1,0,0,1,-0.024558878320666,-0.024558878320666,        1747P   5850
0.024558878320666,0.024558878320666,0.,0.,0.,17.63847195358,        1747P   5851
17.63847195358,35.27694390716,35.27694390716,52.91541586074,        1747P   5852
52.91541586074,70.55388781432,70.55388781432,70.55388781432,1.,     1747P   5853
1.,0.70710678118655,0.70710678118655,1.,1.,0.70710678118655,        1747P   5854
0.70710678118655,1.,1.,0.70710678118655,0.70710678118655,1.,1.,     1747P   5855
0.70710678118655,0.70710678118655,1.,1.,0.,-8.,-11.034,0.,          1747P   5856
-7.61,-11.424,11.034,-8.,-11.034,11.424,-7.61,-11.424,11.034,       1747P   5857
-8.,2.02684597621142E-015,11.424,-7.61,2.09848544791003E-015,       1747P   5858
11.034,-8.,11.034,11.424,-7.61,11.424,-3.49637360079827E-015,       1747P   5859
-8.,11.034,-3.44861395299920E-015,-7.61,11.424,-11.034,-8.,         1747P   5860
11.034,-11.424,-7.61,11.424,-11.034,-8.,-2.02684597621142E-015,     1747P   5861
-11.424,-7.61,-2.09848544791003E-015,-11.034,-8.,-11.034,           1747P   5862
-11.424,-7.61,-11.424,0.,-8.,-11.034,0.,-7.61,-11.424,              1747P   5863
-0.024558878320666,0.024558878320666,0.,70.55388781432;             1747P   5864
126,1,1,0,0,1,0,-0.27577164466275,-0.27577164466275,                1749P   5865
0.27577164466275,0.27577164466275,1.,1.,0.,-7.61,11.424,0.,-8.,     1749P   5866
11.034,-0.27577164466275,0.27577164466275,0.,0.,1.;                 1749P   5867
126,4,2,1,0,0,0,0.,0.,0.,1.5707963267949,1.5707963267949,           1751P   5868
3.1415926535898,3.1415926535898,3.1415926535898,1.,                 1751P   5869
0.70710678118655,1.,0.70710678118655,1.,-2.14514294999066E-015,     1751P   5870
-8.,11.034,11.034,-8.,11.034,11.034,-8.,1.35123065080761E-015,      1751P   5871
11.034,-8.,-11.034,0.,-8.,-11.034,0.,3.1415926535898,0.,1.,0.;      1751P   5872
126,1,1,0,0,1,0,-0.27577164466275,-0.27577164466275,                1753P   5873
0.27577164466275,0.27577164466275,1.,1.,-2.14514294999066E-015,     1753P   5874
-8.,-11.034,-2.04962365439251E-015,-7.61,-11.424,                   1753P   5875
-0.27577164466275,0.27577164466275,0.,0.,1.;                        1753P   5876
126,4,2,1,0,0,0,-3.1415926535898,-3.1415926535898,                  1755P   5877
-3.1415926535898,-1.5707963267949,-1.5707963267949,0.,0.,0.,1.,     1755P   5878
0.70710678118655,1.,0.70710678118655,1.,0.,-7.61,-11.424,           1755P   5879
11.424,-7.61,-11.424,11.424,-7.61,1.39899029860668E-015,11.424,     1755P   5880
-7.61,11.424,-2.04962365439251E-015,-7.61,11.424,                   1755P   5881
-3.1415926535898,0.,0.,-1.,0.;                                      1755P   5882
141,0,1,1747,4,1749,1,0,1751,1,0,1753,1,0,1755,1,0;                 1757P   5883
143,0,1747,1,1757;                                                  1759P   5884
128,1,1,1,1,0,0,1,0,0,0.,0.,22.068,22.068,0.,0.,22.068,22.068,      1761P   5885
1.,1.,1.,1.,11.034,-8.,-11.034,11.034,-8.,11.034,-11.034,-8.,       1761P   5886
-11.034,-11.034,-8.,11.034,0.,22.068,0.,22.068;                     1761P   5887
126,4,2,1,0,0,0,-3.1415926535898,-3.1415926535898,                  1763P   5888
-3.1415926535898,-1.5707963267949,-1.5707963267949,0.,0.,0.,1.,     1763P   5889
0.70710678118655,1.,0.70710678118655,1.,-1.99819018753197E-015,     1763P   5890
-8.,-8.634,-8.634,-8.,-8.634,-8.634,-8.,0.,-8.634,-8.,8.634,        1763P   5891
-1.99819018753197E-015,-8.,8.634,-3.1415926535898,0.,0.,1.,0.;      1763P   5892
126,4,2,1,0,0,0,0.,0.,0.,1.5707963267949,1.5707963267949,           1765P   5893
3.1415926535898,3.1415926535898,3.1415926535898,1.,                 1765P   5894
0.70710678118655,1.,0.70710678118655,1.,-1.99819018753197E-015,     1765P   5895
-8.,8.634,8.634,-8.,8.634,8.634,-8.,1.05732512589024E-015,          1765P   5896
8.634,-8.,-8.634,0.,-8.,-8.634,0.,3.1415926535898,0.,1.,0.;         1765P   5897
141,0,1,1761,2,1763,1,0,1765,1,0;                                   1767P   5898
126,4,2,1,0,0,0,0.,0.,0.,1.5707963267949,1.5707963267949,           1769P   5899
3.1415926535898,3.1415926535898,3.1415926535898,1.,                 1769P   5900
0.70710678118655,1.,0.70710678118655,1.,-2.14514294999066E-015,     1769P   5901
-8.,11.034,-11.034,-8.,11.034,-11.034,-8.,0.,-11.034,-8.,           1769P   5902
-11.034,-2.14514294999066E-015,-8.,-11.034,0.,3.1415926535898,      1769P   5903
0.,-1.,0.;                                                          1769P   5904
126,4,2,1,0,0,0,-3.1415926535898,-3.1415926535898,                  1771P   5905
-3.1415926535898,-1.5707963267949,-1.5707963267949,0.,0.,0.,1.,     1771P   5906
0.70710678118655,1.,0.70710678118655,1.,0.,-8.,-11.034,11.034,      1771P   5907
-8.,-11.034,11.034,-8.,1.35123065080761E-015,11.034,-8.,11.034,     1771P   5908
-2.14514294999066E-015,-8.,11.034,-3.1415926535898,0.,0.,-1.,       1771P   5909
0.;                                                                 1771P   5910
141,0,1,1761,2,1769,1,0,1771,1,0;                                   1773P   5911
143,0,1761,2,1767,1773;                                             1775P   5912
S      1G      4D   1776P   5912                                        T      1
